t,Date,DOY,hour,air_temperature,PARi,soil_temperature,humidity,ambient_CO2,Wind,mineral_N_fertilization_rate
0,17/12/1998,347,12,5.2,516.2222222,5.84,0.95,360,2.9,0
1,17/12/1998,347,13,5.6,549.8888889,6.264,0.88,360,2.9,0
2,17/12/1998,347,14,4.8,392.7777778,5.415,0.92,360,2.9,0
3,17/12/1998,347,15,3.6,157.1111111,6.223,0.95,360,2.9,0
4,17/12/1998,347,16,3.5,22.44444444,5.957,0.96,360,2.9,0
5,17/12/1998,347,17,3.6,0,5.733,0.97,360,2.9,0
6,17/12/1998,347,18,3.7,0,5.59,0.98,360,2.9,0
7,17/12/1998,347,19,3.9,0,5.511,0.99,360,2.9,0
8,17/12/1998,347,20,3.9,0,5.48,0.99,360,2.9,0
9,17/12/1998,347,21,4.4,0,5.455,0.99,360,2.9,0
10,17/12/1998,347,22,4.7,0,5.45,0.99,360,2.9,0
11,17/12/1998,347,23,4.4,0,5.466,0.99,360,2.9,0
12,17/12/1998,347,24,4.3,0,5.445,0.98,360,4.6,0
13,18/12/1998,348,1,4.5,0,5.385,0.96,360,4.6,0
14,18/12/1998,348,2,4.5,0,5.346,0.96,360,4.6,0
15,18/12/1998,348,3,5.1,0,5.347,0.96,360,4.6,0
16,18/12/1998,348,4,5.5,0,5.401,0.95,360,4.6,0
17,18/12/1998,348,5,5.8,0,5.489,0.95,360,4.6,0
18,18/12/1998,348,6,6.2,0,5.6,0.94,360,4.6,0
19,18/12/1998,348,7,6.6,0,5.712,0.94,360,4.6,0
20,18/12/1998,348,8,7.1,0,5.84,0.93,360,4.6,0
21,18/12/1998,348,9,7.2,11.22222222,6.001,0.95,360,4.6,0
22,18/12/1998,348,10,7.7,33.66666667,6.203,0.95,360,4.6,0
23,18/12/1998,348,11,7.6,33.66666667,6.433,0.95,360,4.6,0
24,18/12/1998,348,12,7.7,22.44444444,6.626,0.95,360,4.6,0
25,18/12/1998,348,13,7.9,44.88888889,6.773,0.96,360,4.6,0
26,18/12/1998,348,14,8.3,56.11111111,6.931,0.95,360,4.6,0
27,18/12/1998,348,15,8.4,33.66666667,7.14,0.96,360,4.6,0
28,18/12/1998,348,16,8.8,11.22222222,7.305,0.96,360,4.6,0
29,18/12/1998,348,17,9.1,0,7.425,0.95,360,4.6,0
30,18/12/1998,348,18,9.2,0,7.5,0.95,360,4.6,0
31,18/12/1998,348,19,9.1,0,7.57,0.92,360,4.6,0
32,18/12/1998,348,20,9.4,0,7.535,0.9,360,4.6,0
33,18/12/1998,348,21,8.9,0,7.59,0.88,360,4.6,0
34,18/12/1998,348,22,8.8,0,7.52,0.85,360,4.6,0
35,18/12/1998,348,23,8.8,0,7.365,0.87,360,4.6,0
36,18/12/1998,348,24,8.8,0,7.43,0.91,360,5.2,0
37,19/12/1998,349,1,8.8,0,7.53,0.84,360,5.2,0
38,19/12/1998,349,2,8.5,0,7.465,0.78,360,5.2,0
39,19/12/1998,349,3,7.8,0,7.16,0.84,360,5.2,0
40,19/12/1998,349,4,8.5,0,7.015,0.82,360,5.2,0
41,19/12/1998,349,5,7.9,0,7.035,0.82,360,5.2,0
42,19/12/1998,349,6,7.2,0,6.996,0.88,360,5.2,0
43,19/12/1998,349,7,6.6,0,6.928,0.86,360,5.2,0
44,19/12/1998,349,8,6.1,0,6.727,0.86,360,5.2,0
45,19/12/1998,349,9,6.6,157.1111111,6.381,0.83,360,5.2,0
46,19/12/1998,349,10,7.2,359.1111111,6.25,0.79,360,5.2,0
47,19/12/1998,349,11,7.5,370.3333333,6.452,0.79,360,5.2,0
48,19/12/1998,349,12,8.6,594.7777778,6.756,0.71,360,5.2,0
49,19/12/1998,349,13,8.8,493.7777778,7.075,0.7,360,5.2,0
50,19/12/1998,349,14,8.5,314.2222222,7.195,0.71,360,5.2,0
51,19/12/1998,349,15,8,213.2222222,7.135,0.7,360,5.2,0
52,19/12/1998,349,16,7.5,11.22222222,7.038,0.72,360,5.2,0
53,19/12/1998,349,17,6.5,0,6.736,0.78,360,5.2,0
54,19/12/1998,349,18,5.8,0,6.371,0.82,360,5.2,0
55,19/12/1998,349,19,5.2,0,6.143,0.89,360,5.2,0
56,19/12/1998,349,20,5.6,0,5.922,0.88,360,5.2,0
57,19/12/1998,349,21,5.7,0,5.792,0.87,360,5.2,0
58,19/12/1998,349,22,5.7,0,5.711,0.87,360,5.2,0
59,19/12/1998,349,23,5.1,0,5.686,0.9,360,5.2,0
60,19/12/1998,349,24,4.6,0,5.675,0.92,360,4.2,0
61,20/12/1998,350,1,4.3,0,5.621,0.93,360,4.2,0
62,20/12/1998,350,2,4.1,0,5.535,0.93,360,4.2,0
63,20/12/1998,350,3,4,0,5.433,0.94,360,4.2,0
64,20/12/1998,350,4,4,0,5.351,0.95,360,4.2,0
65,20/12/1998,350,5,3.8,0,5.298,0.95,360,4.2,0
66,20/12/1998,350,6,3.9,0,5.246,0.95,360,4.2,0
67,20/12/1998,350,7,3.6,0,5.174,0.94,360,4.2,0
68,20/12/1998,350,8,3.6,0,5.087,0.94,360,4.2,0
69,20/12/1998,350,9,3.6,22.44444444,4.998,0.94,360,4.2,0
70,20/12/1998,350,10,3.6,44.88888889,4.948,0.94,360,4.2,0
71,20/12/1998,350,11,4.1,101,4.967,0.94,360,4.2,0
72,20/12/1998,350,12,4.4,123.4444444,5.114,0.92,360,4.2,0
73,20/12/1998,350,13,4.5,145.8888889,5.328,0.88,360,4.2,0
74,20/12/1998,350,14,4.6,123.4444444,5.435,0.86,360,4.2,0
75,20/12/1998,350,15,4.4,112.2222222,5.442,0.83,360,4.2,0
76,20/12/1998,350,16,4.1,56.11111111,5.256,0.81,360,4.2,0
77,20/12/1998,350,17,3.3,0,4.898,0.82,360,4.2,0
78,20/12/1998,350,18,2.7,0,4.395,0.83,360,4.2,0
79,20/12/1998,350,19,1.8,0,3.926,0.85,360,4.2,0
80,20/12/1998,350,20,1.6,0,3.537,0.88,360,4.2,0
81,20/12/1998,350,21,1.5,0,3.16,0.89,360,4.2,0
82,20/12/1998,350,22,0.9,0,2.847,0.91,360,4.2,0
83,20/12/1998,350,23,1,0,2.605,0.92,360,4.2,0
84,20/12/1998,350,24,1.1,0,2.494,0.93,360,1.4,0
85,21/12/1998,351,1,0.5,0,2.457,0.93,360,1.4,0
86,21/12/1998,351,2,0.7,0,2.403,0.94,360,1.4,0
87,21/12/1998,351,3,0.6,0,2.354,0.95,360,1.4,0
88,21/12/1998,351,4,-0.3,0,2.303,0.96,360,1.4,0
89,21/12/1998,351,5,-0.8,0,2.241,0.97,360,1.4,0
90,21/12/1998,351,6,0,0,2.179,0.97,360,1.4,0
91,21/12/1998,351,7,-0.7,0,2.143,0.97,360,1.4,0
92,21/12/1998,351,8,-1,11.22222222,2.07,0.98,360,1.4,0
93,21/12/1998,351,9,-0.1,145.8888889,1.988,0.97,360,1.4,0
94,21/12/1998,351,10,1.3,392.7777778,1.932,0.97,360,1.4,0
95,21/12/1998,351,11,2.1,505,1.921,0.93,360,1.4,0
96,21/12/1998,351,12,3.2,594.7777778,2.044,0.83,360,1.4,0
97,21/12/1998,351,13,3.2,460.1111111,2.516,0.75,360,1.4,0
98,21/12/1998,351,14,3.7,291.7777778,2.926,0.75,360,1.4,0
99,21/12/1998,351,15,3.2,224.4444444,3.189,0.73,360,1.4,0
100,21/12/1998,351,16,2.4,33.66666667,3.181,0.78,360,1.4,0
101,21/12/1998,351,17,1.7,0,2.891,0.79,360,1.4,0
102,21/12/1998,351,18,1.3,0,2.601,0.83,360,1.4,0
103,21/12/1998,351,19,1.1,0,2.25,0.87,360,1.4,0
104,21/12/1998,351,20,1.3,0,2.098,0.81,360,1.4,0
105,21/12/1998,351,21,1.5,0,2.023,0.79,360,1.4,0
106,21/12/1998,351,22,1,0,1.946,0.85,360,1.4,0
107,21/12/1998,351,23,0.8,0,1.849,0.89,360,1.4,0
108,21/12/1998,351,24,0.8,0,1.787,0.89,360,2.4,0
109,22/12/1998,352,1,0.8,0,1.742,0.9,360,2.4,0
110,22/12/1998,352,2,1.1,0,1.725,0.9,360,2.4,0
111,22/12/1998,352,3,0.7,0,1.72,0.91,360,2.4,0
112,22/12/1998,352,4,0.6,0,1.682,0.91,360,2.4,0
113,22/12/1998,352,5,0.9,0,1.654,0.91,360,2.4,0
114,22/12/1998,352,6,1.2,0,1.656,0.88,360,2.4,0
115,22/12/1998,352,7,1.7,0,1.658,0.86,360,2.4,0
116,22/12/1998,352,8,1.9,0,1.68,0.83,360,2.4,0
117,22/12/1998,352,9,2,56.11111111,1.7,0.83,360,2.4,0
118,22/12/1998,352,10,2.7,168.3333333,1.765,0.8,360,2.4,0
119,22/12/1998,352,11,3.8,314.2222222,1.95,0.76,360,2.4,0
120,22/12/1998,352,12,4.8,303,2.398,0.74,360,2.4,0
121,22/12/1998,352,13,4.9,224.4444444,2.99,0.73,360,2.4,0
122,22/12/1998,352,14,5.1,190.7777778,3.397,0.76,360,2.4,0
123,22/12/1998,352,15,5,101,3.691,0.78,360,2.4,0
124,22/12/1998,352,16,4,33.66666667,3.782,0.82,360,2.4,0
125,22/12/1998,352,17,3.5,0,3.664,0.85,360,2.4,0
126,22/12/1998,352,18,2.4,0,3.476,0.87,360,2.4,0
127,22/12/1998,352,19,2,0,3.177,0.89,360,2.4,0
128,22/12/1998,352,20,1.9,0,2.729,0.87,360,2.4,0
129,22/12/1998,352,21,1.6,0,2.489,0.88,360,2.4,0
130,22/12/1998,352,22,1.5,0,2.438,0.89,360,2.4,0
131,22/12/1998,352,23,1.2,0,2.412,0.9,360,2.4,0
132,22/12/1998,352,24,1.2,0,2.359,0.9,360,1.9,0
133,23/12/1998,353,1,0.4,0,2.303,0.9,360,1.9,0
134,23/12/1998,353,2,-0.2,0,2.046,0.91,360,1.9,0
135,23/12/1998,353,3,-0.6,0,1.827,0.94,360,1.9,0
136,23/12/1998,353,4,-0.2,0,1.733,0.9,360,1.9,0
137,23/12/1998,353,5,-0.6,0,1.66,0.91,360,1.9,0
138,23/12/1998,353,6,-1.3,0,1.597,0.94,360,1.9,0
139,23/12/1998,353,7,-1.6,0,1.531,0.96,360,1.9,0
140,23/12/1998,353,8,-2.1,0,1.466,0.97,360,1.9,0
141,23/12/1998,353,9,-1.2,157.1111111,1.393,0.97,360,1.9,0
142,23/12/1998,353,10,0.2,392.7777778,1.347,0.94,360,1.9,0
143,23/12/1998,353,11,2.1,538.6666667,1.33,0.81,360,1.9,0
144,23/12/1998,353,12,2.8,516.2222222,1.34,0.77,360,1.9,0
145,23/12/1998,353,13,3.4,336.6666667,1.498,0.75,360,1.9,0
146,23/12/1998,353,14,3.2,336.6666667,1.757,0.79,360,1.9,0
147,23/12/1998,353,15,2.9,179.5555556,2.085,0.81,360,1.9,0
148,23/12/1998,353,16,1.8,44.88888889,2.131,0.83,360,1.9,0
149,23/12/1998,353,17,1.3,0,1.902,0.85,360,1.9,0
150,23/12/1998,353,18,0.8,0,1.637,0.89,360,1.9,0
151,23/12/1998,353,19,0.6,0,1.512,0.91,360,1.9,0
152,23/12/1998,353,20,0.3,0,1.454,0.93,360,1.9,0
153,23/12/1998,353,21,0.2,0,1.407,0.92,360,1.9,0
154,23/12/1998,353,22,0.5,0,1.377,0.91,360,1.9,0
155,23/12/1998,353,23,0.9,0,1.362,0.89,360,1.9,0
156,23/12/1998,353,24,1.6,0,1.364,0.93,360,3.1,0
157,24/12/1998,354,1,1.7,0,1.379,0.96,360,3.1,0
158,24/12/1998,354,2,1.8,0,1.408,0.97,360,3.1,0
159,24/12/1998,354,3,2,0,1.474,0.98,360,3.1,0
160,24/12/1998,354,4,2,0,1.584,0.98,360,3.1,0
161,24/12/1998,354,5,2.4,0,1.697,0.99,360,3.1,0
162,24/12/1998,354,6,2.4,0,1.84,0.99,360,3.1,0
163,24/12/1998,354,7,1.3,0,1.896,0.99,360,3.1,0
164,24/12/1998,354,8,1.3,0,1.677,1,360,3.1,0
165,24/12/1998,354,9,1.8,112.2222222,1.459,1,360,3.1,0
166,24/12/1998,354,10,3.1,370.3333333,1.43,0.99,360,3.1,0
167,24/12/1998,354,11,4.5,448.8888889,1.862,0.94,360,3.1,0
168,24/12/1998,354,12,5.5,516.2222222,2.571,0.88,360,3.1,0
169,24/12/1998,354,13,6.6,572.3333333,3.346,0.82,360,3.1,0
170,24/12/1998,354,14,6.1,404,4.05,0.83,360,3.1,0
171,24/12/1998,354,15,6.3,224.4444444,4.233,0.82,360,3.1,0
172,24/12/1998,354,16,4.7,67.33333333,4.016,0.86,360,3.1,0
173,24/12/1998,354,17,3.9,0,3.58,0.89,360,3.1,0
174,24/12/1998,354,18,3.8,0,3.065,0.92,360,3.1,0
175,24/12/1998,354,19,4.2,0,2.845,0.91,360,3.1,0
176,24/12/1998,354,20,4.4,0,2.865,0.91,360,3.1,0
177,24/12/1998,354,21,4.6,0,2.97,0.9,360,3.1,0
178,24/12/1998,354,22,4.4,0,3.085,0.92,360,3.1,0
179,24/12/1998,354,23,4.3,0,3.187,0.94,360,3.1,0
180,24/12/1998,354,24,4.2,0,3.29,0.95,360,5.6,0
181,25/12/1998,355,1,4.8,0,3.422,0.97,360,5.6,0
182,25/12/1998,355,2,5,0,3.603,0.98,360,5.6,0
183,25/12/1998,355,3,5,0,3.808,0.98,360,5.6,0
184,25/12/1998,355,4,5,0,3.949,0.98,360,5.6,0
185,25/12/1998,355,5,5.3,0,4.072,0.98,360,5.6,0
186,25/12/1998,355,6,5.7,0,4.213,0.99,360,5.6,0
187,25/12/1998,355,7,5.7,0,4.358,0.99,360,5.6,0
188,25/12/1998,355,8,5.8,0,4.479,0.99,360,5.6,0
189,25/12/1998,355,9,6,33.66666667,4.617,0.99,360,5.6,0
190,25/12/1998,355,10,6.5,89.77777778,4.808,0.99,360,5.6,0
191,25/12/1998,355,11,7,157.1111111,5.093,0.99,360,5.6,0
192,25/12/1998,355,12,7.4,179.5555556,5.429,0.99,360,5.6,0
193,25/12/1998,355,13,8.3,224.4444444,5.865,0.98,360,5.6,0
194,25/12/1998,355,14,8.7,134.6666667,6.272,0.96,360,5.6,0
195,25/12/1998,355,15,9.1,112.2222222,6.506,0.94,360,5.6,0
196,25/12/1998,355,16,8.7,22.44444444,6.654,0.93,360,5.6,0
197,25/12/1998,355,17,8.4,0,6.688,0.96,360,5.6,0
198,25/12/1998,355,18,8.7,0,6.685,0.93,360,5.6,0
199,25/12/1998,355,19,9,0,6.684,0.9,360,5.6,0
200,25/12/1998,355,20,8.9,0,6.668,0.89,360,5.6,0
201,25/12/1998,355,21,9.2,0,6.646,0.89,360,5.6,0
202,25/12/1998,355,22,8.7,0,6.643,0.9,360,5.6,0
203,25/12/1998,355,23,9,0,6.722,0.91,360,5.6,0
204,25/12/1998,355,24,8.8,0,6.8,0.92,360,6.8,0
205,26/12/1998,356,1,9,0,6.862,0.91,360,6.8,0
206,26/12/1998,356,2,8.8,0,6.91,0.93,360,6.8,0
207,26/12/1998,356,3,8.6,0,6.963,0.96,360,6.8,0
208,26/12/1998,356,4,8.4,0,7.035,0.97,360,6.8,0
209,26/12/1998,356,5,8.8,0,7.065,0.98,360,6.8,0
210,26/12/1998,356,6,8.6,0,7.1,0.97,360,6.8,0
211,26/12/1998,356,7,8,0,7.135,0.98,360,6.8,0
212,26/12/1998,356,8,6.9,0,7.09,0.97,360,6.8,0
213,26/12/1998,356,9,6.9,11.22222222,6.946,0.98,360,6.8,0
214,26/12/1998,356,10,6.8,33.66666667,6.832,0.98,360,6.8,0
215,26/12/1998,356,11,6.9,78.55555556,6.83,0.99,360,6.8,0
216,26/12/1998,356,12,6.9,89.77777778,6.871,0.98,360,6.8,0
217,26/12/1998,356,13,7.3,89.77777778,6.896,0.97,360,6.8,0
218,26/12/1998,356,14,8.1,78.55555556,6.895,0.97,360,6.8,0
219,26/12/1998,356,15,8.9,33.66666667,7.007,0.95,360,6.8,0
220,26/12/1998,356,16,9,11.22222222,7.2,0.95,360,6.8,0
221,26/12/1998,356,17,9.3,0,7.335,0.95,360,6.8,0
222,26/12/1998,356,18,9.5,0,7.475,0.89,360,6.8,0
223,26/12/1998,356,19,8.9,0,7.565,0.9,360,6.8,0
224,26/12/1998,356,20,8.9,0,7.54,0.9,360,6.8,0
225,26/12/1998,356,21,9.2,0,7.51,0.9,360,6.8,0
226,26/12/1998,356,22,9.4,0,7.545,0.91,360,6.8,0
227,26/12/1998,356,23,9.9,0,7.615,0.91,360,6.8,0
228,26/12/1998,356,24,10.3,0,7.745,0.9,360,6.7,0
229,27/12/1998,357,1,10.2,0,7.925,0.93,360,6.7,0
230,27/12/1998,357,2,10.2,0,8.07,0.93,360,6.7,0
231,27/12/1998,357,3,9.4,0,8.175,0.96,360,6.7,0
232,27/12/1998,357,4,9.1,0,8.26,0.98,360,6.7,0
233,27/12/1998,357,5,7.6,0,8.215,0.98,360,6.7,0
234,27/12/1998,357,6,7.1,0,8.055,0.98,360,6.7,0
235,27/12/1998,357,7,9.5,0,7.85,0.99,360,6.7,0
236,27/12/1998,357,8,9.8,0,7.785,0.96,360,6.7,0
237,27/12/1998,357,9,9.4,0,7.99,0.89,360,6.7,0
238,27/12/1998,357,10,9.6,33.66666667,8.025,0.84,360,6.7,0
239,27/12/1998,357,11,10.3,190.7777778,7.975,0.83,360,6.7,0
240,27/12/1998,357,12,10.9,235.6666667,8.155,0.78,360,6.7,0
241,27/12/1998,357,13,10.4,224.4444444,8.38,0.8,360,6.7,0
242,27/12/1998,357,14,10.7,145.8888889,8.435,0.79,360,6.7,0
243,27/12/1998,357,15,10.7,89.77777778,8.395,0.77,360,6.7,0
244,27/12/1998,357,16,11.1,11.22222222,8.295,0.77,360,6.7,0
245,27/12/1998,357,17,11.1,0,8.215,0.79,360,6.7,0
246,27/12/1998,357,18,10.9,0,8.235,0.83,360,6.7,0
247,27/12/1998,357,19,10.7,0,8.3,0.85,360,6.7,0
248,27/12/1998,357,20,10.4,0,8.35,0.89,360,6.7,0
249,27/12/1998,357,21,9.8,0,8.42,0.9,360,6.7,0
250,27/12/1998,357,22,10.2,0,8.4,0.89,360,6.7,0
251,27/12/1998,357,23,10,0,8.395,0.92,360,6.7,0
252,27/12/1998,357,24,9.2,0,8.45,0.9,360,4.6,0
253,28/12/1998,358,1,9.4,0,8.36,0.85,360,4.6,0
254,28/12/1998,358,2,9.7,0,8.155,0.87,360,4.6,0
255,28/12/1998,358,3,9.6,0,8.065,0.89,360,4.6,0
256,28/12/1998,358,4,9.9,0,8.045,0.89,360,4.6,0
257,28/12/1998,358,5,9.8,0,8.085,0.89,360,4.6,0
258,28/12/1998,358,6,8.1,0,8.135,0.92,360,4.6,0
259,28/12/1998,358,7,7.6,0,8.075,0.91,360,4.6,0
260,28/12/1998,358,8,7.2,0,7.82,0.93,360,4.6,0
261,28/12/1998,358,9,7,11.22222222,7.58,0.95,360,4.6,0
262,28/12/1998,358,10,7.2,33.66666667,7.425,0.93,360,4.6,0
263,28/12/1998,358,11,7.1,67.33333333,7.32,0.92,360,4.6,0
264,28/12/1998,358,12,7.2,134.6666667,7.315,0.91,360,4.6,0
265,28/12/1998,358,13,7,78.55555556,7.36,0.91,360,4.6,0
266,28/12/1998,358,14,7,89.77777778,7.265,0.9,360,4.6,0
267,28/12/1998,358,15,6.8,56.11111111,7.185,0.86,360,4.6,0
268,28/12/1998,358,16,6.5,11.22222222,7.029,0.85,360,4.6,0
269,28/12/1998,358,17,6,0,6.779,0.87,360,4.6,0
270,28/12/1998,358,18,5.4,0,6.439,0.88,360,4.6,0
271,28/12/1998,358,19,4.8,0,5.987,0.93,360,4.6,0
272,28/12/1998,358,20,4.3,0,5.571,0.94,360,4.6,0
273,28/12/1998,358,21,4.6,0,5.266,0.94,360,4.6,0
274,28/12/1998,358,22,5,0,5.235,0.94,360,4.6,0
275,28/12/1998,358,23,5.1,0,5.374,0.93,360,4.6,0
276,28/12/1998,358,24,4.9,0,5.471,0.94,360,4.2,0
277,29/12/1998,359,1,4.5,0,5.504,0.94,360,4.2,0
278,29/12/1998,359,2,4.1,0,5.495,0.95,360,4.2,0
279,29/12/1998,359,3,3.8,0,5.437,0.97,360,4.2,0
280,29/12/1998,359,4,3.6,0,5.35,0.97,360,4.2,0
281,29/12/1998,359,5,3.7,0,5.262,0.99,360,4.2,0
282,29/12/1998,359,6,3.1,0,5.208,0.99,360,4.2,0
283,29/12/1998,359,7,3,0,5.144,1,360,4.2,0
284,29/12/1998,359,8,2.8,0,5.023,1,360,4.2,0
285,29/12/1998,359,9,3.1,56.11111111,4.908,1,360,4.2,0
286,29/12/1998,359,10,4.4,213.2222222,4.945,1,360,4.2,0
287,29/12/1998,359,11,5.6,303,5.162,0.98,360,4.2,0
288,29/12/1998,359,12,6.1,291.7777778,5.599,0.93,360,4.2,0
289,29/12/1998,359,13,8.1,460.1111111,6.054,0.87,360,4.2,0
290,29/12/1998,359,14,8.5,404,6.546,0.85,360,4.2,0
291,29/12/1998,359,15,8.6,190.7777778,6.815,0.87,360,4.2,0
292,29/12/1998,359,16,8.4,44.88888889,6.747,0.87,360,4.2,0
293,29/12/1998,359,17,8.3,0,6.533,0.87,360,4.2,0
294,29/12/1998,359,18,7.6,0,6.287,0.89,360,4.2,0
295,29/12/1998,359,19,7.6,0,6.091,0.88,360,4.2,0
296,29/12/1998,359,20,7.9,0,5.953,0.86,360,4.2,0
297,29/12/1998,359,21,8.3,0,5.841,0.82,360,4.2,0
298,29/12/1998,359,22,7.9,0,5.74,0.79,360,4.2,0
299,29/12/1998,359,23,7.8,0,5.663,0.8,360,4.2,0
300,29/12/1998,359,24,7.5,0,5.562,0.8,360,4.3,0
301,30/12/1998,360,1,7.1,0,5.395,0.81,360,4.3,0
302,30/12/1998,360,2,7.2,0,5.241,0.8,360,4.3,0
303,30/12/1998,360,3,7.2,0,5.163,0.79,360,4.3,0
304,30/12/1998,360,4,8.2,0,5.177,0.76,360,4.3,0
305,30/12/1998,360,5,8.4,0,5.242,0.76,360,4.3,0
306,30/12/1998,360,6,8.5,0,5.429,0.75,360,4.3,0
307,30/12/1998,360,7,8.7,0,5.641,0.75,360,4.3,0
308,30/12/1998,360,8,9.3,0,5.804,0.73,360,4.3,0
309,30/12/1998,360,9,9.3,33.66666667,5.967,0.74,360,4.3,0
310,30/12/1998,360,10,9.6,89.77777778,6.176,0.74,360,4.3,0
311,30/12/1998,360,11,9.5,134.6666667,6.408,0.76,360,4.3,0
312,30/12/1998,360,12,9.6,123.4444444,6.671,0.78,360,4.3,0
313,30/12/1998,360,13,9.8,145.8888889,6.884,0.77,360,4.3,0
314,30/12/1998,360,14,9.8,134.6666667,7.05,0.76,360,4.3,0
315,30/12/1998,360,15,9.7,78.55555556,7.13,0.75,360,4.3,0
316,30/12/1998,360,16,9.7,11.22222222,7.09,0.76,360,4.3,0
317,30/12/1998,360,17,9.6,0,7.025,0.77,360,4.3,0
318,30/12/1998,360,18,9.3,0,6.957,0.8,360,4.3,0
319,30/12/1998,360,19,9.5,0,6.896,0.8,360,4.3,0
320,30/12/1998,360,20,9.1,0,6.829,0.81,360,4.3,0
321,30/12/1998,360,21,8.7,0,6.805,0.85,360,4.3,0
322,30/12/1998,360,22,8.6,0,6.777,0.88,360,4.3,0
323,30/12/1998,360,23,8.6,0,6.833,0.92,360,4.3,0
324,30/12/1998,360,24,8.5,0,6.949,0.94,360,5.3,0
325,31/12/1998,361,1,8.4,0,7.075,0.94,360,5.3,0
326,31/12/1998,361,2,8.3,0,7.15,0.95,360,5.3,0
327,31/12/1998,361,3,8.3,0,7.19,0.95,360,5.3,0
328,31/12/1998,361,4,8,0,7.22,0.94,360,5.3,0
329,31/12/1998,361,5,8.2,0,7.235,0.94,360,5.3,0
330,31/12/1998,361,6,8.1,0,7.23,0.94,360,5.3,0
331,31/12/1998,361,7,7.8,0,7.195,0.94,360,5.3,0
332,31/12/1998,361,8,7.6,0,7.17,0.94,360,5.3,0
333,31/12/1998,361,9,7.9,22.44444444,7.13,0.93,360,5.3,0
334,31/12/1998,361,10,8.2,89.77777778,7.145,0.91,360,5.3,0
335,31/12/1998,361,11,8.8,190.7777778,7.24,0.87,360,5.3,0
336,31/12/1998,361,12,8.8,224.4444444,7.495,0.85,360,5.3,0
337,31/12/1998,361,13,9.2,168.3333333,7.705,0.84,360,5.3,0
338,31/12/1998,361,14,9.9,280.5555556,7.835,0.8,360,5.3,0
339,31/12/1998,361,15,9.9,179.5555556,8.02,0.79,360,5.3,0
340,31/12/1998,361,16,10.1,101,8.01,0.73,360,5.3,0
341,31/12/1998,361,17,10.3,0,7.765,0.74,360,5.3,0
342,31/12/1998,361,18,9.9,0,7.51,0.74,360,5.3,0
343,31/12/1998,361,19,10,0,7.35,0.72,360,5.3,0
344,31/12/1998,361,20,9.7,0,7.27,0.72,360,5.3,0
345,31/12/1998,361,21,9.7,0,7.125,0.71,360,5.3,0
346,31/12/1998,361,22,9.7,0,6.923,0.7,360,5.3,0
347,31/12/1998,361,23,9.3,0,6.86,0.71,360,5.3,0
348,31/12/1998,361,24,9.4,0,6.859,0.74,360,3.1,0
349,01/01/1999,1,1,8.9,0,6.797,0.76,360,3.1,0
350,01/01/1999,1,2,9.1,0,6.639,0.76,360,3.1,0
351,01/01/1999,1,3,8.6,0,6.538,0.77,360,3.1,0
352,01/01/1999,1,4,8.2,0,6.485,0.77,360,3.1,0
353,01/01/1999,1,5,7.5,0,6.297,0.8,360,3.1,0
354,01/01/1999,1,6,7.2,0,5.943,0.81,360,3.1,0
355,01/01/1999,1,7,6.9,0,5.646,0.82,360,3.1,0
356,01/01/1999,1,8,6.9,0,5.421,0.85,360,3.1,0
357,01/01/1999,1,9,7.7,101,5.104,0.84,360,3.1,0
358,01/01/1999,1,10,8.9,269.3333333,5.152,0.81,360,3.1,0
359,01/01/1999,1,11,9.2,460.1111111,5.721,0.79,360,3.1,0
360,01/01/1999,1,12,9.5,280.5555556,6.477,0.78,360,3.1,0
361,01/01/1999,1,13,9.4,224.4444444,7.003,0.78,360,3.1,0
362,01/01/1999,1,14,10.4,370.3333333,7.365,0.76,360,3.1,0
363,01/01/1999,1,15,10.2,291.7777778,7.605,0.77,360,3.1,0
364,01/01/1999,1,16,9,67.33333333,7.495,0.85,360,3.1,0
365,01/01/1999,1,17,7.8,0,7.057,0.89,360,3.1,0
366,01/01/1999,1,18,7.8,0,6.549,0.89,360,3.1,0
367,01/01/1999,1,19,8,0,6.15,0.83,360,3.1,0
368,01/01/1999,1,20,7.3,0,5.959,0.86,360,3.1,0
369,01/01/1999,1,21,7.4,0,5.768,0.89,360,3.1,0
370,01/01/1999,1,22,7,0,5.645,0.9,360,3.1,0
371,01/01/1999,1,23,6.6,0,5.564,0.93,360,3.1,0
372,01/01/1999,1,24,6.7,0,5.515,0.92,360,6.1,0
373,02/01/1999,2,1,7,0,5.539,0.93,360,6.1,0
374,02/01/1999,2,2,7.2,0,5.577,0.91,360,6.1,0
375,02/01/1999,2,3,7.9,0,5.679,0.88,360,6.1,0
376,02/01/1999,2,4,7.6,0,5.825,0.88,360,6.1,0
377,02/01/1999,2,5,7.5,0,5.924,0.88,360,6.1,0
378,02/01/1999,2,6,7.5,0,6.017,0.88,360,6.1,0
379,02/01/1999,2,7,7.4,0,6.051,0.88,360,6.1,0
380,02/01/1999,2,8,7,0,6.067,0.92,360,6.1,0
381,02/01/1999,2,9,7.4,11.22222222,6.127,0.89,360,6.1,0
382,02/01/1999,2,10,7.7,56.11111111,6.224,0.89,360,6.1,0
383,02/01/1999,2,11,8.1,101,6.391,0.9,360,6.1,0
384,02/01/1999,2,12,8.6,179.5555556,6.621,0.88,360,6.1,0
385,02/01/1999,2,13,9.1,291.7777778,6.949,0.87,360,6.1,0
386,02/01/1999,2,14,9.9,314.2222222,7.33,0.82,360,6.1,0
387,02/01/1999,2,15,9.5,224.4444444,7.44,0.82,360,6.1,0
388,02/01/1999,2,16,8.6,44.88888889,7.34,0.87,360,6.1,0
389,02/01/1999,2,17,8.4,0,7.085,0.9,360,6.1,0
390,02/01/1999,2,18,5,0,6.95,0.96,360,6.1,0
391,02/01/1999,2,19,5.3,0,6.508,0.94,360,6.1,0
392,02/01/1999,2,20,4.9,0,6.125,0.94,360,6.1,0
393,02/01/1999,2,21,5.2,0,5.72,0.91,360,6.1,0
394,02/01/1999,2,22,5.5,0,5.403,0.88,360,6.1,0
395,02/01/1999,2,23,5.6,0,5.246,0.88,360,6.1,0
396,02/01/1999,2,24,5.4,0,5.076,0.88,360,6.6,0
397,03/01/1999,3,1,4.7,0,4.863,0.88,360,6.6,0
398,03/01/1999,3,2,4.2,0,4.598,0.9,360,6.6,0
399,03/01/1999,3,3,4.7,0,4.363,0.9,360,6.6,0
400,03/01/1999,3,4,5.1,0,4.282,0.9,360,6.6,0
401,03/01/1999,3,5,5.6,0,4.317,0.92,360,6.6,0
402,03/01/1999,3,6,6,0,4.506,0.94,360,6.6,0
403,03/01/1999,3,7,6.4,0,4.825,0.94,360,6.6,0
404,03/01/1999,3,8,7.2,0,5.128,0.95,360,6.6,0
405,03/01/1999,3,9,8,33.66666667,5.509,0.95,360,6.6,0
406,03/01/1999,3,10,9.1,67.33333333,5.955,0.94,360,6.6,0
407,03/01/1999,3,11,11.1,101,6.485,0.86,360,6.6,0
408,03/01/1999,3,12,11.3,381.5555556,7.029,0.68,360,6.6,0
409,03/01/1999,3,13,10.2,213.2222222,7.375,0.71,360,6.6,0
410,03/01/1999,3,14,9.8,235.6666667,7.32,0.7,360,6.6,0
411,03/01/1999,3,15,9.3,246.8888889,7.12,0.7,360,6.6,0
412,03/01/1999,3,16,8.8,145.8888889,6.895,0.71,360,6.6,0
413,03/01/1999,3,17,7.4,0,6.568,0.8,360,6.6,0
414,03/01/1999,3,18,7.4,0,6.175,0.8,360,6.6,0
415,03/01/1999,3,19,7.6,0,5.997,0.79,360,6.6,0
416,03/01/1999,3,20,7.2,0,5.984,0.87,360,6.6,0
417,03/01/1999,3,21,7.3,0,6.056,0.91,360,6.6,0
418,03/01/1999,3,22,7.5,0,6.137,0.9,360,6.6,0
419,03/01/1999,3,23,7.8,0,6.234,0.91,360,6.6,0
420,03/01/1999,3,24,8.1,0,6.355,0.93,360,6,0
421,04/01/1999,4,1,8.8,0,6.525,0.96,360,6,0
422,04/01/1999,4,2,9.5,0,6.797,0.96,360,6,0
423,04/01/1999,4,3,10.5,0,7.145,0.97,360,6,0
424,04/01/1999,4,4,11.8,0,7.535,0.96,360,6,0
425,04/01/1999,4,5,12.1,0,8,0.94,360,6,0
426,04/01/1999,4,6,11.9,0,8.455,0.95,360,6,0
427,04/01/1999,4,7,11.9,0,8.71,0.94,360,6,0
428,04/01/1999,4,8,12.1,0,8.885,0.94,360,6,0
429,04/01/1999,4,9,12.4,67.33333333,9.035,0.91,360,6,0
430,04/01/1999,4,10,12.4,157.1111111,9.27,0.92,360,6,0
431,04/01/1999,4,11,12.9,134.6666667,9.58,0.91,360,6,0
432,04/01/1999,4,12,13.3,213.2222222,9.86,0.9,360,6,0
433,04/01/1999,4,13,13.5,303,10.205,0.89,360,6,0
434,04/01/1999,4,14,13.4,168.3333333,10.515,0.89,360,6,0
435,04/01/1999,4,15,13.3,78.55555556,10.595,0.9,360,6,0
436,04/01/1999,4,16,12.6,22.44444444,10.58,0.92,360,6,0
437,04/01/1999,4,17,12.7,0,10.48,0.93,360,6,0
438,04/01/1999,4,18,12.5,0,10.38,0.93,360,6,0
439,04/01/1999,4,19,12.6,0,10.27,0.92,360,6,0
440,04/01/1999,4,20,12.6,0,10.27,0.91,360,6,0
441,04/01/1999,4,21,12.5,0,10.29,0.92,360,6,0
442,04/01/1999,4,22,12.5,0,10.275,0.92,360,6,0
443,04/01/1999,4,23,12.4,0,10.245,0.93,360,6,0
444,04/01/1999,4,24,12.2,0,10.19,0.93,360,2.8,0
445,05/01/1999,5,1,12.2,0,10.205,0.91,360,2.8,0
446,05/01/1999,5,2,10.9,0,10.175,0.91,360,2.8,0
447,05/01/1999,5,3,10.4,0,9.845,0.91,360,2.8,0
448,05/01/1999,5,4,9.5,0,9.395,0.92,360,2.8,0
449,05/01/1999,5,5,8.9,0,9.025,0.93,360,2.8,0
450,05/01/1999,5,6,7.9,0,8.69,0.96,360,2.8,0
451,05/01/1999,5,7,8.3,0,8.335,0.97,360,2.8,0
452,05/01/1999,5,8,9.2,0,7.99,0.96,360,2.8,0
453,05/01/1999,5,9,8.9,112.2222222,7.69,0.94,360,2.8,0
454,05/01/1999,5,10,12.4,347.8888889,7.85,0.84,360,2.8,0
455,05/01/1999,5,11,12.4,392.7777778,8.495,0.83,360,2.8,0
456,05/01/1999,5,12,13.9,583.5555556,9.155,0.79,360,2.8,0
457,05/01/1999,5,13,14.6,583.5555556,9.865,0.73,360,2.8,0
458,05/01/1999,5,14,14.8,505,10.38,0.71,360,2.8,0
459,05/01/1999,5,15,13.8,314.2222222,10.58,0.73,360,2.8,0
460,05/01/1999,5,16,12.6,112.2222222,10.305,0.78,360,2.8,0
461,05/01/1999,5,17,12,0,9.785,0.83,360,2.8,0
462,05/01/1999,5,18,11.9,0,9.29,0.83,360,2.8,0
463,05/01/1999,5,19,11.6,0,8.98,0.81,360,2.8,0
464,05/01/1999,5,20,11.4,0,8.755,0.79,360,2.8,0
465,05/01/1999,5,21,11.1,0,8.515,0.79,360,2.8,0
466,05/01/1999,5,22,10.6,0,8.235,0.78,360,2.8,0
467,05/01/1999,5,23,9.9,0,8,0.81,360,2.8,0
468,05/01/1999,5,24,10.4,0,7.675,0.82,360,3.4,0
469,06/01/1999,6,1,10.1,0,7.31,0.77,360,3.4,0
470,06/01/1999,6,2,9.7,0,6.996,0.8,360,3.4,0
471,06/01/1999,6,3,7.2,0,6.772,0.86,360,3.4,0
472,06/01/1999,6,4,7.9,0,6.656,0.89,360,3.4,0
473,06/01/1999,6,5,6.8,0,6.526,0.94,360,3.4,0
474,06/01/1999,6,6,7,0,6.248,0.95,360,3.4,0
475,06/01/1999,6,7,8.1,0,6.001,0.95,360,3.4,0
476,06/01/1999,6,8,7.5,0,5.872,0.94,360,3.4,0
477,06/01/1999,6,9,8.3,145.8888889,5.745,0.93,360,3.4,0
478,06/01/1999,6,10,9.7,347.8888889,5.901,0.83,360,3.4,0
479,06/01/1999,6,11,11.1,527.4444444,6.603,0.79,360,3.4,0
480,06/01/1999,6,12,11.9,628.4444444,7.475,0.73,360,3.4,0
481,06/01/1999,6,13,12.6,617.2222222,8.27,0.71,360,3.4,0
482,06/01/1999,6,14,12.5,505,8.79,0.71,360,3.4,0
483,06/01/1999,6,15,11.9,325.4444444,8.99,0.75,360,3.4,0
484,06/01/1999,6,16,10.5,112.2222222,8.805,0.81,360,3.4,0
485,06/01/1999,6,17,10.2,0,8.38,0.84,360,3.4,0
486,06/01/1999,6,18,9.8,0,7.955,0.85,360,3.4,0
487,06/01/1999,6,19,9.9,0,7.67,0.83,360,3.4,0
488,06/01/1999,6,20,9.8,0,7.43,0.83,360,3.4,0
489,06/01/1999,6,21,9.8,0,7.305,0.82,360,3.4,0
490,06/01/1999,6,22,9.4,0,7.165,0.81,360,3.4,0
491,06/01/1999,6,23,9.3,0,7.02,0.82,360,3.4,0
492,06/01/1999,6,24,9.1,0,6.943,0.83,360,3.7,0
493,07/01/1999,7,1,8.9,0,6.901,0.83,360,3.7,0
494,07/01/1999,7,2,9.3,0,6.836,0.8,360,3.7,0
495,07/01/1999,7,3,9.2,0,6.697,0.77,360,3.7,0
496,07/01/1999,7,4,8.9,0,6.693,0.81,360,3.7,0
497,07/01/1999,7,5,8.8,0,6.755,0.83,360,3.7,0
498,07/01/1999,7,6,8.8,0,6.878,0.85,360,3.7,0
499,07/01/1999,7,7,8.6,0,6.984,0.87,360,3.7,0
500,07/01/1999,7,8,8,0,7.06,0.93,360,3.7,0
501,07/01/1999,7,9,7.8,11.22222222,7.165,0.96,360,3.7,0
502,07/01/1999,7,10,7.5,11.22222222,7.295,0.97,360,3.7,0
503,07/01/1999,7,11,7.4,101,7.405,0.98,360,3.7,0
504,07/01/1999,7,12,7.9,179.5555556,7.63,0.97,360,3.7,0
505,07/01/1999,7,13,7.7,101,7.94,0.94,360,3.7,0
506,07/01/1999,7,14,8,123.4444444,8.02,0.95,360,3.7,0
507,07/01/1999,7,15,8,168.3333333,8.105,0.91,360,3.7,0
508,07/01/1999,7,16,7.5,78.55555556,8.13,0.94,360,3.7,0
509,07/01/1999,7,17,7,0,7.85,0.95,360,3.7,0
510,07/01/1999,7,18,7.4,0,7.365,0.93,360,3.7,0
511,07/01/1999,7,19,7.3,0,7.17,0.92,360,3.7,0
512,07/01/1999,7,20,7.2,0,7.125,0.92,360,3.7,0
513,07/01/1999,7,21,7.1,0,7.09,0.95,360,3.7,0
514,07/01/1999,7,22,7.2,0,7.08,0.95,360,3.7,0
515,07/01/1999,7,23,7.6,0,7.11,0.95,360,3.7,0
516,07/01/1999,7,24,7.7,0,7.19,0.96,360,4.7,0
517,08/01/1999,8,1,7.9,0,7.28,0.96,360,4.7,0
518,08/01/1999,8,2,7.5,0,7.38,0.98,360,4.7,0
519,08/01/1999,8,3,6.6,0,7.46,0.98,360,4.7,0
520,08/01/1999,8,4,6.3,0,7.34,0.97,360,4.7,0
521,08/01/1999,8,5,6.2,0,7.1,0.94,360,4.7,0
522,08/01/1999,8,6,5.7,0,6.82,0.94,360,4.7,0
523,08/01/1999,8,7,5.1,0,6.296,0.96,360,4.7,0
524,08/01/1999,8,8,4.8,0,5.831,0.96,360,4.7,0
525,08/01/1999,8,9,5.8,145.8888889,5.547,0.93,360,4.7,0
526,08/01/1999,8,10,6.2,202,5.617,0.91,360,4.7,0
527,08/01/1999,8,11,7.2,460.1111111,5.851,0.88,360,4.7,0
528,08/01/1999,8,12,6.8,258.1111111,6.41,0.87,360,4.7,0
529,08/01/1999,8,13,7.1,303,6.681,0.85,360,4.7,0
530,08/01/1999,8,14,7.1,258.1111111,6.925,0.87,360,4.7,0
531,08/01/1999,8,15,7,101,7.035,0.87,360,4.7,0
532,08/01/1999,8,16,6.6,33.66666667,6.917,0.88,360,4.7,0
533,08/01/1999,8,17,6.3,0,6.679,0.89,360,4.7,0
534,08/01/1999,8,18,6.2,0,6.374,0.88,360,4.7,0
535,08/01/1999,8,19,6.2,0,6.062,0.88,360,4.7,0
536,08/01/1999,8,20,6.6,0,5.842,0.86,360,4.7,0
537,08/01/1999,8,21,6.1,0,5.871,0.87,360,4.7,0
538,08/01/1999,8,22,5.9,0,5.785,0.89,360,4.7,0
539,08/01/1999,8,23,6.1,0,5.554,0.87,360,4.7,0
540,08/01/1999,8,24,5.8,0,5.569,0.88,360,2.9,0
541,09/01/1999,9,1,5.7,0,5.562,0.91,360,2.9,0
542,09/01/1999,9,2,5.4,0,5.604,0.92,360,2.9,0
543,09/01/1999,9,3,4.9,0,5.612,0.93,360,2.9,0
544,09/01/1999,9,4,5,0,5.558,0.95,360,2.9,0
545,09/01/1999,9,5,4.8,0,5.495,0.94,360,2.9,0
546,09/01/1999,9,6,4.6,0,5.434,0.94,360,2.9,0
547,09/01/1999,9,7,4.1,0,5.386,0.93,360,2.9,0
548,09/01/1999,9,8,3.8,0,5.285,0.94,360,2.9,0
549,09/01/1999,9,9,4,78.55555556,5.108,0.94,360,2.9,0
550,09/01/1999,9,10,4.4,112.2222222,4.99,0.94,360,2.9,0
551,09/01/1999,9,11,5.2,224.4444444,5.033,0.89,360,2.9,0
552,09/01/1999,9,12,5.1,303,5.433,0.85,360,2.9,0
553,09/01/1999,9,13,5.5,381.5555556,5.887,0.82,360,2.9,0
554,09/01/1999,9,14,5.2,269.3333333,6.191,0.87,360,2.9,0
555,09/01/1999,9,15,4.2,258.1111111,6.255,0.88,360,2.9,0
556,09/01/1999,9,16,3.6,56.11111111,6.271,0.91,360,2.9,0
557,09/01/1999,9,17,2.3,0,5.673,0.95,360,2.9,0
558,09/01/1999,9,18,1.5,0,5.025,0.95,360,2.9,0
559,09/01/1999,9,19,1.9,0,4.388,0.96,360,2.9,0
560,09/01/1999,9,20,1,0,3.809,0.97,360,2.9,0
561,09/01/1999,9,21,0.7,0,3.34,0.98,360,2.9,0
562,09/01/1999,9,22,0.5,0,2.984,0.99,360,2.9,0
563,09/01/1999,9,23,0.7,0,2.813,0.99,360,2.9,0
564,09/01/1999,9,24,1,0,2.798,1,360,3.7,0
565,10/01/1999,10,1,1.1,0,2.863,1,360,3.7,0
566,10/01/1999,10,2,1.1,0,3.005,1,360,3.7,0
567,10/01/1999,10,3,1.1,0,3.106,1,360,3.7,0
568,10/01/1999,10,4,1.1,0,3.131,0.99,360,3.7,0
569,10/01/1999,10,5,0.8,0,3.172,1,360,3.7,0
570,10/01/1999,10,6,0.8,0,3.181,1,360,3.7,0
571,10/01/1999,10,7,0.7,0,3.141,1,360,3.7,0
572,10/01/1999,10,8,0.3,0,3.116,1,360,3.7,0
573,10/01/1999,10,9,-0.1,56.11111111,2.985,0.98,360,3.7,0
574,10/01/1999,10,10,-0.6,101,2.808,0.96,360,3.7,0
575,10/01/1999,10,11,-0.7,112.2222222,2.833,0.94,360,3.7,0
576,10/01/1999,10,12,-0.2,190.7777778,2.917,0.91,360,3.7,0
577,10/01/1999,10,13,0.3,258.1111111,3.137,0.89,360,3.7,0
578,10/01/1999,10,14,0.6,213.2222222,3.31,0.84,360,3.7,0
579,10/01/1999,10,15,0.6,190.7777778,3.232,0.85,360,3.7,0
580,10/01/1999,10,16,0.1,56.11111111,3.068,0.89,360,3.7,0
581,10/01/1999,10,17,0.4,0,2.824,0.9,360,3.7,0
582,10/01/1999,10,18,0.8,0,2.606,0.89,360,3.7,0
583,10/01/1999,10,19,0.8,0,2.525,0.9,360,3.7,0
584,10/01/1999,10,20,0.3,0,2.418,0.91,360,3.7,0
585,10/01/1999,10,21,0,0,2.237,0.91,360,3.7,0
586,10/01/1999,10,22,-0.3,0,2.085,0.9,360,3.7,0
587,10/01/1999,10,23,-0.5,0,2.016,0.89,360,3.7,0
588,10/01/1999,10,24,-0.4,0,1.935,0.88,360,4.4,0
589,11/01/1999,11,1,-0.6,0,1.866,0.87,360,4.4,0
590,11/01/1999,11,2,-0.7,0,1.814,0.88,360,4.4,0
591,11/01/1999,11,3,-0.7,0,1.759,0.89,360,4.4,0
592,11/01/1999,11,4,-0.8,0,1.712,0.9,360,4.4,0
593,11/01/1999,11,5,-0.7,0,1.671,0.85,360,4.4,0
594,11/01/1999,11,6,-0.8,0,1.625,0.86,360,4.4,0
595,11/01/1999,11,7,-0.9,0,1.579,0.87,360,4.4,0
596,11/01/1999,11,8,-1,0,1.525,0.88,360,4.4,0
597,11/01/1999,11,9,-0.7,78.55555556,1.468,0.88,360,4.4,0
598,11/01/1999,11,10,-0.2,213.2222222,1.437,0.83,360,4.4,0
599,11/01/1999,11,11,0.3,314.2222222,1.43,0.77,360,4.4,0
600,11/01/1999,11,12,0.9,370.3333333,1.432,0.74,360,4.4,0
601,11/01/1999,11,13,1.1,437.6666667,1.477,0.72,360,4.4,0
602,11/01/1999,11,14,1,280.5555556,1.578,0.69,360,4.4,0
603,11/01/1999,11,15,1.2,235.6666667,1.546,0.68,360,4.4,0
604,11/01/1999,11,16,0.5,134.6666667,1.484,0.71,360,4.4,0
605,11/01/1999,11,17,-0.2,0,1.422,0.73,360,4.4,0
606,11/01/1999,11,18,-0.6,0,1.346,0.76,360,4.4,0
607,11/01/1999,11,19,-1.2,0,1.256,0.79,360,4.4,0
608,11/01/1999,11,20,-1.2,0,1.164,0.81,360,4.4,0
609,11/01/1999,11,21,-1.4,0,1.077,0.84,360,4.4,0
610,11/01/1999,11,22,-1.4,0,0.999,0.9,360,4.4,0
611,11/01/1999,11,23,-1.5,0,0.952,0.91,360,4.4,0
612,11/01/1999,11,24,-1.9,0,0.922,0.94,360,5,0
613,12/01/1999,12,1,-2.6,0,0.872,0.97,360,5,0
614,12/01/1999,12,2,-2.2,0,0.82,0.99,360,5,0
615,12/01/1999,12,3,-2.1,0,0.765,0.99,360,5,0
616,12/01/1999,12,4,-2.7,0,0.705,1,360,5,0
617,12/01/1999,12,5,-2.5,0,0.645,1,360,5,0
618,12/01/1999,12,6,-1.7,0,0.58,1,360,5,0
619,12/01/1999,12,7,-1.7,0,0.514,1,360,5,0
620,12/01/1999,12,8,-1,22.44444444,0.453,1,360,5,0
621,12/01/1999,12,9,-0.3,157.1111111,0.409,0.98,360,5,0
622,12/01/1999,12,10,-0.2,145.8888889,0.428,0.96,360,5,0
623,12/01/1999,12,11,-0.5,168.3333333,0.454,0.97,360,5,0
624,12/01/1999,12,12,0,190.7777778,0.479,0.94,360,5,0
625,12/01/1999,12,13,0.2,224.4444444,0.499,0.85,360,5,0
626,12/01/1999,12,14,0.1,168.3333333,0.52,0.81,360,5,0
627,12/01/1999,12,15,-0.2,123.4444444,0.533,0.87,360,5,0
628,12/01/1999,12,16,-0.9,33.66666667,0.552,0.94,360,5,0
629,12/01/1999,12,17,-1.6,0,0.57,0.99,360,5,0
630,12/01/1999,12,18,-1.2,0,0.588,1,360,5,0
631,12/01/1999,12,19,-0.6,0,0.594,1,360,5,0
632,12/01/1999,12,20,0,0,0.61,1,360,5,0
633,12/01/1999,12,21,0.9,0,0.622,1,360,5,0
634,12/01/1999,12,22,1.3,0,0.637,1,360,5,0
635,12/01/1999,12,23,2,0,0.65,0.98,360,5,0
636,12/01/1999,12,24,1.8,0,0.667,0.98,360,4.3,0
637,13/01/1999,13,1,1.7,0,0.681,0.98,360,4.3,0
638,13/01/1999,13,2,0.8,0,0.697,0.99,360,4.3,0
639,13/01/1999,13,3,1.1,0,0.704,0.99,360,4.3,0
640,13/01/1999,13,4,1.1,0,0.719,0.98,360,4.3,0
641,13/01/1999,13,5,0.2,0,0.729,0.99,360,4.3,0
642,13/01/1999,13,6,0.1,0,0.737,0.98,360,4.3,0
643,13/01/1999,13,7,1.5,0,0.746,0.98,360,4.3,0
644,13/01/1999,13,8,0.7,0,0.754,0.98,360,4.3,0
645,13/01/1999,13,9,2.3,179.5555556,0.764,0.96,360,4.3,0
646,13/01/1999,13,10,2.1,235.6666667,0.768,0.94,360,4.3,0
647,13/01/1999,13,11,3.4,549.8888889,0.775,0.91,360,4.3,0
648,13/01/1999,13,12,3,258.1111111,0.793,0.94,360,4.3,0
649,13/01/1999,13,13,4.5,516.2222222,0.802,0.89,360,4.3,0
650,13/01/1999,13,14,4.4,370.3333333,0.797,0.87,360,4.3,0
651,13/01/1999,13,15,4.4,134.6666667,0.793,0.86,360,4.3,0
652,13/01/1999,13,16,3.8,33.66666667,0.802,0.91,360,4.3,0
653,13/01/1999,13,17,3.8,0,0.889,0.94,360,4.3,0
654,13/01/1999,13,18,3.9,0,1.15,0.94,360,4.3,0
655,13/01/1999,13,19,4.1,0,1.649,0.96,360,4.3,0
656,13/01/1999,13,20,4.4,0,2.057,0.96,360,4.3,0
657,13/01/1999,13,21,5,0,2.401,0.96,360,4.3,0
658,13/01/1999,13,22,4.8,0,2.728,0.97,360,4.3,0
659,13/01/1999,13,23,5.3,0,3.045,0.98,360,4.3,0
660,13/01/1999,13,24,6.3,0,3.326,0.98,360,4.5,0
661,14/01/1999,14,1,7.2,0,3.658,0.96,360,4.5,0
662,14/01/1999,14,2,6.9,0,4.013,0.96,360,4.5,0
663,14/01/1999,14,3,6.7,0,4.13,0.96,360,4.5,0
664,14/01/1999,14,4,6.2,0,4.142,0.95,360,4.5,0
665,14/01/1999,14,5,6.3,0,4.095,0.95,360,4.5,0
666,14/01/1999,14,6,5.3,0,4.027,0.95,360,4.5,0
667,14/01/1999,14,7,5.1,0,3.747,0.93,360,4.5,0
668,14/01/1999,14,8,4.6,0,3.567,0.94,360,4.5,0
669,14/01/1999,14,9,5.2,123.4444444,3.413,0.91,360,4.5,0
670,14/01/1999,14,10,6.3,392.7777778,3.518,0.88,360,4.5,0
671,14/01/1999,14,11,7.3,572.3333333,4.115,0.86,360,4.5,0
672,14/01/1999,14,12,7.5,460.1111111,4.922,0.83,360,4.5,0
673,14/01/1999,14,13,8.1,527.4444444,5.475,0.79,360,4.5,0
674,14/01/1999,14,14,7.8,516.2222222,5.765,0.77,360,4.5,0
675,14/01/1999,14,15,8,224.4444444,5.85,0.77,360,4.5,0
676,14/01/1999,14,16,6.8,134.6666667,5.463,0.78,360,4.5,0
677,14/01/1999,14,17,6.1,11.22222222,4.971,0.81,360,4.5,0
678,14/01/1999,14,18,5.3,0,4.373,0.85,360,4.5,0
679,14/01/1999,14,19,5.5,0,3.873,0.88,360,4.5,0
680,14/01/1999,14,20,5.7,0,3.631,0.87,360,4.5,0
681,14/01/1999,14,21,5.3,0,3.583,0.89,360,4.5,0
682,14/01/1999,14,22,4.9,0,3.478,0.89,360,4.5,0
683,14/01/1999,14,23,4.8,0,3.421,0.91,360,4.5,0
684,14/01/1999,14,24,5.5,0,3.364,0.89,360,6.2,0
685,15/01/1999,15,1,5.4,0,3.385,0.89,360,6.2,0
686,15/01/1999,15,2,5.3,0,3.444,0.9,360,6.2,0
687,15/01/1999,15,3,5.5,0,3.526,0.9,360,6.2,0
688,15/01/1999,15,4,5.6,0,3.69,0.9,360,6.2,0
689,15/01/1999,15,5,5.4,0,3.749,0.92,360,6.2,0
690,15/01/1999,15,6,5.2,0,3.664,0.93,360,6.2,0
691,15/01/1999,15,7,5.6,0,3.813,0.93,360,6.2,0
692,15/01/1999,15,8,5,11.22222222,3.777,0.93,360,6.2,0
693,15/01/1999,15,9,5.2,112.2222222,3.787,0.93,360,6.2,0
694,15/01/1999,15,10,6.1,303,3.952,0.9,360,6.2,0
695,15/01/1999,15,11,7.5,460.1111111,4.437,0.86,360,6.2,0
696,15/01/1999,15,12,8.4,561.1111111,5.111,0.83,360,6.2,0
697,15/01/1999,15,13,8.7,482.5555556,5.787,0.83,360,6.2,0
698,15/01/1999,15,14,8.9,415.2222222,6.29,0.82,360,6.2,0
699,15/01/1999,15,15,8.7,280.5555556,6.456,0.8,360,6.2,0
700,15/01/1999,15,16,8.1,67.33333333,6.344,0.82,360,6.2,0
701,15/01/1999,15,17,7.9,11.22222222,6.032,0.85,360,6.2,0
702,15/01/1999,15,18,8.1,0,5.794,0.85,360,6.2,0
703,15/01/1999,15,19,7.9,0,5.746,0.83,360,6.2,0
704,15/01/1999,15,20,7.7,0,5.693,0.82,360,6.2,0
705,15/01/1999,15,21,7.6,0,5.655,0.83,360,6.2,0
706,15/01/1999,15,22,7.2,0,5.6,0.87,360,6.2,0
707,15/01/1999,15,23,7.5,0,5.58,0.82,360,6.2,0
708,15/01/1999,15,24,7.2,0,5.526,0.82,360,7.7,0
709,16/01/1999,16,1,7.2,0,5.475,0.84,360,7.7,0
710,16/01/1999,16,2,7.3,0,5.463,0.86,360,7.7,0
711,16/01/1999,16,3,7.9,0,5.515,0.89,360,7.7,0
712,16/01/1999,16,4,8.3,0,5.697,0.9,360,7.7,0
713,16/01/1999,16,5,8.8,0,5.96,0.91,360,7.7,0
714,16/01/1999,16,6,8.8,0,6.247,0.89,360,7.7,0
715,16/01/1999,16,7,8.9,0,6.455,0.83,360,7.7,0
716,16/01/1999,16,8,8.8,0,6.474,0.79,360,7.7,0
717,16/01/1999,16,9,9,33.66666667,6.334,0.77,360,7.7,0
718,16/01/1999,16,10,9.1,89.77777778,6.327,0.78,360,7.7,0
719,16/01/1999,16,11,9.3,157.1111111,6.468,0.79,360,7.7,0
720,16/01/1999,16,12,9.9,280.5555556,6.704,0.78,360,7.7,0
721,16/01/1999,16,13,9.4,179.5555556,7.054,0.84,360,7.7,0
722,16/01/1999,16,14,9.2,78.55555556,7.16,0.86,360,7.7,0
723,16/01/1999,16,15,9.3,67.33333333,7.145,0.84,360,7.7,0
724,16/01/1999,16,16,8.7,33.66666667,7.125,0.88,360,7.7,0
725,16/01/1999,16,17,8.4,0,7.09,0.91,360,7.7,0
726,16/01/1999,16,18,8.1,0,7.023,0.91,360,7.7,0
727,16/01/1999,16,19,8,0,6.893,0.89,360,7.7,0
728,16/01/1999,16,20,7.8,0,6.757,0.91,360,7.7,0
729,16/01/1999,16,21,8.2,0,6.71,0.92,360,7.7,0
730,16/01/1999,16,22,7.9,0,6.734,0.93,360,7.7,0
731,16/01/1999,16,23,7,0,6.782,0.95,360,7.7,0
732,16/01/1999,16,24,6.4,0,6.772,0.97,360,2.4,0
733,17/01/1999,17,1,6.4,0,6.607,0.98,360,2.4,0
734,17/01/1999,17,2,6.3,0,6.434,0.94,360,2.4,0
735,17/01/1999,17,3,6.1,0,6.234,0.89,360,2.4,0
736,17/01/1999,17,4,5.9,0,5.999,0.89,360,2.4,0
737,17/01/1999,17,5,5.7,0,5.828,0.89,360,2.4,0
738,17/01/1999,17,6,5.1,0,5.702,0.93,360,2.4,0
739,17/01/1999,17,7,4.9,0,5.548,0.95,360,2.4,0
740,17/01/1999,17,8,4.9,0,5.412,0.95,360,2.4,0
741,17/01/1999,17,9,4.9,22.44444444,5.302,0.95,360,2.4,0
742,17/01/1999,17,10,5.3,67.33333333,5.314,0.95,360,2.4,0
743,17/01/1999,17,11,5.7,157.1111111,5.462,0.93,360,2.4,0
744,17/01/1999,17,12,6.3,157.1111111,5.715,0.91,360,2.4,0
745,17/01/1999,17,13,6.8,291.7777778,6.012,0.89,360,2.4,0
746,17/01/1999,17,14,7,314.2222222,6.383,0.87,360,2.4,0
747,17/01/1999,17,15,7.1,179.5555556,6.654,0.88,360,2.4,0
748,17/01/1999,17,16,7.1,67.33333333,6.704,0.88,360,2.4,0
749,17/01/1999,17,17,6.5,11.22222222,6.524,0.9,360,2.4,0
750,17/01/1999,17,18,6.6,0,6.116,0.89,360,2.4,0
751,17/01/1999,17,19,5.4,0,5.963,0.91,360,2.4,0
752,17/01/1999,17,20,4.5,0,5.533,0.94,360,2.4,0
753,17/01/1999,17,21,4.6,0,4.896,0.95,360,2.4,0
754,17/01/1999,17,22,3.9,0,4.27,0.96,360,2.4,0
755,17/01/1999,17,23,3.8,0,3.725,0.97,360,2.4,0
756,17/01/1999,17,24,3.2,0,3.296,0.98,360,3.3,0
757,18/01/1999,18,1,1.8,0,2.926,0.99,360,3.3,0
758,18/01/1999,18,2,2.2,0,2.658,1,360,3.3,0
759,18/01/1999,18,3,2.7,0,2.475,1,360,3.3,0
760,18/01/1999,18,4,1.7,0,2.323,1,360,3.3,0
761,18/01/1999,18,5,0.5,0,2.203,1,360,3.3,0
762,18/01/1999,18,6,0.6,0,2.107,1,360,3.3,0
763,18/01/1999,18,7,-0.4,0,2.006,1,360,3.3,0
764,18/01/1999,18,8,0.3,11.22222222,1.913,1,360,3.3,0
765,18/01/1999,18,9,0.8,269.3333333,1.832,1,360,3.3,0
766,18/01/1999,18,10,4.8,448.8888889,1.789,0.99,360,3.3,0
767,18/01/1999,18,11,6.1,606,1.989,0.83,360,3.3,0
768,18/01/1999,18,12,7.5,740.6666667,2.906,0.77,360,3.3,0
769,18/01/1999,18,13,7.8,729.4444444,4.188,0.73,360,3.3,0
770,18/01/1999,18,14,7.8,606,5.088,0.73,360,3.3,0
771,18/01/1999,18,15,7.3,381.5555556,5.41,0.78,360,3.3,0
772,18/01/1999,18,16,6.2,101,5.222,0.83,360,3.3,0
773,18/01/1999,18,17,5.6,0,4.838,0.86,360,3.3,0
774,18/01/1999,18,18,4.8,0,4.551,0.92,360,3.3,0
775,18/01/1999,18,19,4.9,0,4.337,0.9,360,3.3,0
776,18/01/1999,18,20,5.3,0,4.14,0.89,360,3.3,0
777,18/01/1999,18,21,5.4,0,4.126,0.87,360,3.3,0
778,18/01/1999,18,22,5.7,0,4.178,0.87,360,3.3,0
779,18/01/1999,18,23,6.2,0,4.28,0.86,360,3.3,0
780,18/01/1999,18,24,6.3,0,4.386,0.87,360,6.8,0
781,19/01/1999,19,1,6,0,4.445,0.88,360,6.8,0
782,19/01/1999,19,2,5.6,0,4.502,0.89,360,6.8,0
783,19/01/1999,19,3,6.2,0,4.535,0.89,360,6.8,0
784,19/01/1999,19,4,6.1,0,4.614,0.9,360,6.8,0
785,19/01/1999,19,5,6,0,4.591,0.9,360,6.8,0
786,19/01/1999,19,6,5.4,0,4.537,0.91,360,6.8,0
787,19/01/1999,19,7,5.6,0,4.486,0.91,360,6.8,0
788,19/01/1999,19,8,6.1,11.22222222,4.509,0.91,360,6.8,0
789,19/01/1999,19,9,6.5,123.4444444,4.694,0.9,360,6.8,0
790,19/01/1999,19,10,6.6,145.8888889,5.022,0.89,360,6.8,0
791,19/01/1999,19,11,7.4,280.5555556,5.379,0.87,360,6.8,0
792,19/01/1999,19,12,7.9,347.8888889,5.873,0.83,360,6.8,0
793,19/01/1999,19,13,8.8,426.4444444,6.247,0.79,360,6.8,0
794,19/01/1999,19,14,8.8,269.3333333,6.563,0.77,360,6.8,0
795,19/01/1999,19,15,8.5,157.1111111,6.653,0.82,360,6.8,0
796,19/01/1999,19,16,8.6,67.33333333,6.594,0.8,360,6.8,0
797,19/01/1999,19,17,8.6,0,6.484,0.81,360,6.8,0
798,19/01/1999,19,18,8.7,0,6.368,0.83,360,6.8,0
799,19/01/1999,19,19,8.8,0,6.344,0.82,360,6.8,0
800,19/01/1999,19,20,8.7,0,6.323,0.81,360,6.8,0
801,19/01/1999,19,21,8.7,0,6.314,0.81,360,6.8,0
802,19/01/1999,19,22,8.8,0,6.331,0.8,360,6.8,0
803,19/01/1999,19,23,8.5,0,6.324,0.82,360,6.8,0
804,19/01/1999,19,24,8.2,0,6.31,0.86,360,3.9,0
805,20/01/1999,20,1,8.1,0,6.288,0.88,360,3.9,0
806,20/01/1999,20,2,8.3,0,6.305,0.9,360,3.9,0
807,20/01/1999,20,3,8.6,0,6.376,0.93,360,3.9,0
808,20/01/1999,20,4,8.5,0,6.527,0.93,360,3.9,0
809,20/01/1999,20,5,8.1,0,6.7,0.93,360,3.9,0
810,20/01/1999,20,6,7.9,0,6.75,0.88,360,3.9,0
811,20/01/1999,20,7,8,0,6.689,0.78,360,3.9,0
812,20/01/1999,20,8,8.1,11.22222222,6.518,0.7,360,3.9,0
813,20/01/1999,20,9,8.4,67.33333333,6.301,0.68,360,3.9,0
814,20/01/1999,20,10,9.1,123.4444444,6.294,0.56,360,3.9,0
815,20/01/1999,20,11,9.7,258.1111111,6.452,0.57,360,3.9,0
816,20/01/1999,20,12,9.8,291.7777778,6.771,0.6,360,3.9,0
817,20/01/1999,20,13,11,303,6.998,0.62,360,3.9,0
818,20/01/1999,20,14,10.9,314.2222222,7.325,0.64,360,3.9,0
819,20/01/1999,20,15,10.6,179.5555556,7.62,0.67,360,3.9,0
820,20/01/1999,20,16,10.3,44.88888889,7.575,0.69,360,3.9,0
821,20/01/1999,20,17,10.1,0,7.34,0.71,360,3.9,0
822,20/01/1999,20,18,9.7,0,7.145,0.78,360,3.9,0
823,20/01/1999,20,19,9.2,0,7.05,0.83,360,3.9,0
824,20/01/1999,20,20,9,0,7.02,0.84,360,3.9,0
825,20/01/1999,20,21,9.3,0,7.025,0.82,360,3.9,0
826,20/01/1999,20,22,9.2,0,7.04,0.83,360,3.9,0
827,20/01/1999,20,23,9,0,7.007,0.84,360,3.9,0
828,20/01/1999,20,24,8.8,0,6.974,0.85,360,1,0
829,21/01/1999,21,1,8.4,0,6.956,0.9,360,1,0
830,21/01/1999,21,2,8.3,0,6.95,0.88,360,1,0
831,21/01/1999,21,3,8.1,0,6.889,0.9,360,1,0
832,21/01/1999,21,4,7.8,0,6.696,0.88,360,1,0
833,21/01/1999,21,5,7.7,0,6.472,0.88,360,1,0
834,21/01/1999,21,6,8.1,0,6.406,0.88,360,1,0
835,21/01/1999,21,7,8,0,6.431,0.88,360,1,0
836,21/01/1999,21,8,7.1,0,6.398,0.9,360,1,0
837,21/01/1999,21,9,8,78.55555556,6.225,0.86,360,1,0
838,21/01/1999,21,10,7.9,101,6.374,0.87,360,1,0
839,21/01/1999,21,11,9.7,134.6666667,6.659,0.81,360,1,0
840,21/01/1999,21,12,9.9,336.6666667,7.047,0.83,360,1,0
841,21/01/1999,21,13,10.6,448.8888889,7.94,0.77,360,1,0
842,21/01/1999,21,14,10.8,325.4444444,8.82,0.78,360,1,0
843,21/01/1999,21,15,10.5,202,9.155,0.82,360,1,0
844,21/01/1999,21,16,10.2,67.33333333,9.03,0.81,360,1,0
845,21/01/1999,21,17,9.2,11.22222222,8.61,0.86,360,1,0
846,21/01/1999,21,18,8.7,0,8.035,0.87,360,1,0
847,21/01/1999,21,19,7.5,0,7.435,0.92,360,1,0
848,21/01/1999,21,20,7.5,0,6.922,0.94,360,1,0
849,21/01/1999,21,21,6.1,0,6.488,0.96,360,1,0
850,21/01/1999,21,22,5.8,0,6.06,0.97,360,1,0
851,21/01/1999,21,23,4.9,0,5.643,0.99,360,1,0
852,21/01/1999,21,24,4.7,0,5.258,0.99,360,1.4,0
853,22/01/1999,22,1,5,0,5.074,1,360,1.4,0
854,22/01/1999,22,2,5.2,0,5.125,1,360,1.4,0
855,22/01/1999,22,3,5.6,0,5.173,1,360,1.4,0
856,22/01/1999,22,4,6,0,5.365,1,360,1.4,0
857,22/01/1999,22,5,6.4,0,5.59,1,360,1.4,0
858,22/01/1999,22,6,6.6,0,5.797,1,360,1.4,0
859,22/01/1999,22,7,6.5,0,5.953,1,360,1.4,0
860,22/01/1999,22,8,6.6,0,6.032,1,360,1.4,0
861,22/01/1999,22,9,6.6,78.55555556,6.078,1,360,1.4,0
862,22/01/1999,22,10,7,134.6666667,6.259,1,360,1.4,0
863,22/01/1999,22,11,7.5,123.4444444,6.574,1,360,1.4,0
864,22/01/1999,22,12,7.9,168.3333333,6.975,1,360,1.4,0
865,22/01/1999,22,13,8.2,213.2222222,7.5,1,360,1.4,0
866,22/01/1999,22,14,8.4,101,7.88,1,360,1.4,0
867,22/01/1999,22,15,8.6,78.55555556,7.985,0.98,360,1.4,0
868,22/01/1999,22,16,8.4,44.88888889,8.01,0.97,360,1.4,0
869,22/01/1999,22,17,7.9,0,7.93,0.97,360,1.4,0
870,22/01/1999,22,18,7.7,0,7.74,0.97,360,1.4,0
871,22/01/1999,22,19,7.5,0,7.575,0.98,360,1.4,0
872,22/01/1999,22,20,7.3,0,7.455,0.98,360,1.4,0
873,22/01/1999,22,21,7.3,0,7.36,0.98,360,1.4,0
874,22/01/1999,22,22,7,0,7.28,0.98,360,1.4,0
875,22/01/1999,22,23,7.3,0,7.2,0.97,360,1.4,0
876,22/01/1999,22,24,7.1,0,7.13,0.96,360,2.1,0
877,23/01/1999,23,1,7.1,0,7.06,0.95,360,2.1,0
878,23/01/1999,23,2,6.9,0,6.994,0.95,360,2.1,0
879,23/01/1999,23,3,6.6,0,6.918,0.96,360,2.1,0
880,23/01/1999,23,4,6,0,6.795,0.96,360,2.1,0
881,23/01/1999,23,5,5.7,0,6.522,0.97,360,2.1,0
882,23/01/1999,23,6,5.8,0,6.297,0.98,360,2.1,0
883,23/01/1999,23,7,5.9,0,6.227,0.98,360,2.1,0
884,23/01/1999,23,8,5.9,11.22222222,6.231,0.99,360,2.1,0
885,23/01/1999,23,9,6.4,78.55555556,6.324,0.99,360,2.1,0
886,23/01/1999,23,10,6.8,157.1111111,6.583,0.98,360,2.1,0
887,23/01/1999,23,11,7.1,370.3333333,6.966,0.95,360,2.1,0
888,23/01/1999,23,12,7.9,583.5555556,7.58,0.89,360,2.1,0
889,23/01/1999,23,13,7.7,448.8888889,8.06,0.86,360,2.1,0
890,23/01/1999,23,14,7.5,527.4444444,8.47,0.86,360,2.1,0
891,23/01/1999,23,15,6.6,392.7777778,8.475,0.9,360,2.1,0
892,23/01/1999,23,16,5.7,101,7.955,0.94,360,2.1,0
893,23/01/1999,23,17,4.8,11.22222222,7.395,0.96,360,2.1,0
894,23/01/1999,23,18,4.3,0,6.916,0.97,360,2.1,0
895,23/01/1999,23,19,3.7,0,6.56,0.98,360,2.1,0
896,23/01/1999,23,20,3.6,0,6.247,0.99,360,2.1,0
897,23/01/1999,23,21,3.9,0,5.988,0.99,360,2.1,0
898,23/01/1999,23,22,4.1,0,5.837,0.99,360,2.1,0
899,23/01/1999,23,23,4.3,0,5.769,1,360,2.1,0
900,23/01/1999,23,24,4.5,0,5.753,1,360,3.9,0
901,24/01/1999,24,1,4.6,0,5.746,1,360,3.9,0
902,24/01/1999,24,2,5,0,5.747,1,360,3.9,0
903,24/01/1999,24,3,5.4,0,5.777,1,360,3.9,0
904,24/01/1999,24,4,5.6,0,5.842,1,360,3.9,0
905,24/01/1999,24,5,5.9,0,5.914,1,360,3.9,0
906,24/01/1999,24,6,5.9,0,5.991,1,360,3.9,0
907,24/01/1999,24,7,5.7,0,6.052,1,360,3.9,0
908,24/01/1999,24,8,5.8,0,6.087,1,360,3.9,0
909,24/01/1999,24,9,6,22.44444444,6.13,1,360,3.9,0
910,24/01/1999,24,10,6.4,56.11111111,6.24,1,360,3.9,0
911,24/01/1999,24,11,6.8,112.2222222,6.418,0.99,360,3.9,0
912,24/01/1999,24,12,7.2,145.8888889,6.705,0.99,360,3.9,0
913,24/01/1999,24,13,7.7,157.1111111,7.019,0.99,360,3.9,0
914,24/01/1999,24,14,8.2,202,7.305,0.98,360,3.9,0
915,24/01/1999,24,15,8.6,123.4444444,7.625,0.98,360,3.9,0
916,24/01/1999,24,16,8.8,44.88888889,7.805,0.98,360,3.9,0
917,24/01/1999,24,17,8.8,11.22222222,7.85,0.98,360,3.9,0
918,24/01/1999,24,18,9,0,7.85,0.98,360,3.9,0
919,24/01/1999,24,19,9.1,0,7.9,0.98,360,3.9,0
920,24/01/1999,24,20,9.2,0,7.985,0.98,360,3.9,0
921,24/01/1999,24,21,9.6,0,8.07,0.97,360,3.9,0
922,24/01/1999,24,22,9.9,0,8.17,0.96,360,3.9,0
923,24/01/1999,24,23,9.9,0,8.31,0.97,360,3.9,0
924,24/01/1999,24,24,9.9,0,8.435,0.96,360,5.8,0
925,25/01/1999,25,1,10.1,0,8.525,0.96,360,5.8,0
926,25/01/1999,25,2,10,0,8.615,0.97,360,5.8,0
927,25/01/1999,25,3,10.1,0,8.71,0.96,360,5.8,0
928,25/01/1999,25,4,10.4,0,8.8,0.95,360,5.8,0
929,25/01/1999,25,5,10.4,0,8.85,0.94,360,5.8,0
930,25/01/1999,25,6,10.5,0,8.86,0.93,360,5.8,0
931,25/01/1999,25,7,10.3,0,8.835,0.93,360,5.8,0
932,25/01/1999,25,8,10.3,0,8.81,0.92,360,5.8,0
933,25/01/1999,25,9,11.1,89.77777778,8.82,0.88,360,5.8,0
934,25/01/1999,25,10,11.6,303,9,0.85,360,5.8,0
935,25/01/1999,25,11,12.3,213.2222222,9.345,0.81,360,5.8,0
936,25/01/1999,25,12,12.8,359.1111111,9.605,0.8,360,5.8,0
937,25/01/1999,25,13,13,258.1111111,9.94,0.79,360,5.8,0
938,25/01/1999,25,14,12.9,202,10.07,0.81,360,5.8,0
939,25/01/1999,25,15,12.2,44.88888889,10.12,0.87,360,5.8,0
940,25/01/1999,25,16,12.1,67.33333333,10.075,0.89,360,5.8,0
941,25/01/1999,25,17,11.8,0,10.085,0.91,360,5.8,0
942,25/01/1999,25,18,11.5,0,10.025,0.95,360,5.8,0
943,25/01/1999,25,19,8.7,11.22222222,9.985,0.95,360,5.8,0
944,25/01/1999,25,20,8.6,0,9.765,0.97,360,5.8,0
945,25/01/1999,25,21,8.3,0,9.385,0.98,360,5.8,0
946,25/01/1999,25,22,7.4,0,9.11,0.97,360,5.8,0
947,25/01/1999,25,23,6.7,0,8.745,0.97,360,5.8,0
948,25/01/1999,25,24,6.3,0,8.37,0.98,360,4.6,0
949,26/01/1999,26,1,5.8,0,8.015,0.98,360,4.6,0
950,26/01/1999,26,2,5.8,0,7.71,0.98,360,4.6,0
951,26/01/1999,26,3,5.7,0,7.48,0.97,360,4.6,0
952,26/01/1999,26,4,5.5,0,7.27,0.97,360,4.6,0
953,26/01/1999,26,5,4.9,0,7.016,0.97,360,4.6,0
954,26/01/1999,26,6,5.2,0,6.602,0.96,360,4.6,0
955,26/01/1999,26,7,5.2,0,6.442,0.96,360,4.6,0
956,26/01/1999,26,8,5,0,6.32,0.97,360,4.6,0
957,26/01/1999,26,9,5.5,89.77777778,6.104,0.97,360,4.6,0
958,26/01/1999,26,10,5.9,235.6666667,6.171,1,360,4.6,0
959,26/01/1999,26,11,6.8,404,6.513,1,360,4.6,0
960,26/01/1999,26,12,7.4,538.6666667,7.1,0.98,360,4.6,0
961,26/01/1999,26,13,8.3,751.8888889,7.635,0.74,360,4.6,0
962,26/01/1999,26,14,8.5,594.7777778,8.03,0.71,360,4.6,0
963,26/01/1999,26,15,8.1,280.5555556,8.075,0.71,360,4.6,0
964,26/01/1999,26,16,8.1,101,7.825,0.73,360,4.6,0
965,26/01/1999,26,17,7.4,22.44444444,7.505,0.77,360,4.6,0
966,26/01/1999,26,18,7.4,0,7.1,0.78,360,4.6,0
967,26/01/1999,26,19,7.5,0,6.834,0.79,360,4.6,0
968,26/01/1999,26,20,8,0,6.752,0.78,360,4.6,0
969,26/01/1999,26,21,7.5,0,6.789,0.83,360,4.6,0
970,26/01/1999,26,22,7.7,0,6.843,0.81,360,4.6,0
971,26/01/1999,26,23,5.7,0,6.805,0.8,360,4.6,0
972,26/01/1999,26,24,5.3,0,6.313,0.83,360,4,0
973,27/01/1999,27,1,5.4,0,5.872,0.78,360,4,0
974,27/01/1999,27,2,5.4,0,5.628,0.75,360,4,0
975,27/01/1999,27,3,5.2,0,5.407,0.75,360,4,0
976,27/01/1999,27,4,4.9,0,5.266,0.76,360,4,0
977,27/01/1999,27,5,4.9,0,5.13,0.73,360,4,0
978,27/01/1999,27,6,4.8,0,5.02,0.74,360,4,0
979,27/01/1999,27,7,4.6,0,4.899,0.75,360,4,0
980,27/01/1999,27,8,4.3,11.22222222,4.707,0.74,360,4,0
981,27/01/1999,27,9,4.8,89.77777778,4.455,0.71,360,4,0
982,27/01/1999,27,10,5.5,246.8888889,4.632,0.73,360,4,0
983,27/01/1999,27,11,6,426.4444444,5.162,0.68,360,4,0
984,27/01/1999,27,12,6.2,448.8888889,5.749,0.68,360,4,0
985,27/01/1999,27,13,6.8,796.7777778,6.247,0.68,360,4,0
986,27/01/1999,27,14,7.2,370.3333333,7.021,0.67,360,4,0
987,27/01/1999,27,15,7.1,370.3333333,6.889,0.62,360,4,0
988,27/01/1999,27,16,6.6,168.3333333,6.646,0.67,360,4,0
989,27/01/1999,27,17,5.7,11.22222222,6.277,0.7,360,4,0
990,27/01/1999,27,18,4.9,0,5.792,0.74,360,4,0
991,27/01/1999,27,19,5.8,0,5.443,0.72,360,4,0
992,27/01/1999,27,20,5.8,0,5.255,0.73,360,4,0
993,27/01/1999,27,21,6.2,0,5.218,0.74,360,4,0
994,27/01/1999,27,22,5.6,0,5.265,0.87,360,4,0
995,27/01/1999,27,23,5.8,0,5.393,0.92,360,4,0
996,27/01/1999,27,24,6.6,0,5.567,0.93,360,4.9,0
997,28/01/1999,28,1,7,0,5.759,0.92,360,4.9,0
998,28/01/1999,28,2,7.1,0,5.964,0.93,360,4.9,0
999,28/01/1999,28,3,7.3,0,6.158,0.94,360,4.9,0
1000,28/01/1999,28,4,8,0,6.325,0.95,360,4.9,0
1001,28/01/1999,28,5,7.9,0,6.525,0.96,360,4.9,0
1002,28/01/1999,28,6,8.4,0,6.768,0.96,360,4.9,0
1003,28/01/1999,28,7,9.3,0,6.985,0.92,360,4.9,0
1004,28/01/1999,28,8,9.6,0,7.21,0.91,360,4.9,0
1005,28/01/1999,28,9,9.8,22.44444444,7.44,0.89,360,4.9,0
1006,28/01/1999,28,10,10.4,89.77777778,7.67,0.86,360,4.9,0
1007,28/01/1999,28,11,10.5,101,7.97,0.85,360,4.9,0
1008,28/01/1999,28,12,10.8,56.11111111,8.195,0.81,360,4.9,0
1009,28/01/1999,28,13,10.7,44.88888889,8.285,0.8,360,4.9,0
1010,28/01/1999,28,14,10.2,101,8.3,0.85,360,4.9,0
1011,28/01/1999,28,15,9.6,67.33333333,8.355,0.85,360,4.9,0
1012,28/01/1999,28,16,9.4,22.44444444,8.355,0.87,360,4.9,0
1013,28/01/1999,28,17,8.8,11.22222222,8.215,0.76,360,4.9,0
1014,28/01/1999,28,18,8.4,0,7.8,0.79,360,4.9,0
1015,28/01/1999,28,19,8,0,7.355,0.76,360,4.9,0
1016,28/01/1999,28,20,7.1,0,6.876,0.8,360,4.9,0
1017,28/01/1999,28,21,5.7,0,6.363,0.86,360,4.9,0
1018,28/01/1999,28,22,4.2,0,5.818,0.87,360,4.9,0
1019,28/01/1999,28,23,3.6,0,5.301,0.91,360,4.9,0
1020,28/01/1999,28,24,3.2,0,4.853,0.9,360,2.2,0
1021,29/01/1999,29,1,3,0,4.48,0.92,360,2.2,0
1022,29/01/1999,29,2,3.5,0,4.155,0.91,360,2.2,0
1023,29/01/1999,29,3,3.5,0,3.885,0.93,360,2.2,0
1024,29/01/1999,29,4,2.8,0,3.828,0.91,360,2.2,0
1025,29/01/1999,29,5,2.4,0,3.801,0.93,360,2.2,0
1026,29/01/1999,29,6,2.7,0,3.609,0.94,360,2.2,0
1027,29/01/1999,29,7,2.2,0,3.428,0.94,360,2.2,0
1028,29/01/1999,29,8,2.2,22.44444444,3.288,0.95,360,2.2,0
1029,29/01/1999,29,9,3.1,101,3.212,0.96,360,2.2,0
1030,29/01/1999,29,10,4,101,3.611,0.93,360,2.2,0
1031,29/01/1999,29,11,3.7,89.77777778,4.179,0.86,360,2.2,0
1032,29/01/1999,29,12,3.5,325.4444444,4.555,0.76,360,2.2,0
1033,29/01/1999,29,13,3.8,830.4444444,5.296,0.71,360,2.2,0
1034,29/01/1999,29,14,4.3,572.3333333,6.031,0.65,360,2.2,0
1035,29/01/1999,29,15,3.5,404,6.142,0.65,360,2.2,0
1036,29/01/1999,29,16,2.5,202,5.972,0.68,360,2.2,0
1037,29/01/1999,29,17,1.3,44.88888889,5.243,0.7,360,2.2,0
1038,29/01/1999,29,18,0.3,0,4.276,0.73,360,2.2,0
1039,29/01/1999,29,19,-0.3,0,3.366,0.75,360,2.2,0
1040,29/01/1999,29,20,-0.6,0,2.777,0.76,360,2.2,0
1041,29/01/1999,29,21,-0.5,0,2.567,0.79,360,2.2,0
1042,29/01/1999,29,22,-0.5,0,2.408,0.75,360,2.2,0
1043,29/01/1999,29,23,-0.8,0,2.272,0.76,360,2.2,0
1044,29/01/1999,29,24,-0.7,0,2.171,0.73,360,1.2,0
1045,30/01/1999,30,1,-0.9,0,2.087,0.75,360,1.2,0
1046,30/01/1999,30,2,-1.4,0,2.006,0.75,360,1.2,0
1047,30/01/1999,30,3,-2.1,0,1.899,0.79,360,1.2,0
1048,30/01/1999,30,4,-2.9,0,1.756,0.82,360,1.2,0
1049,30/01/1999,30,5,-2.6,0,1.615,0.85,360,1.2,0
1050,30/01/1999,30,6,-3.1,0,1.485,0.87,360,1.2,0
1051,30/01/1999,30,7,-3.5,0,1.354,0.86,360,1.2,0
1052,30/01/1999,30,8,-3.2,33.66666667,1.237,0.89,360,1.2,0
1053,30/01/1999,30,9,-1.8,370.3333333,0,0.85,360,1.2,0
1054,30/01/1999,30,10,-0.4,695.7777778,0,0.81,360,1.2,0
1055,30/01/1999,30,11,1.2,886.5555556,0,0.71,360,1.2,0
1056,30/01/1999,30,12,1.9,852.8888889,0,0.63,360,1.2,0
1057,30/01/1999,30,13,2.7,796.7777778,1.085,0.5,360,1.2,0
1058,30/01/1999,30,14,2.6,718.2222222,2.483,0.42,360,1.2,0
1059,30/01/1999,30,15,2.6,538.6666667,2.991,0.45,360,1.2,0
1060,30/01/1999,30,16,1.4,280.5555556,2.799,0.55,360,1.2,0
1061,30/01/1999,30,17,0.3,44.88888889,2.212,0.64,360,1.2,0
1062,30/01/1999,30,18,-0.7,0,1.811,0.68,360,1.2,0
1063,30/01/1999,30,19,-1.5,0,1.627,0.71,360,1.2,0
1064,30/01/1999,30,20,-1.1,0,1.507,0.71,360,1.2,0
1065,30/01/1999,30,21,-1.7,0,1.385,0.72,360,1.2,0
1066,30/01/1999,30,22,-1.7,0,1.249,0.75,360,1.2,0
1067,30/01/1999,30,23,-2.4,0,1.123,0.74,360,1.2,0
1068,30/01/1999,30,24,-2.9,0,1.006,0.78,360,2.4,0
1069,31/01/1999,31,1,-2.9,0,0.896,0.8,360,2.4,0
1070,31/01/1999,31,2,-3,0,0.788,0.8,360,2.4,0
1071,31/01/1999,31,3,-3.1,0,0.7,0.82,360,2.4,0
1072,31/01/1999,31,4,-3.4,0,0.615,0.84,360,2.4,0
1073,31/01/1999,31,5,-2.6,0,0.533,0.81,360,2.4,0
1074,31/01/1999,31,6,-2.8,0,0.471,0.78,360,2.4,0
1075,31/01/1999,31,7,-2.7,0,0.39,0.78,360,2.4,0
1076,31/01/1999,31,8,-2.2,22.44444444,0.294,0.75,360,2.4,0
1077,31/01/1999,31,9,-0.5,235.6666667,0.198,0.68,360,2.4,0
1078,31/01/1999,31,10,0.5,516.2222222,0.2,0.63,360,2.4,0
1079,31/01/1999,31,11,1.6,684.5555556,0.265,0.61,360,2.4,0
1080,31/01/1999,31,12,3.2,796.7777778,0.326,0.57,360,2.4,0
1081,31/01/1999,31,13,3.2,763.1111111,0.385,0.55,360,2.4,0
1082,31/01/1999,31,14,3.4,740.6666667,0.543,0.57,360,2.4,0
1083,31/01/1999,31,15,3.3,549.8888889,1.112,0.59,360,2.4,0
1084,31/01/1999,31,16,2.2,280.5555556,1.265,0.6,360,2.4,0
1085,31/01/1999,31,17,1.6,44.88888889,1.069,0.63,360,2.4,0
1086,31/01/1999,31,18,0.5,0,0.961,0.7,360,2.4,0
1087,31/01/1999,31,19,-0.1,0,0.942,0.76,360,2.4,0
1088,31/01/1999,31,20,-0.5,0,0.93,0.79,360,2.4,0
1089,31/01/1999,31,21,-0.8,0,0.904,0.8,360,2.4,0
1090,31/01/1999,31,22,-0.3,0,0.866,0.8,360,2.4,0
1091,31/01/1999,31,23,-0.1,0,0.846,0.78,360,2.4,0
1092,31/01/1999,31,24,-0.6,0,0.83,0.78,360,1.5,0
1093,01/02/1999,31,1,-0.7,0,0.777,0.82,360,1.5,0
1094,01/02/1999,31,2,-1.4,0,0.714,0.82,360,1.5,0
1095,01/02/1999,31,3,-0.6,0,0.661,0.81,360,1.5,0
1096,01/02/1999,31,4,-0.7,0,0.638,0.84,360,1.5,0
1097,01/02/1999,31,5,-0.7,0,0.641,0.85,360,1.5,0
1098,01/02/1999,31,6,-0.5,0,0.653,0.87,360,1.5,0
1099,01/02/1999,31,7,-0.2,0,0.664,0.87,360,1.5,0
1100,01/02/1999,31,8,0.5,0,0.672,0.83,360,1.5,0
1101,01/02/1999,31,9,0.9,56.11111111,0.684,0.81,360,1.5,0
1102,01/02/1999,31,10,1.7,134.6666667,0.702,0.79,360,1.5,0
1103,01/02/1999,31,11,2.2,157.1111111,0.719,0.8,360,1.5,0
1104,01/02/1999,31,12,1.7,112.2222222,0.743,0.86,360,1.5,0
1105,01/02/1999,31,13,1.5,67.33333333,0.765,0.91,360,1.5,0
1106,01/02/1999,31,14,1.8,56.11111111,0.784,0.93,360,1.5,0
1107,01/02/1999,31,15,2.7,78.55555556,0.924,0.95,360,1.5,0
1108,01/02/1999,31,16,3.2,22.44444444,1.299,0.96,360,1.5,0
1109,01/02/1999,31,17,3.6,0,1.618,0.97,360,1.5,0
1110,01/02/1999,31,18,4,0,1.895,0.97,360,1.5,0
1111,01/02/1999,31,19,4.3,0,2.198,0.97,360,1.5,0
1112,01/02/1999,31,20,4.3,0,2.448,0.96,360,1.5,0
1113,01/02/1999,31,21,4.5,0,2.672,0.95,360,1.5,0
1114,01/02/1999,31,22,4.3,0,2.871,0.94,360,1.5,0
1115,01/02/1999,31,23,4.1,0,2.984,0.96,360,1.5,0
1116,01/02/1999,31,24,4.3,0,3.064,0.96,360,2.1,0
1117,02/02/1999,32,1,4.3,0,3.135,0.95,360,2.1,0
1118,02/02/1999,32,2,4.3,0,3.181,0.95,360,2.1,0
1119,02/02/1999,32,3,4.4,0,3.217,0.95,360,2.1,0
1120,02/02/1999,32,4,4.5,0,3.254,0.92,360,2.1,0
1121,02/02/1999,32,5,4.3,0,3.295,0.92,360,2.1,0
1122,02/02/1999,32,6,4.7,0,3.352,0.91,360,2.1,0
1123,02/02/1999,32,7,4.5,0,3.401,0.91,360,2.1,0
1124,02/02/1999,32,8,4.8,11.22222222,3.44,0.9,360,2.1,0
1125,02/02/1999,32,9,5.1,44.88888889,3.541,0.9,360,2.1,0
1126,02/02/1999,32,10,5.7,89.77777778,3.796,0.88,360,2.1,0
1127,02/02/1999,32,11,6.2,157.1111111,4.22,0.86,360,2.1,0
1128,02/02/1999,32,12,6.5,179.5555556,4.724,0.88,360,2.1,0
1129,02/02/1999,32,13,6.9,224.4444444,5.174,0.85,360,2.1,0
1130,02/02/1999,32,14,6.8,112.2222222,5.551,0.85,360,2.1,0
1131,02/02/1999,32,15,6.9,101,5.561,0.86,360,2.1,0
1132,02/02/1999,32,16,6.6,44.88888889,5.576,0.88,360,2.1,0
1133,02/02/1999,32,17,6.3,11.22222222,5.457,0.89,360,2.1,0
1134,02/02/1999,32,18,6.5,0,5.288,0.89,360,2.1,0
1135,02/02/1999,32,19,6.6,0,5.158,0.9,360,2.1,0
1136,02/02/1999,32,20,6.4,0,5.029,0.88,360,2.1,0
1137,02/02/1999,32,21,6.2,0,4.837,0.9,360,2.1,0
1138,02/02/1999,32,22,6.3,0,4.736,0.89,360,2.1,0
1139,02/02/1999,32,23,6.1,0,4.742,0.89,360,2.1,0
1140,02/02/1999,32,24,5.6,0,4.759,0.91,360,2.2,0
1141,03/02/1999,33,1,5.4,0,4.752,0.9,360,2.2,0
1142,03/02/1999,33,2,3.9,0,4.612,0.92,360,2.2,0
1143,03/02/1999,33,3,3.3,0,4.16,0.94,360,2.2,0
1144,03/02/1999,33,4,3.7,0,3.804,0.95,360,2.2,0
1145,03/02/1999,33,5,2.7,0,3.566,0.95,360,2.2,0
1146,03/02/1999,33,6,2.9,0,3.333,0.96,360,2.2,0
1147,03/02/1999,33,7,2.7,0,3.169,0.96,360,2.2,0
1148,03/02/1999,33,8,3,11.22222222,2.988,0.96,360,2.2,0
1149,03/02/1999,33,9,3.5,67.33333333,3.11,0.97,360,2.2,0
1150,03/02/1999,33,10,4.2,123.4444444,3.562,0.96,360,2.2,0
1151,03/02/1999,33,11,5,168.3333333,4.139,0.95,360,2.2,0
1152,03/02/1999,33,12,5.8,303,4.871,0.93,360,2.2,0
1153,03/02/1999,33,13,7,246.8888889,5.578,0.92,360,2.2,0
1154,03/02/1999,33,14,7.8,325.4444444,6.047,0.89,360,2.2,0
1155,03/02/1999,33,15,7.7,258.1111111,6.601,0.87,360,2.2,0
1156,03/02/1999,33,16,7.6,78.55555556,6.775,0.89,360,2.2,0
1157,03/02/1999,33,17,7.5,11.22222222,6.554,0.91,360,2.2,0
1158,03/02/1999,33,18,7.6,0,6.308,0.89,360,2.2,0
1159,03/02/1999,33,19,7.4,0,6.182,0.91,360,2.2,0
1160,03/02/1999,33,20,7.3,0,6.134,0.94,360,2.2,0
1161,03/02/1999,33,21,7.2,0,6.115,0.94,360,2.2,0
1162,03/02/1999,33,22,7.3,0,6.108,0.94,360,2.2,0
1163,03/02/1999,33,23,7.3,0,6.123,0.94,360,2.2,0
1164,03/02/1999,33,24,7.3,0,6.13,0.94,360,4.3,0
1165,04/02/1999,34,1,7.1,0,6.111,0.94,360,4.3,0
1166,04/02/1999,34,2,7.2,0,6.095,0.94,360,4.3,0
1167,04/02/1999,34,3,7.3,0,6.095,0.93,360,4.3,0
1168,04/02/1999,34,4,7.1,0,6.123,0.96,360,4.3,0
1169,04/02/1999,34,5,7.1,0,6.167,0.97,360,4.3,0
1170,04/02/1999,34,6,7.4,0,6.198,0.96,360,4.3,0
1171,04/02/1999,34,7,7.5,0,6.244,0.94,360,4.3,0
1172,04/02/1999,34,8,7.5,0,6.304,0.94,360,4.3,0
1173,04/02/1999,34,9,7.4,22.44444444,6.401,0.96,360,4.3,0
1174,04/02/1999,34,10,7.7,56.11111111,6.552,0.94,360,4.3,0
1175,04/02/1999,34,11,8.6,179.5555556,6.74,0.89,360,4.3,0
1176,04/02/1999,34,12,9.1,202,7.11,0.86,360,4.3,0
1177,04/02/1999,34,13,9.4,202,7.45,0.84,360,4.3,0
1178,04/02/1999,34,14,9.4,134.6666667,7.665,0.84,360,4.3,0
1179,04/02/1999,34,15,9.4,101,7.7,0.82,360,4.3,0
1180,04/02/1999,34,16,9.5,56.11111111,7.68,0.83,360,4.3,0
1181,04/02/1999,34,17,9.2,0,7.565,0.83,360,4.3,0
1182,04/02/1999,34,18,9,0,7.43,0.87,360,4.3,0
1183,04/02/1999,34,19,8.9,0,7.36,0.88,360,4.3,0
1184,04/02/1999,34,20,9.1,0,7.335,0.89,360,4.3,0
1185,04/02/1999,34,21,9,0,7.34,0.9,360,4.3,0
1186,04/02/1999,34,22,8.6,0,7.38,0.94,360,4.3,0
1187,04/02/1999,34,23,8.9,0,7.455,0.96,360,4.3,0
1188,04/02/1999,34,24,8.8,0,7.535,0.96,360,5,0
1189,05/02/1999,35,1,9,0,7.615,0.95,360,5,0
1190,05/02/1999,35,2,8.9,0,7.62,0.92,360,5,0
1191,05/02/1999,35,3,8.9,0,7.515,0.86,360,5,0
1192,05/02/1999,35,4,7.9,0,7.335,0.76,360,5,0
1193,05/02/1999,35,5,7.8,0,6.831,0.76,360,5,0
1194,05/02/1999,35,6,7.1,0,6.467,0.71,360,5,0
1195,05/02/1999,35,7,7,0,6.248,0.72,360,5,0
1196,05/02/1999,35,8,6.7,11.22222222,6.026,0.76,360,5,0
1197,05/02/1999,35,9,7.4,235.6666667,5.913,0.74,360,5,0
1198,05/02/1999,35,10,7.4,280.5555556,6.172,0.71,360,5,0
1199,05/02/1999,35,11,7.5,134.6666667,6.48,0.73,360,5,0
1200,05/02/1999,35,12,8.3,213.2222222,6.512,0.7,360,5,0
1201,05/02/1999,35,13,8.4,190.7777778,6.751,0.69,360,5,0
1202,05/02/1999,35,14,8.3,527.4444444,7.073,0.69,360,5,0
1203,05/02/1999,35,15,7.5,112.2222222,7.39,0.78,360,5,0
1204,05/02/1999,35,16,7.5,89.77777778,7.075,0.78,360,5,0
1205,05/02/1999,35,17,7.2,22.44444444,6.835,0.81,360,5,0
1206,05/02/1999,35,18,7.3,0,6.543,0.8,360,5,0
1207,05/02/1999,35,19,6.6,0,6.344,0.81,360,5,0
1208,05/02/1999,35,20,5.9,0,6.187,0.85,360,5,0
1209,05/02/1999,35,21,6.3,0,5.911,0.78,360,5,0
1210,05/02/1999,35,22,5.7,0,5.569,0.87,360,5,0
1211,05/02/1999,35,23,6.5,0,5.264,0.82,360,5,0
1212,05/02/1999,35,24,6.1,0,5.366,0.82,360,4.6,0
1213,06/02/1999,36,1,6.4,0,5.186,0.82,360,4.6,0
1214,06/02/1999,36,2,6.1,0,5.139,0.84,360,4.6,0
1215,06/02/1999,36,3,5.9,0,5.121,0.85,360,4.6,0
1216,06/02/1999,36,4,6.5,0,4.985,0.83,360,4.6,0
1217,06/02/1999,36,5,6.5,0,5.139,0.84,360,4.6,0
1218,06/02/1999,36,6,6.6,0,5.3,0.8,360,4.6,0
1219,06/02/1999,36,7,6.5,0,5.352,0.81,360,4.6,0
1220,06/02/1999,36,8,6.5,0,5.352,0.81,360,4.6,0
1221,06/02/1999,36,9,6.5,78.55555556,5.389,0.82,360,4.6,0
1222,06/02/1999,36,10,6.9,213.2222222,5.633,0.82,360,4.6,0
1223,06/02/1999,36,11,7.6,303,6.088,0.77,360,4.6,0
1224,06/02/1999,36,12,7.6,269.3333333,6.603,0.74,360,4.6,0
1225,06/02/1999,36,13,7.9,291.7777778,6.82,0.72,360,4.6,0
1226,06/02/1999,36,14,7.7,303,7.08,0.73,360,4.6,0
1227,06/02/1999,36,15,7.1,134.6666667,7.095,0.81,360,4.6,0
1228,06/02/1999,36,16,6.6,67.33333333,6.906,0.82,360,4.6,0
1229,06/02/1999,36,17,6.3,11.22222222,6.557,0.81,360,4.6,0
1230,06/02/1999,36,18,6.2,0,6.2,0.82,360,4.6,0
1231,06/02/1999,36,19,6.2,0,5.907,0.81,360,4.6,0
1232,06/02/1999,36,20,5.3,0,5.665,0.89,360,4.6,0
1233,06/02/1999,36,21,5.3,0,5.577,0.92,360,4.6,0
1234,06/02/1999,36,22,5.9,0,5.549,0.87,360,4.6,0
1235,06/02/1999,36,23,6.1,0,5.49,0.85,360,4.6,0
1236,06/02/1999,36,24,6.3,0,5.473,0.89,360,4.1,0
1237,07/02/1999,37,1,6.6,0,5.494,0.89,360,4.1,0
1238,07/02/1999,37,2,6.8,0,5.548,0.9,360,4.1,0
1239,07/02/1999,37,3,3.7,0,5.715,0.88,360,4.1,0
1240,07/02/1999,37,4,3.5,0,5.394,0.94,360,4.1,0
1241,07/02/1999,37,5,4.4,0,5.056,0.96,360,4.1,0
1242,07/02/1999,37,6,4.5,0,5.005,0.93,360,4.1,0
1243,07/02/1999,37,7,3.9,0,4.871,0.9,360,4.1,0
1244,07/02/1999,37,8,3.8,22.44444444,4.558,0.89,360,4.1,0
1245,07/02/1999,37,9,4.2,213.2222222,4.267,0.86,360,4.1,0
1246,07/02/1999,37,10,4.7,482.5555556,4.527,0.72,360,4.1,0
1247,07/02/1999,37,11,5.1,763.1111111,5.145,0.63,360,4.1,0
1248,07/02/1999,37,12,3.1,359.1111111,5.881,0.79,360,4.1,0
1249,07/02/1999,37,13,3.9,662.1111111,5.818,0.63,360,4.1,0
1250,07/02/1999,37,14,3.9,493.7777778,6.07,0.65,360,4.1,0
1251,07/02/1999,37,15,4.4,538.6666667,5.799,0.62,360,4.1,0
1252,07/02/1999,37,16,3.3,246.8888889,5.293,0.55,360,4.1,0
1253,07/02/1999,37,17,2.4,89.77777778,4.402,0.54,360,4.1,0
1254,07/02/1999,37,18,1.9,0,3.311,0.56,360,4.1,0
1255,07/02/1999,37,19,0.9,0,2.478,0.63,360,4.1,0
1256,07/02/1999,37,20,1,0,2.263,0.67,360,4.1,0
1257,07/02/1999,37,21,0.3,0,2.129,0.81,360,4.1,0
1258,07/02/1999,37,22,-0.3,0,2.028,0.86,360,4.1,0
1259,07/02/1999,37,23,-0.7,0,1.909,0.88,360,4.1,0
1260,07/02/1999,37,24,-1,0,1.804,0.86,360,2.5,0
1261,08/02/1999,38,1,-1,0,1.711,0.83,360,2.5,0
1262,08/02/1999,38,2,-1.8,0,1.597,0.83,360,2.5,0
1263,08/02/1999,38,3,-1.3,0,1.461,0.83,360,2.5,0
1264,08/02/1999,38,4,-1.4,0,1.315,0.81,360,2.5,0
1265,08/02/1999,38,5,-1.3,0,1.205,0.8,360,2.5,0
1266,08/02/1999,38,6,-1,0,1.09,0.83,360,2.5,0
1267,08/02/1999,38,7,-0.6,0,0.992,0.84,360,2.5,0
1268,08/02/1999,38,8,-0.3,22.44444444,0.926,0.85,360,2.5,0
1269,08/02/1999,38,9,0.5,157.1111111,0.915,0.84,360,2.5,0
1270,08/02/1999,38,10,1.1,213.2222222,0.937,0.8,360,2.5,0
1271,08/02/1999,38,11,1.4,202,0.972,0.79,360,2.5,0
1272,08/02/1999,38,12,1,190.7777778,1.001,0.88,360,2.5,0
1273,08/02/1999,38,13,0.6,157.1111111,1.027,0.91,360,2.5,0
1274,08/02/1999,38,14,0.4,112.2222222,1.029,0.93,360,2.5,0
1275,08/02/1999,38,15,0.2,89.77777778,1.033,0.94,360,2.5,0
1276,08/02/1999,38,16,0.2,44.88888889,1.043,0.95,360,2.5,0
1277,08/02/1999,38,17,0.2,22.44444444,1.048,0.96,360,2.5,0
1278,08/02/1999,38,18,0.3,0,1.059,0.96,360,2.5,0
1279,08/02/1999,38,19,0.4,0,1.085,0.96,360,2.5,0
1280,08/02/1999,38,20,0.1,0,1.11,0.97,360,2.5,0
1281,08/02/1999,38,21,0.1,0,1.126,0.97,360,2.5,0
1282,08/02/1999,38,22,0.2,0,1.134,0.97,360,2.5,0
1283,08/02/1999,38,23,0.1,0,1.155,0.98,360,2.5,0
1284,08/02/1999,38,24,0,0,1.16,0.98,360,2.7,0
1285,09/02/1999,39,1,0.1,0,1.162,0.98,360,2.7,0
1286,09/02/1999,39,2,0.1,0,1.165,0.98,360,2.7,0
1287,09/02/1999,39,3,0.1,0,1.167,0.98,360,2.7,0
1288,09/02/1999,39,4,0.1,0,1.166,0.98,360,2.7,0
1289,09/02/1999,39,5,0.2,0,1.163,0.98,360,2.7,0
1290,09/02/1999,39,6,0.1,0,1.169,0.97,360,2.7,0
1291,09/02/1999,39,7,0.2,0,1.168,0.96,360,2.7,0
1292,09/02/1999,39,8,0.2,0,1.162,0.95,360,2.7,0
1293,09/02/1999,39,9,0.3,44.88888889,1.2,0.91,360,2.7,0
1294,09/02/1999,39,10,0.4,145.8888889,1.299,0.92,360,2.7,0
1295,09/02/1999,39,11,-0.2,202,1.518,0.93,360,2.7,0
1296,09/02/1999,39,12,1.3,505,1.437,0.95,360,2.7,0
1297,09/02/1999,39,13,1.2,583.5555556,2.253,0.86,360,2.7,0
1298,09/02/1999,39,14,2.8,673.3333333,3.225,0.82,360,2.7,0
1299,09/02/1999,39,15,2.2,404,3.925,0.75,360,2.7,0
1300,09/02/1999,39,16,1.6,213.2222222,3.636,0.79,360,2.7,0
1301,09/02/1999,39,17,1.2,89.77777778,2.876,0.83,360,2.7,0
1302,09/02/1999,39,18,0.7,0,2.146,0.82,360,2.7,0
1303,09/02/1999,39,19,0.2,0,1.527,0.84,360,2.7,0
1304,09/02/1999,39,20,-0.2,0,1.305,0.87,360,2.7,0
1305,09/02/1999,39,21,-0.7,0,1.188,0.88,360,2.7,0
1306,09/02/1999,39,22,-1.7,0,1.116,0.91,360,2.7,0
1307,09/02/1999,39,23,-0.7,0,1.061,0.92,360,2.7,0
1308,09/02/1999,39,24,-1.2,0,1.021,0.92,360,2.6,0
1309,10/02/1999,40,1,-1.7,0,0.988,0.92,360,2.6,0
1310,10/02/1999,40,2,-1.7,0,0.926,0.92,360,2.6,0
1311,10/02/1999,40,3,-2.1,0,0.832,0.91,360,2.6,0
1312,10/02/1999,40,4,-2.3,0,0.74,0.93,360,2.6,0
1313,10/02/1999,40,5,-1.7,0,0.659,0.93,360,2.6,0
1314,10/02/1999,40,6,-2.8,0,0.627,0.92,360,2.6,0
1315,10/02/1999,40,7,-3.6,0,0.561,0.93,360,2.6,0
1316,10/02/1999,40,8,-3,78.55555556,0.484,0.94,360,2.6,0
1317,10/02/1999,40,9,-2.1,437.6666667,0.428,0.93,360,2.6,0
1318,10/02/1999,40,10,-1.3,572.3333333,0.424,0.9,360,2.6,0
1319,10/02/1999,40,11,0.5,684.5555556,0.449,0.86,360,2.6,0
1320,10/02/1999,40,12,1.1,718.2222222,0.467,0.77,360,2.6,0
1321,10/02/1999,40,13,0,157.1111111,0.505,0.88,360,2.6,0
1322,10/02/1999,40,14,1.1,269.3333333,0.582,0.87,360,2.6,0
1323,10/02/1999,40,15,1.5,415.2222222,0.615,0.81,360,2.6,0
1324,10/02/1999,40,16,1.4,280.5555556,0.808,0.79,360,2.6,0
1325,10/02/1999,40,17,0.5,78.55555556,0.909,0.87,360,2.6,0
1326,10/02/1999,40,18,0.3,0,0.817,0.9,360,2.6,0
1327,10/02/1999,40,19,0.5,0,0.727,0.9,360,2.6,0
1328,10/02/1999,40,20,0.3,0,0.698,0.89,360,2.6,0
1329,10/02/1999,40,21,0.5,0,0.696,0.88,360,2.6,0
1330,10/02/1999,40,22,0.5,0,0.699,0.9,360,2.6,0
1331,10/02/1999,40,23,0.2,0,0.708,0.9,360,2.6,0
1332,10/02/1999,40,24,-0.1,0,0.694,0.92,360,1.7,0
1333,11/02/1999,41,1,-0.2,0,0.687,0.92,360,1.7,0
1334,11/02/1999,41,2,-0.1,0,0.684,0.93,360,1.7,0
1335,11/02/1999,41,3,-0.1,0,0.693,0.93,360,1.7,0
1336,11/02/1999,41,4,0.2,0,0.69,0.92,360,1.7,0
1337,11/02/1999,41,5,0.4,0,0.689,0.89,360,1.7,0
1338,11/02/1999,41,6,-0.2,0,0.69,0.91,360,1.7,0
1339,11/02/1999,41,7,0.1,0,0.668,0.91,360,1.7,0
1340,11/02/1999,41,8,0.3,22.44444444,0.66,0.92,360,1.7,0
1341,11/02/1999,41,9,0.7,168.3333333,0.68,0.9,360,1.7,0
1342,11/02/1999,41,10,1.1,202,0.718,0.88,360,1.7,0
1343,11/02/1999,41,11,2.3,359.1111111,0.76,0.83,360,1.7,0
1344,11/02/1999,41,12,2.1,471.3333333,0.872,0.81,360,1.7,0
1345,11/02/1999,41,13,3,561.1111111,1.49,0.76,360,1.7,0
1346,11/02/1999,41,14,2.1,404,2.627,0.75,360,1.7,0
1347,11/02/1999,41,15,3.8,527.4444444,3.109,0.73,360,1.7,0
1348,11/02/1999,41,16,2.8,314.2222222,3.324,0.75,360,1.7,0
1349,11/02/1999,41,17,2.1,123.4444444,2.611,0.74,360,1.7,0
1350,11/02/1999,41,18,0.5,0,1.75,0.84,360,1.7,0
1351,11/02/1999,41,19,0.2,0,1.157,0.84,360,1.7,0
1352,11/02/1999,41,20,-0.4,0,1.005,0.84,360,1.7,0
1353,11/02/1999,41,21,-0.1,0,0.905,0.83,360,1.7,0
1354,11/02/1999,41,22,-0.6,0,0.826,0.79,360,1.7,0
1355,11/02/1999,41,23,-1.4,0,0.741,0.87,360,1.7,0
1356,11/02/1999,41,24,-1.8,0,0.64,0.89,360,0.8,0
1357,12/02/1999,42,1,-2.4,0,0.527,0.89,360,0.8,0
1358,12/02/1999,42,2,-3,0,0.411,0.91,360,0.8,0
1359,12/02/1999,42,3,-3.2,0,0.313,0.92,360,0.8,0
1360,12/02/1999,42,4,-3.9,0,0.234,0.93,360,0.8,0
1361,12/02/1999,42,5,-4.1,0,0.153,0.93,360,0.8,0
1362,12/02/1999,42,6,-4.4,0,0.056,0.94,360,0.8,0
1363,12/02/1999,42,7,-4.7,0,0,0.93,360,0.8,0
1364,12/02/1999,42,8,-5.7,44.88888889,0,0.93,360,0.8,0
1365,12/02/1999,42,9,-3.1,437.6666667,0,0.94,360,0.8,0
1366,12/02/1999,42,10,0.2,740.6666667,0,0.95,360,0.8,0
1367,12/02/1999,42,11,1.2,965.1111111,0,0.8,360,0.8,0
1368,12/02/1999,42,12,2,1167.111111,0.005,0.64,360,0.8,0
1369,12/02/1999,42,13,2.6,965.1111111,0.094,0.57,360,0.8,0
1370,12/02/1999,42,14,3.1,819.2222222,0.637,0.59,360,0.8,0
1371,12/02/1999,42,15,2.9,617.2222222,1.937,0.59,360,0.8,0
1372,12/02/1999,42,16,2.1,347.8888889,2.154,0.64,360,0.8,0
1373,12/02/1999,42,17,0.6,89.77777778,1.449,0.69,360,0.8,0
1374,12/02/1999,42,18,0,0,0.814,0.73,360,0.8,0
1375,12/02/1999,42,19,-0.2,0,0.67,0.74,360,0.8,0
1376,12/02/1999,42,20,-0.7,0,0.598,0.78,360,0.8,0
1377,12/02/1999,42,21,-1,0,0.549,0.81,360,0.8,0
1378,12/02/1999,42,22,-1.9,0,0.505,0.84,360,0.8,0
1379,12/02/1999,42,23,-1.2,0,0.442,0.85,360,0.8,0
1380,12/02/1999,42,24,-1.7,0,0.367,0.86,360,2.1,0
1381,13/02/1999,43,1,-2,0,0.302,0.85,360,2.1,0
1382,13/02/1999,43,2,-2.2,0,0.238,0.85,360,2.1,0
1383,13/02/1999,43,3,-3.4,0,0.158,0.84,360,2.1,0
1384,13/02/1999,43,4,-3.9,0,0.044,0.86,360,2.1,0
1385,13/02/1999,43,5,-3.6,0,0,0.88,360,2.1,0
1386,13/02/1999,43,6,-4.1,0,0,0.88,360,2.1,0
1387,13/02/1999,43,7,-4.1,0,0,0.89,360,2.1,0
1388,13/02/1999,43,8,-3.8,134.6666667,0,0.88,360,2.1,0
1389,13/02/1999,43,9,-2.2,561.1111111,0,0.8,360,2.1,0
1390,13/02/1999,43,10,-0.9,886.5555556,0,0.73,360,2.1,0
1391,13/02/1999,43,11,0.2,1021.222222,0,0.59,360,2.1,0
1392,13/02/1999,43,12,0.9,953.8888889,0,0.48,360,2.1,0
1393,13/02/1999,43,13,1.5,998.7777778,0.029,0.54,360,2.1,0
1394,13/02/1999,43,14,2.1,864.1111111,0.191,0.49,360,2.1,0
1395,13/02/1999,43,15,2.3,673.3333333,0.611,0.51,360,2.1,0
1396,13/02/1999,43,16,1.8,415.2222222,0.717,0.49,360,2.1,0
1397,13/02/1999,43,17,0.3,123.4444444,0.37,0.52,360,2.1,0
1398,13/02/1999,43,18,-0.2,0,0.314,0.61,360,2.1,0
1399,13/02/1999,43,19,-0.8,0,0.302,0.65,360,2.1,0
1400,13/02/1999,43,20,-0.8,0,0.281,0.67,360,2.1,0
1401,13/02/1999,43,21,-0.9,0,0.24,0.66,360,2.1,0
1402,13/02/1999,43,22,-1.4,0,0.19,0.66,360,2.1,0
1403,13/02/1999,43,23,-1.3,0,0.111,0.67,360,2.1,0
1404,13/02/1999,43,24,-1.4,0,0.035,0.71,360,1.4,0
1405,14/02/1999,44,1,-1.8,0,0.024,0.73,360,1.4,0
1406,14/02/1999,44,2,-1.9,0,0,0.77,360,1.4,0
1407,14/02/1999,44,3,-2,0,0,0.74,360,1.4,0
1408,14/02/1999,44,4,-2.2,0,0,0.79,360,1.4,0
1409,14/02/1999,44,5,-2,0,0,0.77,360,1.4,0
1410,14/02/1999,44,6,-2.1,0,0,0.79,360,1.4,0
1411,14/02/1999,44,7,-2.3,0,0,0.8,360,1.4,0
1412,14/02/1999,44,8,-1.9,56.11111111,0,0.8,360,1.4,0
1413,14/02/1999,44,9,-1.7,145.8888889,0,0.78,360,1.4,0
1414,14/02/1999,44,10,-1.3,213.2222222,0,0.75,360,1.4,0
1415,14/02/1999,44,11,-0.1,381.5555556,0,0.73,360,1.4,0
1416,14/02/1999,44,12,2.1,909,0.024,0.67,360,1.4,0
1417,14/02/1999,44,13,3.2,965.1111111,0.118,0.59,360,1.4,0
1418,14/02/1999,44,14,4.2,886.5555556,0.457,0.56,360,1.4,0
1419,14/02/1999,44,15,3.7,639.6666667,1.829,0.57,360,1.4,0
1420,14/02/1999,44,16,3.1,291.7777778,2.093,0.63,360,1.4,0
1421,14/02/1999,44,17,2.6,89.77777778,1.326,0.6,360,1.4,0
1422,14/02/1999,44,18,1.1,0,0.614,0.68,360,1.4,0
1423,14/02/1999,44,19,1.7,0,0.513,0.65,360,1.4,0
1424,14/02/1999,44,20,1.9,0,0.49,0.61,360,1.4,0
1425,14/02/1999,44,21,2.3,0,0.485,0.54,360,1.4,0
1426,14/02/1999,44,22,1.7,0,0.488,0.61,360,1.4,0
1427,14/02/1999,44,23,1.3,0,0.444,0.71,360,1.4,0
1428,14/02/1999,44,24,0.8,0,0.447,0.83,360,1.6,0
1429,15/02/1999,45,1,1,0,0.473,0.9,360,1.6,0
1430,15/02/1999,45,2,1,0,0.559,0.93,360,1.6,0
1431,15/02/1999,45,3,1.3,0,0.702,0.94,360,1.6,0
1432,15/02/1999,45,4,1.6,0,0.919,0.96,360,1.6,0
1433,15/02/1999,45,5,1.8,0,1.119,0.96,360,1.6,0
1434,15/02/1999,45,6,2.1,0,1.328,0.97,360,1.6,0
1435,15/02/1999,45,7,2.3,0,1.473,0.97,360,1.6,0
1436,15/02/1999,45,8,2.7,11.22222222,1.625,0.98,360,1.6,0
1437,15/02/1999,45,9,3.3,112.2222222,2.062,0.98,360,1.6,0
1438,15/02/1999,45,10,3.5,145.8888889,2.909,0.98,360,1.6,0
1439,15/02/1999,45,11,4.2,258.1111111,3.756,0.99,360,1.6,0
1440,15/02/1999,45,12,5,258.1111111,4.885,0.99,360,1.6,0.00003125
1441,15/02/1999,45,13,5.7,336.6666667,6.453,0.99,360,1.6,0
1442,15/02/1999,45,14,5.9,291.7777778,6.678,0.99,360,1.6,0
1443,15/02/1999,45,15,5.8,134.6666667,6.566,0.99,360,1.6,0
1444,15/02/1999,45,16,5.6,56.11111111,6.341,0.99,360,1.6,0
1445,15/02/1999,45,17,5.1,22.44444444,5.78,0.99,360,1.6,0
1446,15/02/1999,45,18,4.7,11.22222222,5.331,0.99,360,1.6,0
1447,15/02/1999,45,19,4.6,0,5.219,0.99,360,1.6,0
1448,15/02/1999,45,20,4.7,0,5.331,0.99,360,1.6,0
1449,15/02/1999,45,21,4.4,0,4.995,0.99,360,1.6,0
1450,15/02/1999,45,22,4.5,0,5.107,0.99,360,1.6,0
1451,15/02/1999,45,23,4.3,0,4.882,0.99,360,1.6,0
1452,15/02/1999,45,24,3.8,0,4.321,0.99,360,3.4,0
1453,16/02/1999,46,1,3.9,0,4.434,0.99,360,3.4,0
1454,16/02/1999,46,2,3.7,0,4.209,0.95,360,3.4,0
1455,16/02/1999,46,3,4.2,0,4.77,0.93,360,3.4,0
1456,16/02/1999,46,4,4.5,0,5.107,0.94,360,3.4,0
1457,16/02/1999,46,5,4.6,0,5.219,0.94,360,3.4,0
1458,16/02/1999,46,6,5,0,5.668,0.93,360,3.4,0
1459,16/02/1999,46,7,4.8,0,5.443,0.95,360,3.4,0
1460,16/02/1999,46,8,5.3,11.22222222,6.005,0.96,360,3.4,0
1461,16/02/1999,46,9,5.7,67.33333333,6.453,0.95,360,3.4,0
1462,16/02/1999,46,10,6.1,78.55555556,6.902,0.96,360,3.4,0
1463,16/02/1999,46,11,6.7,179.5555556,7.575,0.97,360,3.4,0
1464,16/02/1999,46,12,6.2,123.4444444,7.014,0.86,360,3.4,0
1465,16/02/1999,46,13,8.5,662.1111111,9.595,0.78,360,3.4,0
1466,16/02/1999,46,14,8,774.3333333,9.034,0.67,360,3.4,0
1467,16/02/1999,46,15,8.4,471.3333333,9.483,0.6,360,3.4,0
1468,16/02/1999,46,16,7.5,370.3333333,8.473,0.63,360,3.4,0
1469,16/02/1999,46,17,6.1,89.77777778,6.902,0.66,360,3.4,0
1470,16/02/1999,46,18,5.1,0,5.78,0.68,360,3.4,0
1471,16/02/1999,46,19,3.7,0,4.209,0.8,360,3.4,0
1472,16/02/1999,46,20,3.1,0,3.536,0.79,360,3.4,0
1473,16/02/1999,46,21,3.8,0,4.321,0.82,360,3.4,0
1474,16/02/1999,46,22,4.3,0,4.882,0.81,360,3.4,0
1475,16/02/1999,46,23,4.1,0,4.658,0.81,360,3.4,0
1476,16/02/1999,46,24,3.3,0,3.76,0.84,360,3.5,0
1477,17/02/1999,47,1,3.4,0,3.873,0.86,360,3.5,0
1478,17/02/1999,47,2,3.6,0,4.097,0.84,360,3.5,0
1479,17/02/1999,47,3,4.2,0,4.77,0.83,360,3.5,0
1480,17/02/1999,47,4,3.8,0,4.321,0.85,360,3.5,0
1481,17/02/1999,47,5,4,0,4.546,0.88,360,3.5,0
1482,17/02/1999,47,6,4.5,0,5.107,0.89,360,3.5,0
1483,17/02/1999,47,7,4.5,0,5.107,0.89,360,3.5,0
1484,17/02/1999,47,8,4.9,56.11111111,5.556,0.83,360,3.5,0
1485,17/02/1999,47,9,5.4,235.6666667,6.117,0.82,360,3.5,0
1486,17/02/1999,47,10,6.2,370.3333333,7.014,0.79,360,3.5,0
1487,17/02/1999,47,11,4,235.6666667,4.546,0.88,360,3.5,0
1488,17/02/1999,47,12,5.8,415.2222222,6.566,0.86,360,3.5,0
1489,17/02/1999,47,13,5.1,404,5.78,0.85,360,3.5,0
1490,17/02/1999,47,14,6.1,336.6666667,6.902,0.78,360,3.5,0
1491,17/02/1999,47,15,5.9,381.5555556,6.678,0.79,360,3.5,0
1492,17/02/1999,47,16,6.1,168.3333333,6.902,0.75,360,3.5,0
1493,17/02/1999,47,17,6,78.55555556,6.79,0.77,360,3.5,0
1494,17/02/1999,47,18,5.5,0,6.229,0.81,360,3.5,0
1495,17/02/1999,47,19,5,0,5.668,0.84,360,3.5,0
1496,17/02/1999,47,20,4.8,0,5.443,0.86,360,3.5,0
1497,17/02/1999,47,21,5.6,0,6.341,0.82,360,3.5,0
1498,17/02/1999,47,22,6.1,0,6.902,0.85,360,3.5,0
1499,17/02/1999,47,23,5.9,0,5.427272727,0.9,360,3.5,0
1500,17/02/1999,47,24,6.1,0,5.536363636,0.94,360,4.3,0
1501,18/02/1999,48,1,6.4,0,5.654545455,0.96,360,4.3,0
1502,18/02/1999,48,2,7,0,5.806060606,0.97,360,4.3,0
1503,18/02/1999,48,3,7.6,0,5.972727273,0.98,360,4.3,0
1504,18/02/1999,48,4,8.1,0,6.154545455,0.97,360,4.3,0
1505,18/02/1999,48,5,8,0,6.324242424,0.97,360,4.3,0
1506,18/02/1999,48,6,7.8,0,6.527272727,0.98,360,4.3,0
1507,18/02/1999,48,7,7.9,0,6.727272727,0.97,360,4.3,0
1508,18/02/1999,48,8,8,11.22222222,6.903030303,0.94,360,4.3,0
1509,18/02/1999,48,9,8.3,123.4444444,7.060606061,0.92,360,4.3,0
1510,18/02/1999,48,10,8.9,269.3333333,7.2,0.89,360,4.3,0
1511,18/02/1999,48,11,9.6,291.7777778,7.3,0.88,360,4.3,0
1512,18/02/1999,48,12,9.8,404,7.372727273,0.83,360,4.3,0
1513,18/02/1999,48,13,10.5,381.5555556,7.481818182,0.82,360,4.3,0
1514,18/02/1999,48,14,10.6,448.8888889,7.545454545,0.81,360,4.3,0
1515,18/02/1999,48,15,10.3,516.2222222,7.627272727,0.8,360,4.3,0
1516,18/02/1999,48,16,9.7,190.7777778,7.687878788,0.8,360,4.3,0
1517,18/02/1999,48,17,9.5,33.66666667,7.754545455,0.8,360,4.3,0
1518,18/02/1999,48,18,8.7,0,7.815151515,0.81,360,4.3,0
1519,18/02/1999,48,19,8.6,0,7.872727273,0.86,360,4.3,0
1520,18/02/1999,48,20,7.6,0,7.942424242,0.93,360,4.3,0
1521,18/02/1999,48,21,7.9,0,8.027272727,0.96,360,4.3,0
1522,18/02/1999,48,22,7.8,0,8.124242424,0.97,360,4.3,0
1523,18/02/1999,48,23,8.1,0,8.203030303,0.95,360,4.3,0
1524,18/02/1999,48,24,8.1,0,8.272727273,0.95,360,5.4,0
1525,19/02/1999,49,1,8.1,0,8.357575758,0.94,360,5.4,0
1526,19/02/1999,49,2,7.9,0,8.451515152,0.94,360,5.4,0
1527,19/02/1999,49,3,7.8,0,8.554545455,0.96,360,5.4,0
1528,19/02/1999,49,4,7.8,0,8.645454545,0.96,360,5.4,0
1529,19/02/1999,49,5,8,0,8.73030303,0.95,360,5.4,0
1530,19/02/1999,49,6,8.2,0,8.809090909,0.94,360,5.4,0
1531,19/02/1999,49,7,8.4,0,8.896969697,0.93,360,5.4,0
1532,19/02/1999,49,8,8.7,22.44444444,8.987878788,0.93,360,5.4,0
1533,19/02/1999,49,9,9.2,67.33333333,9.081818182,0.93,360,5.4,0
1534,19/02/1999,49,10,9.8,157.1111111,9.16969697,0.91,360,5.4,0
1535,19/02/1999,49,11,10,235.6666667,9.245454545,0.93,360,5.4,0
1536,19/02/1999,49,12,10.4,202,9.3,0.92,360,5.4,0
1537,19/02/1999,49,13,10.7,190.7777778,9.333333333,0.91,360,5.4,0
1538,19/02/1999,49,14,10.9,235.6666667,9.354545455,0.91,360,5.4,0
1539,19/02/1999,49,15,10.8,89.77777778,9.354545455,0.91,360,5.4,0
1540,19/02/1999,49,16,11,56.11111111,9.345454545,0.91,360,5.4,0
1541,19/02/1999,49,17,10.9,22.44444444,9.351515152,0.94,360,5.4,0
1542,19/02/1999,49,18,10.8,0,9.354545455,0.97,360,5.4,0
1543,19/02/1999,49,19,10.7,0,9.360606061,0.96,360,5.4,0
1544,19/02/1999,49,20,10.7,0,9.387878788,0.96,360,5.4,0
1545,19/02/1999,49,21,10.5,0,9.418181818,0.96,360,5.4,0
1546,19/02/1999,49,22,10.5,0,9.484848485,0.96,360,5.4,0
1547,19/02/1999,49,23,10.3,0,9.548484848,0.97,360,5.4,0
1548,19/02/1999,49,24,10.5,0,9.612121212,0.94,360,3.7,0
1549,20/02/1999,50,1,9.8,0,9.66969697,0.96,360,3.7,0
1550,20/02/1999,50,2,9.7,0,9.739393939,0.97,360,3.7,0
1551,20/02/1999,50,3,9.6,0,9.803030303,0.98,360,3.7,0
1552,20/02/1999,50,4,9.6,0,9.866666667,0.98,360,3.7,0
1553,20/02/1999,50,5,9.8,0,9.936363636,0.98,360,3.7,0
1554,20/02/1999,50,6,10,0,10.00909091,0.97,360,3.7,0
1555,20/02/1999,50,7,9.9,0,10.07575758,0.98,360,3.7,0
1556,20/02/1999,50,8,10,22.44444444,10.15151515,0.99,360,3.7,0
1557,20/02/1999,50,9,10.4,89.77777778,10.2,0.99,360,3.7,0
1558,20/02/1999,50,10,10.2,179.5555556,10.21515152,0.98,360,3.7,0
1559,20/02/1999,50,11,10,235.6666667,10.19090909,0.96,360,3.7,0
1560,20/02/1999,50,12,10.1,448.8888889,10.11515152,0.86,360,3.7,0
1561,20/02/1999,50,13,10.2,460.1111111,10.05151515,0.81,360,3.7,0
1562,20/02/1999,50,14,10.2,426.4444444,9.954545455,0.79,360,3.7,0
1563,20/02/1999,50,15,10.7,359.1111111,9.821212121,0.79,360,3.7,0
1564,20/02/1999,50,16,10,426.4444444,9.675757576,0.77,360,3.7,0
1565,20/02/1999,50,17,9.2,78.55555556,9.533333333,0.76,360,3.7,0
1566,20/02/1999,50,18,8.4,0,9.396969697,0.82,360,3.7,0
1567,20/02/1999,50,19,7.3,0,9.263636364,0.89,360,3.7,0
1568,20/02/1999,50,20,7.9,0,9.136363636,0.88,360,3.7,0
1569,20/02/1999,50,21,7.2,0,9.009090909,0.86,360,3.7,0
1570,20/02/1999,50,22,6.3,0,8.878787879,0.82,360,3.7,0
1571,20/02/1999,50,23,6.1,0,8.763636364,0.83,360,3.7,0
1572,20/02/1999,50,24,6.1,0,8.654545455,0.82,360,6.2,0
1573,21/02/1999,51,1,6.5,0,8.554545455,0.8,360,6.2,0
1574,21/02/1999,51,2,6.5,0,8.46969697,0.84,360,6.2,0
1575,21/02/1999,51,3,6.6,0,8.421212121,0.85,360,6.2,0
1576,21/02/1999,51,4,6.5,0,8.393939394,0.84,360,6.2,0
1577,21/02/1999,51,5,6.4,0,8.387878788,0.87,360,6.2,0
1578,21/02/1999,51,6,6.7,0,8.375757576,0.85,360,6.2,0
1579,21/02/1999,51,7,6.9,0,8.345454545,0.85,360,6.2,0
1580,21/02/1999,51,8,7,67.33333333,8.303030303,0.86,360,6.2,0
1581,21/02/1999,51,9,7.7,101,8.272727273,0.88,360,6.2,0
1582,21/02/1999,51,10,8.2,134.6666667,8.233333333,0.88,360,6.2,0
1583,21/02/1999,51,11,8.8,179.5555556,8.181818182,0.87,360,6.2,0
1584,21/02/1999,51,12,9.4,145.8888889,8.145454545,0.88,360,6.2,0
1585,21/02/1999,51,13,9.2,123.4444444,8.112121212,0.91,360,6.2,0
1586,21/02/1999,51,14,8.8,123.4444444,8.054545455,0.93,360,6.2,0
1587,21/02/1999,51,15,8.6,78.55555556,7.972727273,0.96,360,6.2,0
1588,21/02/1999,51,16,8.9,56.11111111,7.884848485,0.97,360,6.2,0
1589,21/02/1999,51,17,8.7,22.44444444,7.763636364,0.96,360,6.2,0
1590,21/02/1999,51,18,8.7,0,7.657575758,0.97,360,6.2,0
1591,21/02/1999,51,19,9,0,7.536363636,0.91,360,6.2,0
1592,21/02/1999,51,20,8.9,0,7.396969697,0.89,360,6.2,0
1593,21/02/1999,51,21,8.2,0,7.306060606,0.85,360,6.2,0
1594,21/02/1999,51,22,7.5,0,7.166666667,0.82,360,6.2,0
1595,21/02/1999,51,23,7.3,0,7.048484848,0.81,360,6.2,0
1596,21/02/1999,51,24,6.7,0,6.96969697,0.81,360,6.3,0
1597,22/02/1999,52,1,6.5,0,6.915151515,0.82,360,6.3,0
1598,22/02/1999,52,2,5.2,0,6.890909091,0.83,360,6.3,0
1599,22/02/1999,52,3,3.8,0,6.875757576,0.86,360,6.3,0
1600,22/02/1999,52,4,4.3,0,6.875757576,0.8,360,6.3,0
1601,22/02/1999,52,5,3.3,0,6.845454545,0.83,360,6.3,0
1602,22/02/1999,52,6,3.3,0,6.845454545,0.88,360,6.3,0
1603,22/02/1999,52,7,3.7,0,6.824242424,0.76,360,6.3,0
1604,22/02/1999,52,8,4.3,123.4444444,6.739393939,0.74,360,6.3,0
1605,22/02/1999,52,9,5.3,269.3333333,6.715151515,0.72,360,6.3,0
1606,22/02/1999,52,10,6,639.6666667,6.672727273,0.68,360,6.3,0
1607,22/02/1999,52,11,6.5,628.4444444,6.593939394,0.6,360,6.3,0
1608,22/02/1999,52,12,5.6,740.6666667,6.493939394,0.63,360,6.3,0
1609,22/02/1999,52,13,6.5,796.7777778,6.363636364,0.63,360,6.3,0
1610,22/02/1999,52,14,5.7,538.6666667,6.203030303,0.72,360,6.3,0
1611,22/02/1999,52,15,3.9,190.7777778,6.051515152,0.78,360,6.3,0
1612,22/02/1999,52,16,6.1,269.3333333,5.906060606,0.67,360,6.3,0
1613,22/02/1999,52,17,5.6,179.5555556,5.748484848,0.59,360,6.3,0
1614,22/02/1999,52,18,5.1,0,5.593939394,0.67,360,6.3,0
1615,22/02/1999,52,19,4.9,0,5.439393939,0.68,360,6.3,0
1616,22/02/1999,52,20,4.5,0,5.257575758,0.69,360,6.3,0
1617,22/02/1999,52,21,4.1,0,5.06969697,0.68,360,6.3,0
1618,22/02/1999,52,22,4.2,0,4.863636364,0.69,360,6.3,0
1619,22/02/1999,52,23,4,0,4.657575758,0.73,360,6.3,0
1620,22/02/1999,52,24,3.4,0,4.478787879,0.75,360,3.9,0
1621,23/02/1999,53,1,3.8,0,4.336363636,0.76,360,3.9,0
1622,23/02/1999,53,2,3.6,0,4.251515152,0.74,360,3.9,0
1623,23/02/1999,53,3,2.7,0,4.209090909,0.8,360,3.9,0
1624,23/02/1999,53,4,2.8,0,4.215151515,0.76,360,3.9,0
1625,23/02/1999,53,5,2.1,0,4.293939394,0.77,360,3.9,0
1626,23/02/1999,53,6,1.4,0,4.378787879,0.78,360,3.9,0
1627,23/02/1999,53,7,1.6,0,4.5,0.78,360,3.9,0
1628,23/02/1999,53,8,2.6,145.8888889,4.603030303,0.74,360,3.9,0
1629,23/02/1999,53,9,3.9,482.5555556,4.672727273,0.74,360,3.9,0
1630,23/02/1999,53,10,5.1,673.3333333,4.675757576,0.69,360,3.9,0
1631,23/02/1999,53,11,5.4,808,4.609090909,0.63,360,3.9,0
1632,23/02/1999,53,12,6.4,942.6666667,4.509090909,0.6,360,3.9,0
1633,23/02/1999,53,13,7.1,1077.333333,4.390909091,0.56,360,3.9,0
1634,23/02/1999,53,14,7.3,965.1111111,4.318181818,0.58,360,3.9,0
1635,23/02/1999,53,15,6.7,673.3333333,4.23030303,0.51,360,3.9,0
1636,23/02/1999,53,16,6,460.1111111,4.16969697,0.54,360,3.9,0
1637,23/02/1999,53,17,4.4,101,4.133333333,0.64,360,3.9,0
1638,23/02/1999,53,18,3.1,11.22222222,4.021212121,0.69,360,3.9,0
1639,23/02/1999,53,19,2.7,0,3.918181818,0.72,360,3.9,0
1640,23/02/1999,53,20,2.6,0,3.818181818,0.75,360,3.9,0
1641,23/02/1999,53,21,3.2,0,3.742424242,0.72,360,3.9,0
1642,23/02/1999,53,22,3.6,0,3.7,0.7,360,3.9,0
1643,23/02/1999,53,23,3.7,0,3.678787879,0.73,360,3.9,0
1644,23/02/1999,53,24,2.7,0,3.663636364,0.85,360,3.1,0
1645,24/02/1999,54,1,2.4,0,3.666666667,0.9,360,3.1,0
1646,24/02/1999,54,2,2.2,0,3.7,0.92,360,3.1,0
1647,24/02/1999,54,3,1.8,0,3.751515152,0.93,360,3.1,0
1648,24/02/1999,54,4,2.4,0,3.821212121,0.94,360,3.1,0
1649,24/02/1999,54,5,3.1,0,3.933333333,0.95,360,3.1,0
1650,24/02/1999,54,6,3.4,0,4.072727273,0.95,360,3.1,0
1651,24/02/1999,54,7,3.7,0,4.224242424,0.96,360,3.1,0
1652,24/02/1999,54,8,4.1,33.66666667,4.4,0.96,360,3.1,0
1653,24/02/1999,54,9,4.5,78.55555556,4.554545455,0.96,360,3.1,0
1654,24/02/1999,54,10,5.5,190.7777778,4.657575758,0.96,360,3.1,0
1655,24/02/1999,54,11,5.9,269.3333333,4.696969697,0.95,360,3.1,0
1656,24/02/1999,54,12,6.4,235.6666667,4.681818182,0.96,360,3.1,0
1657,24/02/1999,54,13,7.4,291.7777778,4.645454545,0.96,360,3.1,0
1658,24/02/1999,54,14,7.1,269.3333333,4.575757576,0.95,360,3.1,0
1659,24/02/1999,54,15,7.2,157.1111111,4.481818182,0.95,360,3.1,0
1660,24/02/1999,54,16,6.7,56.11111111,4.378787879,0.94,360,3.1,0
1661,24/02/1999,54,17,6,22.44444444,4.278787879,0.95,360,3.1,0
1662,24/02/1999,54,18,5.2,0,4.142424242,0.96,360,3.1,0
1663,24/02/1999,54,19,4.6,0,4.021212121,0.96,360,3.1,0
1664,24/02/1999,54,20,4.2,0,3.933333333,0.93,360,3.1,0
1665,24/02/1999,54,21,4.1,0,3.854545455,0.88,360,3.1,0
1666,24/02/1999,54,22,4,0,3.76969697,0.88,360,3.1,0
1667,24/02/1999,54,23,3.9,0,3.666666667,0.87,360,3.1,0
1668,24/02/1999,54,24,3.4,0,3.536363636,0.89,360,0.9,0
1669,25/02/1999,55,1,1.5,0,3.472727273,0.91,360,0.9,0
1670,25/02/1999,55,2,0.4,0,3.442424242,0.94,360,0.9,0
1671,25/02/1999,55,3,0.2,0,3.496969697,0.94,360,0.9,0
1672,25/02/1999,55,4,0.1,0,3.590909091,0.95,360,0.9,0
1673,25/02/1999,55,5,-0.2,0,3.751515152,0.95,360,0.9,0
1674,25/02/1999,55,6,-0.2,0,3.939393939,0.95,360,0.9,0
1675,25/02/1999,55,7,-0.7,11.22222222,4.106060606,0.95,360,0.9,0
1676,25/02/1999,55,8,1.6,168.3333333,4.275757576,0.95,360,0.9,0
1677,25/02/1999,55,9,1.7,392.7777778,4.43030303,0.9,360,0.9,0
1678,25/02/1999,55,10,4.2,751.8888889,4.515151515,0.84,360,0.9,0
1679,25/02/1999,55,11,5.3,796.7777778,4.554545455,0.73,360,0.9,0
1680,25/02/1999,55,12,7.1,1010,4.536363636,0.64,360,0.9,0
1681,25/02/1999,55,13,8.6,1066.111111,4.478787879,0.53,360,0.9,0
1682,25/02/1999,55,14,8.6,953.8888889,4.4,0.5,360,0.9,0
1683,25/02/1999,55,15,9,751.8888889,4.278787879,0.49,360,0.9,0
1684,25/02/1999,55,16,8.8,505,4.157575758,0.5,360,0.9,0
1685,25/02/1999,55,17,6.9,190.7777778,4.021212121,0.62,360,0.9,0
1686,25/02/1999,55,18,5.8,11.22222222,3.915151515,0.69,360,0.9,0
1687,25/02/1999,55,19,4.9,0,3.803030303,0.71,360,0.9,0
1688,25/02/1999,55,20,4,0,3.712121212,0.71,360,0.9,0
1689,25/02/1999,55,21,3.8,0,3.636363636,0.69,360,0.9,0
1690,25/02/1999,55,22,3.4,0,3.560606061,0.72,360,0.9,0
1691,25/02/1999,55,23,3.1,0,3.475757576,0.73,360,0.9,0
1692,25/02/1999,55,24,2.7,0,3.384848485,0.74,360,2.4,0
1693,26/02/1999,56,1,3.2,0,3.3,0.74,360,2.4,0
1694,26/02/1999,56,2,2.3,0,3.245454545,0.79,360,2.4,0
1695,26/02/1999,56,3,2.2,0,3.278787879,0.8,360,2.4,0
1696,26/02/1999,56,4,2.1,0,3.372727273,0.81,360,2.4,0
1697,26/02/1999,56,5,1.7,0,3.509090909,0.84,360,2.4,0
1698,26/02/1999,56,6,1.3,0,3.681818182,0.86,360,2.4,0
1699,26/02/1999,56,7,1,0,3.906060606,0.89,360,2.4,0
1700,26/02/1999,56,8,1.1,112.2222222,4.109090909,0.92,360,2.4,0
1701,26/02/1999,56,9,1.6,112.2222222,4.306060606,0.94,360,2.4,0
1702,26/02/1999,56,10,2.6,190.7777778,4.4,0.95,360,2.4,0
1703,26/02/1999,56,11,3.5,303,4.484848485,0.93,360,2.4,0
1704,26/02/1999,56,12,4.7,471.3333333,4.487878788,0.88,360,2.4,0
1705,26/02/1999,56,13,5.8,718.2222222,4.463636364,0.84,360,2.4,0
1706,26/02/1999,56,14,7.2,864.1111111,4.390909091,0.81,360,2.4,0
1707,26/02/1999,56,15,6.5,774.3333333,4.272727273,0.78,360,2.4,0
1708,26/02/1999,56,16,5.8,460.1111111,4.148484848,0.78,360,2.4,0
1709,26/02/1999,56,17,4.7,213.2222222,4.012121212,0.82,360,2.4,0
1710,26/02/1999,56,18,4.5,0,3.878787879,0.83,360,2.4,0
1711,26/02/1999,56,19,4.3,0,3.796969697,0.87,360,2.4,0
1712,26/02/1999,56,20,4.5,0,3.757575758,0.88,360,2.4,0
1713,26/02/1999,56,21,4.7,0,3.742424242,0.88,360,2.4,0
1714,26/02/1999,56,22,4.7,0,3.754545455,0.87,360,2.4,0
1715,26/02/1999,56,23,4.5,0,3.763636364,0.88,360,2.4,0
1716,26/02/1999,56,24,4.5,0,3.775757576,0.87,360,2.9,0
1717,27/02/1999,57,1,4.4,0,3.818181818,0.86,360,2.9,0
1718,27/02/1999,57,2,4.2,0,3.906060606,0.87,360,2.9,0
1719,27/02/1999,57,3,4.5,0,4.048484848,0.87,360,2.9,0
1720,27/02/1999,57,4,4.4,0,4.227272727,0.88,360,2.9,0
1721,27/02/1999,57,5,4.4,0,4.478787879,0.88,360,2.9,0
1722,27/02/1999,57,6,4.1,0,4.718181818,0.9,360,2.9,0
1723,27/02/1999,57,7,3.8,11.22222222,4.954545455,0.91,360,2.9,0
1724,27/02/1999,57,8,4.5,67.33333333,5.175757576,0.91,360,2.9,0
1725,27/02/1999,57,9,5.6,235.6666667,5.36969697,0.87,360,2.9,0
1726,27/02/1999,57,10,7.9,852.8888889,5.548484848,0.79,360,2.9,0
1727,27/02/1999,57,11,8.2,909,5.7,0.78,360,2.9,0
1728,27/02/1999,57,12,10.5,1144.666667,5.812121212,0.76,360,2.9,0
1729,27/02/1999,57,13,10,931.4444444,5.878787879,0.76,360,2.9,0
1730,27/02/1999,57,14,9.5,280.5555556,5.9,0.81,360,2.9,0
1731,27/02/1999,57,15,8.6,67.33333333,5.857575758,0.89,360,2.9,0
1732,27/02/1999,57,16,7.4,33.66666667,5.766666667,0.89,360,2.9,0
1733,27/02/1999,57,17,7,56.11111111,5.696969697,0.93,360,2.9,0
1734,27/02/1999,57,18,6.6,11.22222222,5.639393939,0.94,360,2.9,0
1735,27/02/1999,57,19,6.3,0,5.609090909,0.93,360,2.9,0
1736,27/02/1999,57,20,5.7,0,5.596969697,0.94,360,2.9,0
1737,27/02/1999,57,21,5.4,0,5.554545455,0.94,360,2.9,0
1738,27/02/1999,57,22,4.4,0,5.496969697,0.94,360,2.9,0
1739,27/02/1999,57,23,4.2,0,5.43030303,0.94,360,2.9,0
1740,27/02/1999,57,24,4.2,0,5.36969697,0.89,360,3.4,0
1741,28/02/1999,58,1,3.9,0,5.372727273,0.88,360,3.4,0
1742,28/02/1999,58,2,3.7,0,5.43030303,0.87,360,3.4,0
1743,28/02/1999,58,3,4.1,0,5.527272727,0.89,360,3.4,0
1744,28/02/1999,58,4,2.9,0,5.675757576,0.9,360,3.4,0
1745,28/02/1999,58,5,2.6,0,5.851515152,0.91,360,3.4,0
1746,28/02/1999,58,6,2.5,0,6.033333333,0.92,360,3.4,0
1747,28/02/1999,58,7,2.7,11.22222222,6.23030303,0.92,360,3.4,0
1748,28/02/1999,58,8,4.6,213.2222222,6.442424242,0.9,360,3.4,0
1749,28/02/1999,58,9,6.4,561.1111111,6.639393939,0.85,360,3.4,0
1750,28/02/1999,58,10,7.6,729.4444444,6.8,0.83,360,3.4,0
1751,28/02/1999,58,11,9.1,875.3333333,6.903030303,0.83,360,3.4,0
1752,28/02/1999,58,12,10.3,718.2222222,6.909090909,0.77,360,3.4,0
1753,28/02/1999,58,13,10.4,909,6.906060606,0.67,360,3.4,0
1754,28/02/1999,58,14,10.9,662.1111111,6.836363636,0.67,360,3.4,0
1755,28/02/1999,58,15,11.1,830.4444444,6.763636364,0.62,360,3.4,0
1756,28/02/1999,58,16,10.3,538.6666667,6.684848485,0.63,360,3.4,0
1757,28/02/1999,58,17,9.8,157.1111111,6.666666667,0.66,360,3.4,0
1758,28/02/1999,58,18,9,11.22222222,6.66969697,0.69,360,3.4,0
1759,28/02/1999,58,19,8.1,0,6.687878788,0.72,360,3.4,0
1760,28/02/1999,58,20,8.1,0,6.709090909,0.71,360,3.4,0
1761,28/02/1999,58,21,8.2,0,6.739393939,0.74,360,3.4,0
1762,28/02/1999,58,22,7.6,0,6.790909091,0.78,360,3.4,0
1763,28/02/1999,58,23,6.9,0,6.851515152,0.81,360,3.4,0
1764,28/02/1999,58,24,8,0,6.945454545,0.76,360,6,0
1765,01/03/1999,61,1,7.5,0,7.057575758,0.82,360,6,0
1766,01/03/1999,61,2,7.6,0,7.187878788,0.85,360,6,0
1767,01/03/1999,61,3,7.3,0,7.348484848,0.87,360,6,0
1768,01/03/1999,61,4,7.3,0,7.533333333,0.91,360,6,0
1769,01/03/1999,61,5,7.4,0,7.715151515,0.92,360,6,0
1770,01/03/1999,61,6,7.4,0,7.936363636,0.93,360,6,0
1771,01/03/1999,61,7,7.5,0,8.184848485,0.94,360,6,0
1772,01/03/1999,61,8,7.9,33.66666667,8.439393939,0.94,360,6,0
1773,01/03/1999,61,9,8.5,89.77777778,8.703030303,0.93,360,6,0
1774,01/03/1999,61,10,9.2,213.2222222,8.906060606,0.92,360,6,0
1775,01/03/1999,61,11,9.8,202,9.066666667,0.9,360,6,0
1776,01/03/1999,61,12,10.1,157.1111111,9.181818182,0.91,360,6,0
1777,01/03/1999,61,13,10.2,179.5555556,9.257575758,0.94,360,6,0
1778,01/03/1999,61,14,10.8,179.5555556,9.287878788,0.92,360,6,0
1779,01/03/1999,61,15,10.9,101,9.327272727,0.93,360,6,0
1780,01/03/1999,61,16,11.4,67.33333333,9.342424242,0.91,360,6,0
1781,01/03/1999,61,17,11.3,22.44444444,9.333333333,0.92,360,6,0
1782,01/03/1999,61,18,11.7,0,9.333333333,0.89,360,6,0
1783,01/03/1999,61,19,11.4,0,9.342424242,0.91,360,6,0
1784,01/03/1999,61,20,11.6,0,9.372727273,0.91,360,6,0
1785,01/03/1999,61,21,11.3,0,9.433333333,0.92,360,6,0
1786,01/03/1999,61,22,11.7,0,9.496969697,0.88,360,6,0
1787,01/03/1999,61,23,11.4,0,9.560606061,0.86,360,6,0
1788,01/03/1999,61,24,10.8,0,9.648484848,0.9,360,6,0
1789,02/03/1999,62,1,10.3,0,9.766666667,0.92,360,6,0
1790,02/03/1999,62,2,10.1,0,9.86969697,0.94,360,6,0
1791,02/03/1999,62,3,10,0,10.0030303,0.95,360,6,0
1792,02/03/1999,62,4,10.1,0,10.16969697,0.94,360,6,0
1793,02/03/1999,62,5,10.2,0,10.34242424,0.95,360,6,0
1794,02/03/1999,62,6,10.3,0,10.50606061,0.95,360,6,0
1795,02/03/1999,62,7,10.5,0,10.66060606,0.94,360,6,0
1796,02/03/1999,62,8,10.8,89.77777778,10.80909091,0.95,360,6,0
1797,02/03/1999,62,9,11.4,145.8888889,10.95454545,0.94,360,6,0
1798,02/03/1999,62,10,11.9,269.3333333,11.09393939,0.94,360,6,0
1799,02/03/1999,62,11,13.1,707,11.2030303,0.89,360,6,0
1800,02/03/1999,62,12,13,493.7777778,11.28787879,0.87,360,6,0
1801,02/03/1999,62,13,12.7,246.8888889,11.34848485,0.88,360,6,0
1802,02/03/1999,62,14,12.5,168.3333333,11.3969697,0.9,360,6,0
1803,02/03/1999,62,15,12.3,202,11.42727273,0.92,360,6,0
1804,02/03/1999,62,16,12.3,134.6666667,11.42424242,0.91,360,6,0
1805,02/03/1999,62,17,12.5,101,11.4030303,0.88,360,6,0
1806,02/03/1999,62,18,12.1,11.22222222,11.36363636,0.91,360,6,0
1807,02/03/1999,62,19,12,0,11.33333333,0.89,360,6,0
1808,02/03/1999,62,20,11.8,0,11.26060606,0.88,360,6,0
1809,02/03/1999,62,21,11.7,0,11.16363636,0.85,360,6,0
1810,02/03/1999,62,22,11.2,0,11.03333333,0.85,360,6,0
1811,02/03/1999,62,23,10.7,0,10.91212121,0.87,360,6,0
1812,02/03/1999,62,24,10.2,0,10.77272727,0.91,360,5.6,0
1813,03/03/1999,63,1,10.1,0,10.66363636,0.93,360,5.6,0
1814,03/03/1999,63,2,10.3,0,10.59393939,0.92,360,5.6,0
1815,03/03/1999,63,3,9.3,0,10.54545455,0.89,360,5.6,0
1816,03/03/1999,63,4,8.2,0,10.51212121,0.75,360,5.6,0
1817,03/03/1999,63,5,7.3,0,10.44242424,0.82,360,5.6,0
1818,03/03/1999,63,6,7.3,0,10.32727273,0.82,360,5.6,0
1819,03/03/1999,63,7,7.1,11.22222222,10.26666667,0.84,360,5.6,0
1820,03/03/1999,63,8,7.8,89.77777778,10.20606061,0.82,360,5.6,0
1821,03/03/1999,63,9,8.5,291.7777778,10.13636364,0.8,360,5.6,0
1822,03/03/1999,63,10,8.7,370.3333333,10.05454545,0.76,360,5.6,0
1823,03/03/1999,63,11,9,426.4444444,9.936363636,0.77,360,5.6,0
1824,03/03/1999,63,12,7.7,246.8888889,9.778787879,0.88,360,5.6,0
1825,03/03/1999,63,13,6.3,258.1111111,9.563636364,0.88,360,5.6,0
1826,03/03/1999,63,14,8.2,572.3333333,9.351515152,0.79,360,5.6,0
1827,03/03/1999,63,15,8.3,583.5555556,9.142424242,0.76,360,5.6,0
1828,03/03/1999,63,16,8.2,213.2222222,8.936363636,0.77,360,5.6,0
1829,03/03/1999,63,17,8.1,67.33333333,8.727272727,0.75,360,5.6,0
1830,03/03/1999,63,18,7.5,11.22222222,8.515151515,0.78,360,5.6,0
1831,03/03/1999,63,19,6.7,0,8.306060606,0.83,360,5.6,0
1832,03/03/1999,63,20,6,0,8.106060606,0.88,360,5.6,0
1833,03/03/1999,63,21,6,0,7.912121212,0.87,360,5.6,0
1834,03/03/1999,63,22,5.8,0,7.727272727,0.85,360,5.6,0
1835,03/03/1999,63,23,5.7,0,7.542424242,0.85,360,5.6,0
1836,03/03/1999,63,24,5.4,0,7.375757576,0.87,360,4.4,0
1837,04/03/1999,64,1,5.3,0,7.236363636,0.89,360,4.4,0
1838,04/03/1999,64,2,5.6,0,7.112121212,0.91,360,4.4,0
1839,04/03/1999,64,3,5.5,0,7.012121212,0.92,360,4.4,0
1840,04/03/1999,64,4,5.6,0,6.924242424,0.92,360,4.4,0
1841,04/03/1999,64,5,5.7,0,6.893939394,0.9,360,4.4,0
1842,04/03/1999,64,6,5.6,0,6.936363636,0.9,360,4.4,0
1843,04/03/1999,64,7,5.7,0,6.951515152,0.89,360,4.4,0
1844,04/03/1999,64,8,6.1,123.4444444,6.9,0.88,360,4.4,0
1845,04/03/1999,64,9,6.1,168.3333333,6.875757576,0.88,360,4.4,0
1846,04/03/1999,64,10,6.8,448.8888889,6.824242424,0.85,360,4.4,0
1847,04/03/1999,64,11,7.4,538.6666667,6.727272727,0.8,360,4.4,0
1848,04/03/1999,64,12,8.3,751.8888889,6.615151515,0.75,360,4.4,0
1849,04/03/1999,64,13,9.6,819.2222222,6.496969697,0.69,360,4.4,0
1850,04/03/1999,64,14,7.8,471.3333333,6.415151515,0.78,360,4.4,0
1851,04/03/1999,64,15,5.6,202,6.36969697,0.88,360,4.4,0
1852,04/03/1999,64,16,6.3,235.6666667,6.257575758,0.87,360,4.4,0
1853,04/03/1999,64,17,6.1,179.5555556,6.115151515,0.86,360,4.4,0
1854,04/03/1999,64,18,5.3,22.44444444,5.966666667,0.85,360,4.4,0
1855,04/03/1999,64,19,5,0,5.83030303,0.91,360,4.4,0
1856,04/03/1999,64,20,5.1,0,5.709090909,0.92,360,4.4,0
1857,04/03/1999,64,21,5,0,5.612121212,0.93,360,4.4,0
1858,04/03/1999,64,22,4.8,0,5.533333333,0.91,360,4.4,0
1859,04/03/1999,64,23,4.5,0,5.442424242,0.91,360,4.4,0
1860,04/03/1999,64,24,3.6,0,5.351515152,0.89,360,3.4,0
1861,05/03/1999,65,1,3.3,0,5.272727273,0.91,360,3.4,0
1862,05/03/1999,65,2,3.6,0,5.239393939,0.92,360,3.4,0
1863,05/03/1999,65,3,3.5,0,5.239393939,0.92,360,3.4,0
1864,05/03/1999,65,4,3.5,0,5.239393939,0.92,360,3.4,0
1865,05/03/1999,65,5,3.4,0,5.248484848,0.91,360,3.4,0
1866,05/03/1999,65,6,3,0,5.206060606,0.92,360,3.4,0
1867,05/03/1999,65,7,2.8,11.22222222,5.193939394,0.92,360,3.4,0
1868,05/03/1999,65,8,3.1,78.55555556,5.142424242,0.92,360,3.4,0
1869,05/03/1999,65,9,4.3,448.8888889,5.090909091,0.89,360,3.4,0
1870,05/03/1999,65,10,5.3,774.3333333,5.048484848,0.83,360,3.4,0
1871,05/03/1999,65,11,5.6,572.3333333,5,0.78,360,3.4,0
1872,05/03/1999,65,12,5.8,549.8888889,4.921212121,0.74,360,3.4,0
1873,05/03/1999,65,13,4.2,336.6666667,4.812121212,0.83,360,3.4,0
1874,05/03/1999,65,14,5.3,258.1111111,4.666666667,0.88,360,3.4,0
1875,05/03/1999,65,15,3.9,157.1111111,4.484848485,0.88,360,3.4,0
1876,05/03/1999,65,16,4,134.6666667,4.333333333,0.9,360,3.4,0
1877,05/03/1999,65,17,4.7,89.77777778,4.221212121,0.91,360,3.4,0
1878,05/03/1999,65,18,4.5,11.22222222,4.075757576,0.86,360,3.4,0
1879,05/03/1999,65,19,4.2,0,3.948484848,0.85,360,3.4,0
1880,05/03/1999,65,20,3.8,0,3.839393939,0.86,360,3.4,0
1881,05/03/1999,65,21,3.5,0,3.742424242,0.87,360,3.4,0
1882,05/03/1999,65,22,3.6,0,3.639393939,0.85,360,3.4,0
1883,05/03/1999,65,23,2.8,0,3.539393939,0.86,360,3.4,0
1884,05/03/1999,65,24,1.9,0,3.436363636,0.87,360,3,0
1885,06/03/1999,66,1,1.5,0,3.354545455,0.9,360,3,0
1886,06/03/1999,66,2,1.9,0,3.339393939,0.91,360,3,0
1887,06/03/1999,66,3,1.7,0,3.351515152,0.92,360,3,0
1888,06/03/1999,66,4,1.8,0,3.363636364,0.92,360,3,0
1889,06/03/1999,66,5,1.7,0,3.403030303,0.93,360,3,0
1890,06/03/1999,66,6,1.7,0,3.466666667,0.93,360,3,0
1891,06/03/1999,66,7,1.4,11.22222222,3.5,0.93,360,3,0
1892,06/03/1999,66,8,1.8,112.2222222,3.524242424,0.93,360,3,0
1893,06/03/1999,66,9,3.1,471.3333333,3.587878788,0.9,360,3,0
1894,06/03/1999,66,10,3.7,460.1111111,3.63030303,0.87,360,3,0
1895,06/03/1999,66,11,4,763.1111111,3.603030303,0.79,360,3,0
1896,06/03/1999,66,12,4.8,965.1111111,3.506060606,0.76,360,3,0
1897,06/03/1999,66,13,5.6,1043.666667,3.396969697,0.75,360,3,0
1898,06/03/1999,66,14,4.5,684.5555556,3.287878788,0.73,360,3,0
1899,06/03/1999,66,15,3.8,370.3333333,3.218181818,0.81,360,3,0
1900,06/03/1999,66,16,4.9,482.5555556,3.090909091,0.74,360,3,0
1901,06/03/1999,66,17,4.5,190.7777778,3.009090909,0.73,360,3,0
1902,06/03/1999,66,18,3.4,11.22222222,2.909090909,0.82,360,3,0
1903,06/03/1999,66,19,2.1,0,2.809090909,0.85,360,3,0
1904,06/03/1999,66,20,2,0,2.727272727,0.89,360,3,0
1905,06/03/1999,66,21,2.2,0,2.657575758,0.89,360,3,0
1906,06/03/1999,66,22,1.9,0,2.6,0.9,360,3,0
1907,06/03/1999,66,23,1.1,0,2.536363636,0.91,360,3,0
1908,06/03/1999,66,24,1.2,0,2.484848485,0.92,360,3.8,0
1909,07/03/1999,67,1,0.7,0,2.478787879,0.92,360,3.8,0
1910,07/03/1999,67,2,1.4,0,2.515151515,0.91,360,3.8,0
1911,07/03/1999,67,3,1.8,0,2.581818182,0.9,360,3.8,0
1912,07/03/1999,67,4,1.9,0,2.651515152,0.89,360,3.8,0
1913,07/03/1999,67,5,1.9,0,2.763636364,0.89,360,3.8,0
1914,07/03/1999,67,6,1.4,0,2.896969697,0.93,360,3.8,0
1915,07/03/1999,67,7,1.9,11.22222222,3.06969697,0.94,360,3.8,0
1916,07/03/1999,67,8,2.6,89.77777778,3.136363636,0.93,360,3.8,0
1917,07/03/1999,67,9,3.1,157.1111111,3.221212121,0.92,360,3.8,0
1918,07/03/1999,67,10,3.7,258.1111111,3.290909091,0.91,360,3.8,0
1919,07/03/1999,67,11,4.2,314.2222222,3.318181818,0.9,360,3.8,0
1920,07/03/1999,67,12,5.4,493.7777778,3.321212121,0.85,360,3.8,0
1921,07/03/1999,67,13,6.2,505,3.318181818,0.78,360,3.8,0
1922,07/03/1999,67,14,7.4,538.6666667,3.272727273,0.74,360,3.8,0
1923,07/03/1999,67,15,3.9,460.1111111,3.203030303,0.8,360,3.8,0
1924,07/03/1999,67,16,4.2,168.3333333,3.154545455,0.91,360,3.8,0
1925,07/03/1999,67,17,4.1,224.4444444,3.109090909,0.87,360,3.8,0
1926,07/03/1999,67,18,4,44.88888889,3.018181818,0.88,360,3.8,0
1927,07/03/1999,67,19,3.8,0,2.93030303,0.84,360,3.8,0
1928,07/03/1999,67,20,3.9,0,2.878787879,0.8,360,3.8,0
1929,07/03/1999,67,21,3.3,0,2.875757576,0.81,360,3.8,0
1930,07/03/1999,67,22,3.3,0,2.893939394,0.78,360,3.8,0
1931,07/03/1999,67,23,2.9,0,2.909090909,0.81,360,3.8,0
1932,07/03/1999,67,24,2.3,0,2.933333333,0.85,360,4.1,0
1933,08/03/1999,68,1,1.9,0,2.984848485,0.91,360,4.1,0
1934,08/03/1999,68,2,1.6,0,3.042424242,0.93,360,4.1,0
1935,08/03/1999,68,3,1.7,0,3.109090909,0.95,360,4.1,0
1936,08/03/1999,68,4,2,0,3.139393939,0.96,360,4.1,0
1937,08/03/1999,68,5,2.6,0,3.184848485,0.97,360,4.1,0
1938,08/03/1999,68,6,2.7,0,3.251515152,0.97,360,4.1,0
1939,08/03/1999,68,7,2.7,0,3.36969697,0.97,360,4.1,0
1940,08/03/1999,68,8,2.8,44.88888889,3.542424242,0.95,360,4.1,0
1941,08/03/1999,68,9,3.1,78.55555556,3.727272727,0.94,360,4.1,0
1942,08/03/1999,68,10,2.9,101,3.927272727,0.93,360,4.1,0
1943,08/03/1999,68,11,2.4,190.7777778,4.106060606,0.94,360,4.1,0
1944,08/03/1999,68,12,3.3,168.3333333,4.248484848,0.93,360,4.1,0
1945,08/03/1999,68,13,4.1,202,4.372727273,0.94,360,4.1,0
1946,08/03/1999,68,14,5.8,280.5555556,4.460606061,0.94,360,4.1,0
1947,08/03/1999,68,15,7.1,190.7777778,4.521212121,0.94,360,4.1,0
1948,08/03/1999,68,16,8,258.1111111,4.521212121,0.91,360,4.1,0
1949,08/03/1999,68,17,9.2,145.8888889,4.615151515,0.86,360,4.1,0
1950,08/03/1999,68,18,9,11.22222222,4.690909091,0.79,360,4.1,0
1951,08/03/1999,68,19,8.4,0,4.754545455,0.73,360,4.1,0
1952,08/03/1999,68,20,8.3,0,4.806060606,0.73,360,4.1,0
1953,08/03/1999,68,21,8.3,0,4.854545455,0.75,360,4.1,0
1954,08/03/1999,68,22,8.2,0,4.896969697,0.78,360,4.1,0
1955,08/03/1999,68,23,7.4,0,4.957575758,0.86,360,4.1,0
1956,08/03/1999,68,24,7,0,5.021212121,0.89,360,1.1,0
1957,09/03/1999,69,1,6.7,0,5.109090909,0.87,360,1.1,0
1958,09/03/1999,69,2,6.2,0,5.224242424,0.87,360,1.1,0
1959,09/03/1999,69,3,5.7,0,5.351515152,0.88,360,1.1,0
1960,09/03/1999,69,4,5.4,0,5.503030303,0.91,360,1.1,0
1961,09/03/1999,69,5,5.3,0,5.718181818,0.91,360,1.1,0
1962,09/03/1999,69,6,5.3,0,5.912121212,0.92,360,1.1,0
1963,09/03/1999,69,7,5.4,0,6.096969697,0.94,360,1.1,0
1964,09/03/1999,69,8,5.8,89.77777778,6.26969697,0.95,360,1.1,0
1965,09/03/1999,69,9,6.1,190.7777778,6.43030303,0.94,360,1.1,0
1966,09/03/1999,69,10,6.1,168.3333333,6.578787879,0.93,360,1.1,0
1967,09/03/1999,69,11,6.6,246.8888889,6.709090909,0.9,360,1.1,0
1968,09/03/1999,69,12,8.8,774.3333333,6.842424242,0.85,360,1.1,0
1969,09/03/1999,69,13,8.4,448.8888889,6.987878788,0.81,360,1.1,0
1970,09/03/1999,69,14,8.7,303,7.096969697,0.8,360,1.1,0
1971,09/03/1999,69,15,8.4,190.7777778,7.181818182,0.82,360,1.1,0
1972,09/03/1999,69,16,8,67.33333333,7.206060606,0.88,360,1.1,0
1973,09/03/1999,69,17,7.7,44.88888889,7.181818182,0.92,360,1.1,0
1974,09/03/1999,69,18,7.4,11.22222222,7.127272727,0.92,360,1.1,0
1975,09/03/1999,69,19,7.3,0,7.033333333,0.93,360,1.1,0
1976,09/03/1999,69,20,7.2,0,6.936363636,0.94,360,1.1,0
1977,09/03/1999,69,21,6.9,0,6.857575758,0.95,360,1.1,0
1978,09/03/1999,69,22,6.9,0,6.784848485,0.95,360,1.1,0
1979,09/03/1999,69,23,6.6,0,6.706060606,0.96,360,1.1,0
1980,09/03/1999,69,24,6.3,0,6.639393939,0.97,360,1.2,0
1981,10/03/1999,70,1,6.2,0,6.609090909,0.97,360,1.2,0
1982,10/03/1999,70,2,6.1,0,6.603030303,0.98,360,1.2,0
1983,10/03/1999,70,3,5.8,0,6.609090909,0.98,360,1.2,0
1984,10/03/1999,70,4,5.8,0,6.645454545,0.98,360,1.2,0
1985,10/03/1999,70,5,5.9,0,6.709090909,0.98,360,1.2,0
1986,10/03/1999,70,6,5.7,0,6.818181818,0.99,360,1.2,0
1987,10/03/1999,70,7,6,0,6.945454545,0.99,360,1.2,0
1988,10/03/1999,70,8,6.4,89.77777778,7.081818182,0.99,360,1.2,0
1989,10/03/1999,70,9,6.8,101,7.218181818,0.99,360,1.2,0
1990,10/03/1999,70,10,6.9,157.1111111,7.303030303,0.99,360,1.2,0
1991,10/03/1999,70,11,7.4,246.8888889,7.348484848,0.98,360,1.2,0
1992,10/03/1999,70,12,7.8,325.4444444,7.372727273,0.96,360,1.2,0
1993,10/03/1999,70,13,9,594.7777778,7.372727273,0.89,360,1.2,0
1994,10/03/1999,70,14,9.5,628.4444444,7.296969697,0.81,360,1.2,0
1995,10/03/1999,70,15,9.8,392.7777778,7.236363636,0.78,360,1.2,0
1996,10/03/1999,70,16,9.9,303,7.160606061,0.75,360,1.2,0
1997,10/03/1999,70,17,8.6,179.5555556,7.081818182,0.82,360,1.2,0
1998,10/03/1999,70,18,7.6,22.44444444,6.993939394,0.78,360,1.2,0
1999,10/03/1999,70,19,6.9,0,6.884848485,0.84,360,1.2,0
2000,10/03/1999,70,20,6.6,0,6.778787879,0.86,360,1.2,0
2001,10/03/1999,70,21,6.3,0,6.684848485,0.85,360,1.2,0
2002,10/03/1999,70,22,6.4,0,6.587878788,0.83,360,1.2,0
2003,10/03/1999,70,23,6.2,0,6.493939394,0.82,360,1.2,0
2004,10/03/1999,70,24,5.8,0,6.418181818,0.83,360,3,0
2005,11/03/1999,71,1,5.1,0,6.433333333,0.86,360,3,0
2006,11/03/1999,71,2,4.1,0,6.496969697,0.87,360,3,0
2007,11/03/1999,71,3,3.9,0,6.615151515,0.9,360,3,0
2008,11/03/1999,71,4,4.2,0,6.803030303,0.91,360,3,0
2009,11/03/1999,71,5,4,0,7.036363636,0.9,360,3,0
2010,11/03/1999,71,6,3.8,0,7.306060606,0.91,360,3,0
2011,11/03/1999,71,7,4.4,33.66666667,7.596969697,0.9,360,3,0
2012,11/03/1999,71,8,7.1,291.7777778,7.909090909,0.82,360,3,0
2013,11/03/1999,71,9,8.4,572.3333333,8.178787879,0.79,360,3,0
2014,11/03/1999,71,10,10.1,628.4444444,8.390909091,0.76,360,3,0
2015,11/03/1999,71,11,12.3,1268.111111,8.545454545,0.71,360,3,0
2016,11/03/1999,71,12,13.5,1245.666667,8.657575758,0.69,360,3,0
2017,11/03/1999,71,13,14.7,1178.333333,8.757575758,0.69,360,3,0
2018,11/03/1999,71,14,15.5,1088.555556,8.839393939,0.63,360,3,0
2019,11/03/1999,71,15,16,864.1111111,8.890909091,0.66,360,3,0
2020,11/03/1999,71,16,14.9,617.2222222,8.918181818,0.69,360,3,0
2021,11/03/1999,71,17,13.4,269.3333333,8.912121212,0.73,360,3,0
2022,11/03/1999,71,18,11.9,44.88888889,8.866666667,0.8,360,3,0
2023,11/03/1999,71,19,10.6,0,8.83030303,0.86,360,3,0
2024,11/03/1999,71,20,10.7,0,8.812121212,0.87,360,3,0
2025,11/03/1999,71,21,10.5,0,8.803030303,0.87,360,3,0
2026,11/03/1999,71,22,10.7,0,8.784848485,0.84,360,3,0
2027,11/03/1999,71,23,10.4,0,8.757575758,0.85,360,3,0
2028,11/03/1999,71,24,9.6,0,8.754545455,0.86,360,2.1,0
2029,12/03/1999,72,1,8.4,0,8.83030303,0.9,360,2.1,0
2030,12/03/1999,72,2,7.4,0,8.993939394,0.92,360,2.1,0
2031,12/03/1999,72,3,7,0,9.284848485,0.93,360,2.1,0
2032,12/03/1999,72,4,6.6,0,9.627272727,0.94,360,2.1,0
2033,12/03/1999,72,5,6,0,10,0.95,360,2.1,0
2034,12/03/1999,72,6,5.4,0,10.38787879,0.96,360,2.1,0
2035,12/03/1999,72,7,6.3,44.88888889,10.80606061,0.97,360,2.1,0
2036,12/03/1999,72,8,8.7,258.1111111,11.23030303,0.96,360,2.1,0
2037,12/03/1999,72,9,11.2,505,11.61515152,0.87,360,2.1,0
2038,12/03/1999,72,10,14.7,830.4444444,11.8969697,0.73,360,2.1,0
2039,12/03/1999,72,11,15.4,886.5555556,12.09090909,0.61,360,2.1,0
2040,12/03/1999,72,12,16.2,841.6666667,12.20909091,0.61,360,2.1,0
2041,12/03/1999,72,13,17,987.5555556,12.25757576,0.61,360,2.1,0
2042,12/03/1999,72,14,17.8,1032.444444,12.25454545,0.6,360,2.1,0
2043,12/03/1999,72,15,17.8,796.7777778,12.21818182,0.6,360,2.1,0
2044,12/03/1999,72,16,17.1,460.1111111,12.13030303,0.62,360,2.1,0
2045,12/03/1999,72,17,16.4,224.4444444,12,0.64,360,2.1,0
2046,12/03/1999,72,18,14.8,33.66666667,11.88484848,0.69,360,2.1,0
2047,12/03/1999,72,19,14,0,11.8,0.73,360,2.1,0
2048,12/03/1999,72,20,13.9,0,11.73636364,0.74,360,2.1,0
2049,12/03/1999,72,21,13.4,0,11.70606061,0.74,360,2.1,0
2050,12/03/1999,72,22,13.5,0,11.65454545,0.74,360,2.1,0
2051,12/03/1999,72,23,12.6,0,11.59090909,0.79,360,2.1,0
2052,12/03/1999,72,24,11.7,0,11.52727273,0.76,360,1.8,0
2053,13/03/1999,73,1,11.1,0,11.50606061,0.78,360,1.8,0
2054,13/03/1999,73,2,10.6,0,11.53939394,0.79,360,1.8,0
2055,13/03/1999,73,3,9.8,0,11.65454545,0.81,360,1.8,0
2056,13/03/1999,73,4,9.6,0,11.83030303,0.82,360,1.8,0
2057,13/03/1999,73,5,9,0,12.06060606,0.82,360,1.8,0
2058,13/03/1999,73,6,8.4,0,12.28181818,0.83,360,1.8,0
2059,13/03/1999,73,7,8.6,44.88888889,12.51818182,0.86,360,1.8,0
2060,13/03/1999,73,8,9.7,336.6666667,12.77878788,0.83,360,1.8,0
2061,13/03/1999,73,9,10.7,359.1111111,12.98484848,0.84,360,1.8,0
2062,13/03/1999,73,10,12.2,864.1111111,13.10606061,0.74,360,1.8,0
2063,13/03/1999,73,11,13.2,987.5555556,13.13030303,0.7,360,1.8,0
2064,13/03/1999,73,12,14.6,1155.888889,13.02727273,0.72,360,1.8,0
2065,13/03/1999,73,13,13.9,1189.555556,12.88484848,0.65,360,1.8,0
2066,13/03/1999,73,14,13.8,976.3333333,12.7030303,0.69,360,1.8,0
2067,13/03/1999,73,15,14,572.3333333,12.49090909,0.74,360,1.8,0
2068,13/03/1999,73,16,13.1,314.2222222,12.24848485,0.78,360,1.8,0
2069,13/03/1999,73,17,12.7,134.6666667,11.98787879,0.8,360,1.8,0
2070,13/03/1999,73,18,12,22.44444444,11.73636364,0.8,360,1.8,0
2071,13/03/1999,73,19,11.3,0,11.51212121,0.83,360,1.8,0
2072,13/03/1999,73,20,10.7,0,11.31818182,0.83,360,1.8,0
2073,13/03/1999,73,21,10.2,0,11.11515152,0.82,360,1.8,0
2074,13/03/1999,73,22,10,0,10.91515152,0.76,360,1.8,0
2075,13/03/1999,73,23,9.8,0,10.7,0.71,360,1.8,0
2076,13/03/1999,73,24,9.2,0,10.49090909,0.71,360,1.8,0
2077,14/03/1999,74,1,8.8,0,10.36666667,0.72,360,1.8,0
2078,14/03/1999,74,2,9,0,10.31515152,0.71,360,1.8,0
2079,14/03/1999,74,3,8.4,0,10.35454545,0.74,360,1.8,0
2080,14/03/1999,74,4,7.3,0,10.42121212,0.78,360,1.8,0
2081,14/03/1999,74,5,7.3,0,10.54242424,0.8,360,1.8,0
2082,14/03/1999,74,6,6.3,0,10.69393939,0.85,360,1.8,0
2083,14/03/1999,74,7,6.6,44.88888889,10.86060606,0.84,360,1.8,0
2084,14/03/1999,74,8,8.5,235.6666667,11.05757576,0.81,360,1.8,0
2085,14/03/1999,74,9,10,460.1111111,11.22727273,0.74,360,1.8,0
2086,14/03/1999,74,10,12.4,998.7777778,11.32727273,0.64,360,1.8,0
2087,14/03/1999,74,11,12.8,1212,11.31212121,0.57,360,1.8,0
2088,14/03/1999,74,12,13.8,1346.666667,11.21818182,0.53,360,1.8,0
2089,14/03/1999,74,13,14.6,1346.666667,11.07272727,0.53,360,1.8,0
2090,14/03/1999,74,14,14.5,1234.444444,10.85454545,0.52,360,1.8,0
2091,14/03/1999,74,15,14.9,987.5555556,10.63030303,0.54,360,1.8,0
2092,14/03/1999,74,16,14.2,718.2222222,10.3969697,0.52,360,1.8,0
2093,14/03/1999,74,17,13,381.5555556,10.13030303,0.59,360,1.8,0
2094,14/03/1999,74,18,10.2,56.11111111,9.884848485,0.7,360,1.8,0
2095,14/03/1999,74,19,9.1,0,9.639393939,0.75,360,1.8,0
2096,14/03/1999,74,20,8.4,0,9.396969697,0.75,360,1.8,0
2097,14/03/1999,74,21,7.4,0,9.160606061,0.81,360,1.8,0
2098,14/03/1999,74,22,6.5,0,8.921212121,0.83,360,1.8,0
2099,14/03/1999,74,23,6.1,0,8.742424242,0.83,360,1.8,0
2100,14/03/1999,74,24,5.2,0,8.575757576,0.84,360,1.5,0
2101,15/03/1999,75,1,5,0,8.466666667,0.84,360,1.5,0
2102,15/03/1999,75,2,4.6,0,8.445454545,0.86,360,1.5,0
2103,15/03/1999,75,3,4,0,8.487878788,0.87,360,1.5,0
2104,15/03/1999,75,4,3.5,0,8.584848485,0.9,360,1.5,0
2105,15/03/1999,75,5,2.8,0,8.727272727,0.89,360,1.5,0
2106,15/03/1999,75,6,4.3,0,8.933333333,0.86,360,1.5,0
2107,15/03/1999,75,7,4.5,67.33333333,9.16969697,0.83,360,1.5,0
2108,15/03/1999,75,8,6.2,347.8888889,9.427272727,0.78,360,1.5,0
2109,15/03/1999,75,9,8.5,673.3333333,9.645454545,0.71,360,1.5,0
2110,15/03/1999,75,10,10.2,1010,9.766666667,0.68,360,1.5,0
2111,15/03/1999,75,11,12.2,1212,9.772727273,0.64,360,1.5,0
2112,15/03/1999,75,12,13.1,1313,9.657575758,0.63,360,1.5,0
2113,15/03/1999,75,13,14.1,1324.222222,9.518181818,0.59,360,1.5,0
2114,15/03/1999,75,14,15.1,1200.777778,9.336363636,0.57,360,1.5,0
2115,15/03/1999,75,15,14.8,965.1111111,9.136363636,0.56,360,1.5,0
2116,15/03/1999,75,16,13.8,662.1111111,8.881818182,0.55,360,1.5,0
2117,15/03/1999,75,17,12.5,325.4444444,8.603030303,0.62,360,1.5,0
2118,15/03/1999,75,18,10.2,56.11111111,8.324242424,0.74,360,1.5,0
2119,15/03/1999,75,19,8.6,0,8.057575758,0.82,360,1.5,0
2120,15/03/1999,75,20,8.2,0,7.875757576,0.83,360,1.5,0
2121,15/03/1999,75,21,7.8,0,7.690909091,0.85,360,1.5,0
2122,15/03/1999,75,22,8,0,7.542424242,0.83,360,1.5,0
2123,15/03/1999,75,23,6.1,0,7.403030303,0.85,360,1.5,0
2124,15/03/1999,75,24,5.7,0,7.293939394,0.89,360,1.5,0
2125,16/03/1999,76,1,5,0,7.296969697,0.9,360,1.5,0
2126,16/03/1999,76,2,4.2,0,7.393939394,0.92,360,1.5,0
2127,16/03/1999,76,3,4.2,0,7.527272727,0.93,360,1.5,0
2128,16/03/1999,76,4,3,0,7.727272727,0.94,360,1.5,0
2129,16/03/1999,76,5,3.5,0,8,0.95,360,1.5,0
2130,16/03/1999,76,6,2.8,0,8.318181818,0.95,360,1.5,0
2131,16/03/1999,76,7,2.9,78.55555556,8.657575758,0.95,360,1.5,0
2132,16/03/1999,76,8,6.2,336.6666667,8.957575758,0.92,360,1.5,0
2133,16/03/1999,76,9,8.4,628.4444444,9.242424242,0.83,360,1.5,0
2134,16/03/1999,76,10,9.4,909,9.43030303,0.75,360,1.5,0
2135,16/03/1999,76,11,11.2,1144.666667,9.496969697,0.67,360,1.5,0
2136,16/03/1999,76,12,13,1290.555556,9.451515152,0.6,360,1.5,0
2137,16/03/1999,76,13,14,1290.555556,9.348484848,0.55,360,1.5,0
2138,16/03/1999,76,14,14,1178.333333,9.178787879,0.49,360,1.5,0
2139,16/03/1999,76,15,14.2,965.1111111,8.951515152,0.52,360,1.5,0
2140,16/03/1999,76,16,13.9,673.3333333,8.66969697,0.5,360,1.5,0
2141,16/03/1999,76,17,12.4,325.4444444,8.406060606,0.61,360,1.5,0
2142,16/03/1999,76,18,10.7,67.33333333,8.166666667,0.64,360,1.5,0
2143,16/03/1999,76,19,8.7,0,7.960606061,0.71,360,1.5,0
2144,16/03/1999,76,20,8.8,0,7.784848485,0.69,360,1.5,0
2145,16/03/1999,76,21,7.5,0,7.636363636,0.74,360,1.5,0
2146,16/03/1999,76,22,6.6,0,7.521212121,0.79,360,1.5,0
2147,16/03/1999,76,23,5.8,0,7.412121212,0.82,360,1.5,0
2148,16/03/1999,76,24,6.1,0,7.312121212,0.82,360,1.7,0
2149,17/03/1999,77,1,5.9,0,7.384848485,0.78,360,1.7,0
2150,17/03/1999,77,2,5.7,0,7.466666667,0.76,360,1.7,0
2151,17/03/1999,77,3,4.4,0,7.633333333,0.82,360,1.7,0
2152,17/03/1999,77,4,3.7,0,7.866666667,0.87,360,1.7,0
2153,17/03/1999,77,5,4.4,0,8.145454545,0.82,360,1.7,0
2154,17/03/1999,77,6,4.2,0,8.472727273,0.85,360,1.7,0
2155,17/03/1999,77,7,4.7,56.11111111,8.790909091,0.85,360,1.7,0
2156,17/03/1999,77,8,8.5,314.2222222,9.145454545,0.76,360,1.7,0
2157,17/03/1999,77,9,8.4,527.4444444,9.475757576,0.71,360,1.7,0
2158,17/03/1999,77,10,10.5,875.3333333,9.666666667,0.63,360,1.7,0
2159,17/03/1999,77,11,11.9,1144.666667,9.733333333,0.55,360,1.7,0
2160,17/03/1999,77,12,13.4,1256.888889,9.718181818,0.51,360,1.7,0
2161,17/03/1999,77,13,13.8,1279.333333,9.651515152,0.45,360,1.7,0
2162,17/03/1999,77,14,14,1178.333333,9.524242424,0.47,360,1.7,0
2163,17/03/1999,77,15,14.5,808,9.345454545,0.49,360,1.7,0
2164,17/03/1999,77,16,13.8,695.7777778,9.145454545,0.5,360,1.7,0
2165,17/03/1999,77,17,12.5,336.6666667,8.939393939,0.53,360,1.7,0
2166,17/03/1999,77,18,10.6,67.33333333,8.675757576,0.6,360,1.7,0
2167,17/03/1999,77,19,8.9,0,8.436363636,0.68,360,1.7,0
2168,17/03/1999,77,20,9,0,8.251515152,0.63,360,1.7,0
2169,17/03/1999,77,21,8.8,0,8.106060606,0.67,360,1.7,0
2170,17/03/1999,77,22,8.1,0,7.954545455,0.69,360,1.7,0
2171,17/03/1999,77,23,7.4,0,7.796969697,0.7,360,1.7,0
2172,17/03/1999,77,24,7.4,0,7.693939394,0.71,360,2.2,0
2173,18/03/1999,78,1,5.2,0,7.733333333,0.79,360,2.2,0
2174,18/03/1999,78,2,4.5,0,7.76969697,0.83,360,2.2,0
2175,18/03/1999,78,3,4.6,0,7.83030303,0.86,360,2.2,0
2176,18/03/1999,78,4,3.9,0,7.972727273,0.89,360,2.2,0
2177,18/03/1999,78,5,3.8,0,8.218181818,0.89,360,2.2,0
2178,18/03/1999,78,6,2.3,0,8.536363636,0.91,360,2.2,0
2179,18/03/1999,78,7,3.2,67.33333333,8.83030303,0.93,360,2.2,0
2180,18/03/1999,78,8,7.1,381.5555556,9.136363636,0.92,360,2.2,0
2181,18/03/1999,78,9,7.3,415.2222222,9.390909091,0.87,360,2.2,0
2182,18/03/1999,78,10,7.9,291.7777778,9.496969697,0.86,360,2.2,0
2183,18/03/1999,78,11,10.4,516.2222222,9.53030303,0.77,360,2.2,0
2184,18/03/1999,78,12,12.5,695.7777778,9.487878788,0.64,360,2.2,0
2185,18/03/1999,78,13,14.2,1032.444444,9.378787879,0.64,360,2.2,0
2186,18/03/1999,78,14,14.1,729.4444444,9.203030303,0.63,360,2.2,0
2187,18/03/1999,78,15,14.3,572.3333333,8.972727273,0.65,360,2.2,0
2188,18/03/1999,78,16,13.1,157.1111111,8.693939394,0.72,360,2.2,0
2189,18/03/1999,78,17,12,22.44444444,8.406060606,0.84,360,2.2,0
2190,18/03/1999,78,18,9.5,0,8.13030303,0.89,360,2.2,0
2191,18/03/1999,78,19,9.1,0,7.884848485,0.89,360,2.2,0
2192,18/03/1999,78,20,8.3,0,7.684848485,0.9,360,2.2,0
2193,18/03/1999,78,21,7.6,0,7.527272727,0.8,360,2.2,0
2194,18/03/1999,78,22,6.2,0,7.372727273,0.81,360,2.2,0
2195,18/03/1999,78,23,4.8,0,7.196969697,0.83,360,2.2,0
2196,18/03/1999,78,24,5,0,7.06969697,0.84,360,2.8,0
2197,19/03/1999,79,1,4.7,0,7.027272727,0.84,360,2.8,0
2198,19/03/1999,79,2,4.4,0,7.024242424,0.83,360,2.8,0
2199,19/03/1999,79,3,4,0,7.139393939,0.82,360,2.8,0
2200,19/03/1999,79,4,3.7,0,7.281818182,0.86,360,2.8,0
2201,19/03/1999,79,5,3.9,0,7.427272727,0.85,360,2.8,0
2202,19/03/1999,79,6,3,0,7.621212121,0.88,360,2.8,0
2203,19/03/1999,79,7,3.9,67.33333333,7.793939394,0.9,360,2.8,0
2204,19/03/1999,79,8,6,291.7777778,8.033333333,0.89,360,2.8,0
2205,19/03/1999,79,9,7.3,695.7777778,8.236363636,0.78,360,2.8,0
2206,19/03/1999,79,10,9,920.2222222,8.3,0.67,360,2.8,0
2207,19/03/1999,79,11,9.2,1010,8.312121212,0.57,360,2.8,0
2208,19/03/1999,79,12,9.4,886.5555556,8.263636364,0.58,360,2.8,0
2209,19/03/1999,79,13,10.3,1122.222222,8.157575758,0.53,360,2.8,0
2210,19/03/1999,79,14,9.5,751.8888889,7.981818182,0.54,360,2.8,0
2211,19/03/1999,79,15,10.2,875.3333333,7.742424242,0.53,360,2.8,0
2212,19/03/1999,79,16,9.9,460.1111111,7.451515152,0.52,360,2.8,0
2213,19/03/1999,79,17,9.2,404,7.145454545,0.54,360,2.8,0
2214,19/03/1999,79,18,7.7,56.11111111,6.86969697,0.62,360,2.8,0
2215,19/03/1999,79,19,6.3,0,6.603030303,0.68,360,2.8,0
2216,19/03/1999,79,20,6.9,0,6.396969697,0.7,360,2.8,0
2217,19/03/1999,79,21,6.7,0,6.187878788,0.71,360,2.8,0
2218,19/03/1999,79,22,6.3,0,5.993939394,0.75,360,2.8,0
2219,19/03/1999,79,23,4.5,0,5.796969697,0.82,360,2.8,0
2220,19/03/1999,79,24,4.2,0,5.651515152,0.86,360,1,0
2221,20/03/1999,80,1,4,0,5.654545455,0.86,360,1,0
2222,20/03/1999,80,2,3.2,0,5.672727273,0.88,360,1,0
2223,20/03/1999,80,3,2.7,0,5.784848485,0.9,360,1,0
2224,20/03/1999,80,4,2.2,0,5.936363636,0.91,360,1,0
2225,20/03/1999,80,5,1.9,0,6.1,0.92,360,1,0
2226,20/03/1999,80,6,1.1,0,6.293939394,0.93,360,1,0
2227,20/03/1999,80,7,1.4,44.88888889,6.490909091,0.94,360,1,0
2228,20/03/1999,80,8,4.9,314.2222222,6.715151515,0.95,360,1,0
2229,20/03/1999,80,9,5.6,505,6.918181818,0.91,360,1,0
2230,20/03/1999,80,10,8.4,796.7777778,7.045454545,0.8,360,1,0
2231,20/03/1999,80,11,9.4,1155.888889,7.112121212,0.55,360,1,0
2232,20/03/1999,80,12,9.4,426.4444444,7.109090909,0.58,360,1,0
2233,20/03/1999,80,13,10.1,561.1111111,7.084848485,0.56,360,1,0
2234,20/03/1999,80,14,10.4,650.8888889,7.042424242,0.55,360,1,0
2235,20/03/1999,80,15,10.4,516.2222222,6.954545455,0.52,360,1,0
2236,20/03/1999,80,16,10.6,347.8888889,6.884848485,0.52,360,1,0
2237,20/03/1999,80,17,10.2,213.2222222,6.784848485,0.56,360,1,0
2238,20/03/1999,80,18,9.5,56.11111111,6.681818182,0.55,360,1,0
2239,20/03/1999,80,19,8.9,0,6.606060606,0.59,360,1,0
2240,20/03/1999,80,20,8.4,0,6.524242424,0.62,360,1,0
2241,20/03/1999,80,21,8,0,6.487878788,0.68,360,1,0
2242,20/03/1999,80,22,7.4,0,6.406060606,0.73,360,1,0
2243,20/03/1999,80,23,7.2,0,6.360606061,0.74,360,1,0
2244,20/03/1999,80,24,6.9,0,6.354545455,0.8,360,4.3,0
2245,21/03/1999,81,1,6.5,0,6.412121212,0.82,360,4.3,0
2246,21/03/1999,81,2,6.7,0,6.5,0.83,360,4.3,0
2247,21/03/1999,81,3,5,0,6.606060606,0.86,360,4.3,0
2248,21/03/1999,81,4,5.1,0,6.742424242,0.89,360,4.3,0
2249,21/03/1999,81,5,4.2,0,6.896969697,0.9,360,4.3,0
2250,21/03/1999,81,6,5.2,0,7.027272727,0.89,360,4.3,0
2251,21/03/1999,81,7,6.1,33.66666667,7.166666667,0.86,360,4.3,0
2252,21/03/1999,81,8,6.4,78.55555556,7.336363636,0.8,360,4.3,0
2253,21/03/1999,81,9,7.1,168.3333333,7.496969697,0.73,360,4.3,0
2254,21/03/1999,81,10,7.5,213.2222222,7.572727273,0.72,360,4.3,0
2255,21/03/1999,81,11,7.7,258.1111111,7.618181818,0.73,360,4.3,0
2256,21/03/1999,81,12,7.8,235.6666667,7.554545455,0.72,360,4.3,0
2257,21/03/1999,81,13,6.5,101,7.481818182,0.81,360,4.3,0
2258,21/03/1999,81,14,6.5,101,7.403030303,0.87,360,4.3,0
2259,21/03/1999,81,15,6.7,101,7.296969697,0.9,360,4.3,0
2260,21/03/1999,81,16,6.7,101,7.196969697,0.91,360,4.3,0
2261,21/03/1999,81,17,7.4,78.55555556,7.090909091,0.89,360,4.3,0
2262,21/03/1999,81,18,7.1,112.2222222,6.963636364,0.89,360,4.3,0
2263,21/03/1999,81,19,6.3,0,6.833333333,0.91,360,4.3,0
2264,21/03/1999,81,20,7,0,6.693939394,0.84,360,4.3,0
2265,21/03/1999,81,21,6.8,0,6.590909091,0.84,360,4.3,0
2266,21/03/1999,81,22,6.6,0,6.509090909,0.9,360,4.3,0
2267,21/03/1999,81,23,7.1,0,6.445454545,0.88,360,4.3,0
2268,21/03/1999,81,24,6.9,0,6.396969697,0.87,360,3.6,0
2269,22/03/1999,82,1,6.4,0,6.381818182,0.83,360,3.6,0
2270,22/03/1999,82,2,5.9,0,6.384848485,0.85,360,3.6,0
2271,22/03/1999,82,3,4.9,0,6.409090909,0.86,360,3.6,0
2272,22/03/1999,82,4,5.5,0,6.412121212,0.88,360,3.6,0
2273,22/03/1999,82,5,5.7,0,6.490909091,0.88,360,3.6,0
2274,22/03/1999,82,6,5.9,0,6.593939394,0.88,360,3.6,0
2275,22/03/1999,82,7,5.8,11.22222222,6.712121212,0.89,360,3.6,0
2276,22/03/1999,82,8,6.7,213.2222222,6.793939394,0.87,360,3.6,0
2277,22/03/1999,82,9,7,314.2222222,6.83030303,0.81,360,3.6,0
2278,22/03/1999,82,10,7.3,370.3333333,6.851515152,0.83,360,3.6,0
2279,22/03/1999,82,11,6.8,482.5555556,6.824242424,0.76,360,3.6,0
2280,22/03/1999,82,12,7.6,695.7777778,6.742424242,0.74,360,3.6,0
2281,22/03/1999,82,13,8.5,953.8888889,6.63030303,0.65,360,3.6,0
2282,22/03/1999,82,14,8.1,1077.333333,6.512121212,0.69,360,3.6,0
2283,22/03/1999,82,15,7.9,538.6666667,6.436363636,0.6,360,3.6,0
2284,22/03/1999,82,16,7.3,314.2222222,6.366666667,0.61,360,3.6,0
2285,22/03/1999,82,17,7.1,246.8888889,6.315151515,0.6,360,3.6,0
2286,22/03/1999,82,18,6.2,56.11111111,6.257575758,0.63,360,3.6,0
2287,22/03/1999,82,19,4.8,0,6.193939394,0.65,360,3.6,0
2288,22/03/1999,82,20,4,0,6.139393939,0.71,360,3.6,0
2289,22/03/1999,82,21,3.9,0,6.118181818,0.73,360,3.6,0
2290,22/03/1999,82,22,4,0,6.084848485,0.75,360,3.6,0
2291,22/03/1999,82,23,4.2,0,6.06969697,0.78,360,3.6,0
2292,22/03/1999,82,24,5,0,6.084848485,0.81,360,3.1,0
2293,23/03/1999,83,1,4.8,0,6.103030303,0.86,360,3.1,0
2294,23/03/1999,83,2,5.3,0,6.148484848,0.88,360,3.1,0
2295,23/03/1999,83,3,5.3,0,6.233333333,0.9,360,3.1,0
2296,23/03/1999,83,4,5.6,0,6.345454545,0.93,360,3.1,0
2297,23/03/1999,83,5,5.9,0,6.466666667,0.95,360,3.1,0
2298,23/03/1999,83,6,6.3,0,6.578787879,0.96,360,3.1,0
2299,23/03/1999,83,7,7.1,22.44444444,6.721212121,0.96,360,3.1,0
2300,23/03/1999,83,8,7.7,67.33333333,6.857575758,0.96,360,3.1,0
2301,23/03/1999,83,9,8.4,123.4444444,6.984848485,0.95,360,3.1,0
2302,23/03/1999,83,10,9.2,246.8888889,7.090909091,0.92,360,3.1,0
2303,23/03/1999,83,11,9.6,291.7777778,7.178787879,0.88,360,3.1,0
2304,23/03/1999,83,12,8.9,224.4444444,7.245454545,0.92,360,3.1,0
2305,23/03/1999,83,13,9.2,258.1111111,7.33030303,0.94,360,3.1,0
2306,23/03/1999,83,14,10.4,493.7777778,7.381818182,0.88,360,3.1,0
2307,23/03/1999,83,15,10.4,269.3333333,7.393939394,0.87,360,3.1,0
2308,23/03/1999,83,16,10,202,7.415151515,0.9,360,3.1,0
2309,23/03/1999,83,17,10.2,123.4444444,7.436363636,0.88,360,3.1,0
2310,23/03/1999,83,18,9.9,44.88888889,7.463636364,0.86,360,3.1,0
2311,23/03/1999,83,19,9.5,0,7.496969697,0.88,360,3.1,0
2312,23/03/1999,83,20,9.6,0,7.563636364,0.88,360,3.1,0
2313,23/03/1999,83,21,9.3,0,7.663636364,0.87,360,3.1,0
2314,23/03/1999,83,22,8.9,0,7.784848485,0.88,360,3.1,0
2315,23/03/1999,83,23,8.8,0,7.903030303,0.89,360,3.1,0
2316,23/03/1999,83,24,8.6,0,8.036363636,0.88,360,2,0
2317,24/03/1999,84,1,8.2,0,8.227272727,0.88,360,2,0
2318,24/03/1999,84,2,8.2,0,8.381818182,0.91,360,2,0
2319,24/03/1999,84,3,8.4,0,8.584848485,0.9,360,2,0
2320,24/03/1999,84,4,8.1,0,8.803030303,0.89,360,2,0
2321,24/03/1999,84,5,8,0,9.048484848,0.88,360,2,0
2322,24/03/1999,84,6,7.8,0,9.303030303,0.87,360,2,0
2323,24/03/1999,84,7,8.4,67.33333333,9.572727273,0.84,360,2,0
2324,24/03/1999,84,8,10.5,437.6666667,9.83030303,0.7,360,2,0
2325,24/03/1999,84,9,10.1,650.8888889,10.07575758,0.68,360,2,0
2326,24/03/1999,84,10,11.5,909,10.27272727,0.64,360,2,0
2327,24/03/1999,84,11,12.5,1212,10.38787879,0.59,360,2,0
2328,24/03/1999,84,12,13.4,1458.888889,10.41515152,0.61,360,2,0
2329,24/03/1999,84,13,14,1447.666667,10.41212121,0.57,360,2,0
2330,24/03/1999,84,14,14.8,1335.444444,10.43030303,0.62,360,2,0
2331,24/03/1999,84,15,14.8,1111,10.43030303,0.57,360,2,0
2332,24/03/1999,84,16,15.2,819.2222222,10.33939394,0.59,360,2,0
2333,24/03/1999,84,17,14.2,460.1111111,10.21212121,0.6,360,2,0
2334,24/03/1999,84,18,12.2,112.2222222,10.10606061,0.68,360,2,0
2335,24/03/1999,84,19,10.1,0,9.987878788,0.78,360,2,0
2336,24/03/1999,84,20,9.5,0,9.96969697,0.83,360,2,0
2337,24/03/1999,84,21,9.5,0,9.966666667,0.85,360,2,0
2338,24/03/1999,84,22,9.2,0,9.936363636,0.85,360,2,0
2339,24/03/1999,84,23,7.4,0,9.921212121,0.85,360,2,0
2340,24/03/1999,84,24,6.2,0,9.933333333,0.9,360,3.5,0
2341,25/03/1999,85,1,6.5,0,9.960606061,0.92,360,3.5,0
2342,25/03/1999,85,2,6.3,0,10,0.92,360,3.5,0
2343,25/03/1999,85,3,9.3,0,10.06363636,0.81,360,3.5,0
2344,25/03/1999,85,4,9.4,0,10.17272727,0.73,360,3.5,0
2345,25/03/1999,85,5,8.6,0,10.29090909,0.73,360,3.5,0
2346,25/03/1999,85,6,8.8,11.22222222,10.42424242,0.74,360,3.5,0
2347,25/03/1999,85,7,9.3,44.88888889,10.55454545,0.73,360,3.5,0
2348,25/03/1999,85,8,9.7,134.6666667,10.68787879,0.71,360,3.5,0
2349,25/03/1999,85,9,9.9,202,10.76969697,0.8,360,3.5,0
2350,25/03/1999,85,10,10.3,213.2222222,10.76363636,0.79,360,3.5,0
2351,25/03/1999,85,11,11.8,583.5555556,10.76060606,0.74,360,3.5,0
2352,25/03/1999,85,12,12.3,471.3333333,10.70909091,0.73,360,3.5,0
2353,25/03/1999,85,13,12.5,437.6666667,10.62424242,0.75,360,3.5,0
2354,25/03/1999,85,14,12.3,347.8888889,10.50606061,0.75,360,3.5,0
2355,25/03/1999,85,15,12.2,134.6666667,10.36363636,0.76,360,3.5,0
2356,25/03/1999,85,16,11.1,44.88888889,10.1969697,0.84,360,3.5,0
2357,25/03/1999,85,17,10.3,33.66666667,10.02727273,0.92,360,3.5,0
2358,25/03/1999,85,18,10,22.44444444,9.83030303,0.94,360,3.5,0
2359,25/03/1999,85,19,9.8,0,9.657575758,0.95,360,3.5,0
2360,25/03/1999,85,20,9.7,0,9.545454545,0.96,360,3.5,0
2361,25/03/1999,85,21,9.5,0,9.46969697,0.97,360,3.5,0
2362,25/03/1999,85,22,9.3,0,9.406060606,0.97,360,3.5,0
2363,25/03/1999,85,23,9.3,0,9.336363636,0.97,360,3.5,0
2364,25/03/1999,85,24,9.2,0,9.290909091,0.97,360,2.4,0
2365,26/03/1999,86,1,8.7,0,9.309090909,0.97,360,2.4,0
2366,26/03/1999,86,2,8.5,0,9.372727273,0.97,360,2.4,0
2367,26/03/1999,86,3,8.5,0,9.436363636,0.97,360,2.4,0
2368,26/03/1999,86,4,7.6,0,9.475757576,0.94,360,2.4,0
2369,26/03/1999,86,5,7.4,0,9.463636364,0.95,360,2.4,0
2370,26/03/1999,86,6,7.2,0,9.457575758,0.95,360,2.4,0
2371,26/03/1999,86,7,7.7,78.55555556,9.493939394,0.95,360,2.4,0
2372,26/03/1999,86,8,8,157.1111111,9.506060606,0.95,360,2.4,0
2373,26/03/1999,86,9,8.3,202,9.524242424,0.95,360,2.4,0
2374,26/03/1999,86,10,8.6,303,9.509090909,0.93,360,2.4,0
2375,26/03/1999,86,11,7.6,202,9.424242424,0.94,360,2.4,0
2376,26/03/1999,86,12,8.9,628.4444444,9.281818182,0.83,360,2.4,0
2377,26/03/1999,86,13,9.2,785.5555556,9.118181818,0.77,360,2.4,0
2378,26/03/1999,86,14,9.8,729.4444444,8.909090909,0.73,360,2.4,0
2379,26/03/1999,86,15,9.2,415.2222222,8.66969697,0.75,360,2.4,0
2380,26/03/1999,86,16,9.9,561.1111111,8.390909091,0.67,360,2.4,0
2381,26/03/1999,86,17,9.2,404,8.109090909,0.66,360,2.4,0
2382,26/03/1999,86,18,7.1,134.6666667,7.857575758,0.72,360,2.4,0
2383,26/03/1999,86,19,5.6,0,7.609090909,0.77,360,2.4,0
2384,26/03/1999,86,20,6.4,0,7.363636364,0.76,360,2.4,0
2385,26/03/1999,86,21,5.4,0,7.090909091,0.8,360,2.4,0
2386,26/03/1999,86,22,4.6,0,6.827272727,0.86,360,2.4,0
2387,26/03/1999,86,23,3.1,0,6.572727273,0.9,360,2.4,0
2388,26/03/1999,86,24,2.9,0,6.363636364,0.91,360,1.4,0
2389,27/03/1999,87,1,2.8,0,6.257575758,0.93,360,1.4,0
2390,27/03/1999,87,2,2.1,0,6.224242424,0.93,360,1.4,0
2391,27/03/1999,87,3,1.9,0,6.227272727,0.94,360,1.4,0
2392,27/03/1999,87,4,0.8,0,6.272727273,0.95,360,1.4,0
2393,27/03/1999,87,5,1,0,6.342424242,0.96,360,1.4,0
2394,27/03/1999,87,6,1.1,11.22222222,6.418181818,0.97,360,1.4,0
2395,27/03/1999,87,7,2.4,134.6666667,6.527272727,0.97,360,1.4,0
2396,27/03/1999,87,8,5.8,516.2222222,6.66969697,0.93,360,1.4,0
2397,27/03/1999,87,9,8.1,830.4444444,6.748484848,0.7,360,1.4,0
2398,27/03/1999,87,10,8.8,1043.666667,6.818181818,0.62,360,1.4,0
2399,27/03/1999,87,11,10,1357.888889,6.839393939,0.61,360,1.4,0
2400,27/03/1999,87,12,10.8,1402.777778,6.818181818,0.57,360,1.4,0
2401,27/03/1999,87,13,10.1,639.6666667,6.818181818,0.6,360,1.4,0
2402,27/03/1999,87,14,11,751.8888889,6.754545455,0.53,360,1.4,0
2403,27/03/1999,87,15,11.9,965.1111111,6.63030303,0.5,360,1.4,0
2404,27/03/1999,87,16,10.3,505,6.460606061,0.58,360,1.4,0
2405,27/03/1999,87,17,10.3,370.3333333,6.327272727,0.62,360,1.4,0
2406,27/03/1999,87,18,9,157.1111111,6.154545455,0.63,360,1.4,0
2407,27/03/1999,87,19,7.9,0,6,0.64,360,1.4,0
2408,27/03/1999,87,20,7.6,0,5.836363636,0.61,360,1.4,0
2409,27/03/1999,87,21,6.8,0,5.718181818,0.63,360,1.4,0
2410,27/03/1999,87,22,5.1,0,5.56969697,0.73,360,1.4,0
2411,27/03/1999,87,23,4.2,0,5.433333333,0.75,360,1.4,0
2412,27/03/1999,87,24,4.8,0,5.351515152,0.78,360,1.7,0
2413,28/03/1999,88,1,4.2,0,5.409090909,0.82,360,1.7,0
2414,28/03/1999,88,2,4.1,0,5.566666667,0.85,360,1.7,0
2415,28/03/1999,88,3,1.7,0,5.787878788,0.87,360,1.7,0
2416,28/03/1999,88,4,1.7,0,6.063636364,0.92,360,1.7,0
2417,28/03/1999,88,5,1.5,0,6.372727273,0.93,360,1.7,0
2418,28/03/1999,88,6,0.9,11.22222222,6.742424242,0.94,360,1.7,0
2419,28/03/1999,88,7,1.9,202,7.090909091,0.95,360,1.7,0
2420,28/03/1999,88,8,5,516.2222222,7.43030303,0.92,360,1.7,0
2421,28/03/1999,88,9,8.1,886.5555556,7.757575758,0.73,360,1.7,0
2422,28/03/1999,88,10,10.1,1167.111111,7.954545455,0.6,360,1.7,0
2423,28/03/1999,88,11,11.2,1391.555556,8.033333333,0.55,360,1.7,0
2424,28/03/1999,88,12,12.1,1526.222222,8.075757576,0.54,360,1.7,0
2425,28/03/1999,88,13,13,1548.666667,8.042424242,0.48,360,1.7,0
2426,28/03/1999,88,14,12.5,897.7777778,7.875757576,0.5,360,1.7,0
2427,28/03/1999,88,15,12.3,976.3333333,7.760606061,0.49,360,1.7,0
2428,28/03/1999,88,16,13.2,684.5555556,7.636363636,0.49,360,1.7,0
2429,28/03/1999,88,17,12.3,460.1111111,7.439393939,0.49,360,1.7,0
2430,28/03/1999,88,18,10.7,134.6666667,7.275757576,0.55,360,1.7,0
2431,28/03/1999,88,19,10.2,11.22222222,7.13030303,0.57,360,1.7,0
2432,28/03/1999,88,20,8.9,0,6.993939394,0.56,360,1.7,0
2433,28/03/1999,88,21,5.3,0,6.884848485,0.75,360,1.7,0
2434,28/03/1999,88,22,6.3,0,6.778787879,0.62,360,1.7,0
2435,28/03/1999,88,23,6.9,0,6.693939394,0.58,360,1.7,0
2436,28/03/1999,88,24,5.4,0,6.73030303,0.63,360,2.5,0
2437,29/03/1999,89,1,4.9,0,6.887878788,0.65,360,2.5,0
2438,29/03/1999,89,2,5.5,0,7.093939394,0.62,360,2.5,0
2439,29/03/1999,89,3,4.5,0,7.357575758,0.63,360,2.5,0
2440,29/03/1999,89,4,4.3,0,7.648484848,0.69,360,2.5,0
2441,29/03/1999,89,5,4.1,0,8.027272727,0.73,360,2.5,0
2442,29/03/1999,89,6,4,11.22222222,8.442424242,0.74,360,2.5,0
2443,29/03/1999,89,7,6.3,213.2222222,8.836363636,0.75,360,2.5,0
2444,29/03/1999,89,8,9.4,527.4444444,9.242424242,0.73,360,2.5,0
2445,29/03/1999,89,9,11.6,886.5555556,9.593939394,0.69,360,2.5,0
2446,29/03/1999,89,10,12.9,1223.222222,9.839393939,0.64,360,2.5,0
2447,29/03/1999,89,11,13.7,1436.444444,9.975757576,0.57,360,2.5,0
2448,29/03/1999,89,12,14.2,1526.222222,10.03939394,0.52,360,2.5,0
2449,29/03/1999,89,13,15.4,1537.444444,10.05757576,0.55,360,2.5,0
2450,29/03/1999,89,14,14.5,1245.666667,10.03939394,0.58,360,2.5,0
2451,29/03/1999,89,15,14.3,527.4444444,9.984848485,0.61,360,2.5,0
2452,29/03/1999,89,16,13.5,246.8888889,9.945454545,0.63,360,2.5,0
2453,29/03/1999,89,17,13.1,179.5555556,9.903030303,0.67,360,2.5,0
2454,29/03/1999,89,18,12.6,44.88888889,9.818181818,0.72,360,2.5,0
2455,29/03/1999,89,19,12.2,0,9.736363636,0.77,360,2.5,0
2456,29/03/1999,89,20,11.8,0,9.706060606,0.83,360,2.5,0
2457,29/03/1999,89,21,11.5,0,9.690909091,0.85,360,2.5,0
2458,29/03/1999,89,22,11.2,0,9.712121212,0.87,360,2.5,0
2459,29/03/1999,89,23,11.2,0,9.851515152,0.88,360,2.5,0
2460,29/03/1999,89,24,10.9,0,9.96969697,0.88,360,2.2,0
2461,30/03/1999,90,1,10.4,0,10.07575758,0.89,360,2.2,0
2462,30/03/1999,90,2,9.6,0,10.23333333,0.92,360,2.2,0
2463,30/03/1999,90,3,9.7,0,10.42424242,0.93,360,2.2,0
2464,30/03/1999,90,4,9.7,0,10.63030303,0.94,360,2.2,0
2465,30/03/1999,90,5,9.6,0,10.87575758,0.95,360,2.2,0
2466,30/03/1999,90,6,9.9,0,11.16060606,0.95,360,2.2,0
2467,30/03/1999,90,7,10.2,78.55555556,11.46969697,0.93,360,2.2,0
2468,30/03/1999,90,8,10.4,145.8888889,11.79393939,0.94,360,2.2,0
2469,30/03/1999,90,9,10.6,258.1111111,12.04242424,0.95,360,2.2,0
2470,30/03/1999,90,10,11.2,303,12.19393939,0.95,360,2.2,0
2471,30/03/1999,90,11,12.3,538.6666667,12.24848485,0.92,360,2.2,0
2472,30/03/1999,90,12,12.6,583.5555556,12.24242424,0.87,360,2.2,0
2473,30/03/1999,90,13,13.7,561.1111111,12.19393939,0.83,360,2.2,0
2474,30/03/1999,90,14,14.3,639.6666667,12.10606061,0.8,360,2.2,0
2475,30/03/1999,90,15,14.7,617.2222222,11.98181818,0.75,360,2.2,0
2476,30/03/1999,90,16,14.5,460.1111111,11.85151515,0.75,360,2.2,0
2477,30/03/1999,90,17,14.4,269.3333333,11.68181818,0.77,360,2.2,0
2478,30/03/1999,90,18,13.4,89.77777778,11.51818182,0.8,360,2.2,0
2479,30/03/1999,90,19,12.7,0,11.37575758,0.82,360,2.2,0
2480,30/03/1999,90,20,12.1,0,11.24848485,0.86,360,2.2,0
2481,30/03/1999,90,21,11.3,0,11.12727273,0.9,360,2.2,0
2482,30/03/1999,90,22,11.3,0,10.98181818,0.91,360,2.2,0
2483,30/03/1999,90,23,10.2,0,10.86060606,0.93,360,2.2,0
2484,30/03/1999,90,24,8.7,0,10.81515152,0.93,360,2.2,0
2485,31/03/1999,91,1,8.1,0,10.85151515,0.96,360,2.2,0
2486,31/03/1999,91,2,8.4,0,10.96969697,0.97,360,2.2,0
2487,31/03/1999,91,3,8.4,0,11.14848485,0.98,360,2.2,0
2488,31/03/1999,91,4,8.2,0,11.38484848,0.97,360,2.2,0
2489,31/03/1999,91,5,7,0,11.63333333,0.97,360,2.2,0
2490,31/03/1999,91,6,7.5,11.22222222,11.88484848,0.98,360,2.2,0
2491,31/03/1999,91,7,9.7,224.4444444,12.14848485,0.98,360,2.2,0
2492,31/03/1999,91,8,12.4,561.1111111,12.3969697,0.9,360,2.2,0
2493,31/03/1999,91,9,14.8,875.3333333,12.62727273,0.73,360,2.2,0
2494,31/03/1999,91,10,16.3,1155.888889,12.80606061,0.6,360,2.2,0
2495,31/03/1999,91,11,17.4,1369.111111,12.89393939,0.55,360,2.2,0
2496,31/03/1999,91,12,17.9,1492.555556,12.89393939,0.54,360,2.2,0
2497,31/03/1999,91,13,18,1425.222222,12.86060606,0.56,360,2.2,0
2498,31/03/1999,91,14,18.3,1346.666667,12.79393939,0.48,360,2.2,0
2499,31/03/1999,91,15,18.1,1144.666667,12.68484848,0.48,360,2.2,0
2500,31/03/1999,91,16,17.8,852.8888889,12.55454545,0.47,360,2.2,0
2501,31/03/1999,91,17,16.3,505,12.4030303,0.51,360,2.2,0
2502,31/03/1999,91,18,13.5,145.8888889,12.23030303,0.57,360,2.2,0
2503,31/03/1999,91,19,11.2,11.22222222,12.04848485,0.67,360,2.2,0
2504,31/03/1999,91,20,11.2,0,11.88484848,0.72,360,2.2,0
2505,31/03/1999,91,21,10.4,0,11.72121212,0.73,360,2.2,0
2506,31/03/1999,91,22,10.1,0,11.56666667,0.76,360,2.2,0
2507,31/03/1999,91,23,10,0,11.43636364,0.77,360,2.2,0
2508,31/03/1999,91,24,9.7,0,11.36969697,0.76,360,2.6,0
2509,01/04/1999,91,1,8.8,0,11.41515152,0.79,360,2.6,0
2510,01/04/1999,91,2,8.4,0,11.56060606,0.82,360,2.6,0
2511,01/04/1999,91,3,8,0,11.78787879,0.83,360,2.6,0
2512,01/04/1999,91,4,7.3,0,12.05454545,0.84,360,2.6,0
2513,01/04/1999,91,5,7,0,12.36060606,0.85,360,2.6,0
2514,01/04/1999,91,6,7,11.22222222,12.7,0.86,360,2.6,0
2515,01/04/1999,91,7,9.1,213.2222222,13.09393939,0.85,360,2.6,0
2516,01/04/1999,91,8,11.7,538.6666667,13.49393939,0.73,360,2.6,0
2517,01/04/1999,91,9,13.5,886.5555556,13.82121212,0.67,360,2.6,0
2518,01/04/1999,91,10,15.6,1167.111111,14.03333333,0.63,360,2.6,0
2519,01/04/1999,91,11,17.2,1324.222222,14.07575758,0.62,360,2.6,0
2520,01/04/1999,91,12,18.5,1515,14.03030303,0.55,360,2.6,0.003888
2521,01/04/1999,91,13,19.4,1492.555556,13.91212121,0.53,360,2.6,0
2522,01/04/1999,91,14,20,1357.888889,13.77575758,0.51,360,2.6,0
2523,01/04/1999,91,15,20.7,1144.666667,13.66363636,0.51,360,2.6,0
2524,01/04/1999,91,16,20.5,830.4444444,13.51818182,0.47,360,2.6,0
2525,01/04/1999,91,17,19.4,482.5555556,13.34848485,0.47,360,2.6,0
2526,01/04/1999,91,18,16.2,123.4444444,13.15151515,0.56,360,2.6,0
2527,01/04/1999,91,19,14.8,0,12.98787879,0.56,360,2.6,0
2528,01/04/1999,91,20,13.5,0,12.89090909,0.61,360,2.6,0
2529,01/04/1999,91,21,13.4,0,12.85151515,0.63,360,2.6,0
2530,01/04/1999,91,22,14.3,0,12.80606061,0.56,360,2.6,0
2531,01/04/1999,91,23,13.5,0,12.78181818,0.63,360,2.6,0
2532,01/04/1999,91,24,12.5,0,12.76969697,0.7,360,2,0
2533,02/04/1999,92,1,11.3,0,12.78787879,0.79,360,2,0
2534,02/04/1999,92,2,10.9,0,12.9030303,0.84,360,2,0
2535,02/04/1999,92,3,10.3,0,13.08484848,0.9,360,2,0
2536,02/04/1999,92,4,9.9,0,13.2969697,0.93,360,2,0
2537,02/04/1999,92,5,9.7,0,13.57272727,0.94,360,2,0
2538,02/04/1999,92,6,9.6,11.22222222,13.86969697,0.93,360,2,0
2539,02/04/1999,92,7,9.7,78.55555556,14.22424242,0.92,360,2,0
2540,02/04/1999,92,8,10.6,437.6666667,14.50606061,0.84,360,2,0
2541,02/04/1999,92,9,13.5,864.1111111,14.75454545,0.73,360,2,0
2542,02/04/1999,92,10,14.8,1268.111111,14.88484848,0.63,360,2,0
2543,02/04/1999,92,11,15.4,1122.222222,14.93939394,0.65,360,2,0
2544,02/04/1999,92,12,17.1,1369.111111,14.90909091,0.55,360,2,0
2545,02/04/1999,92,13,17.1,1088.555556,14.81818182,0.5,360,2,0
2546,02/04/1999,92,14,18.7,1223.222222,14.64242424,0.54,360,2,0
2547,02/04/1999,92,15,16.3,864.1111111,14.42727273,0.58,360,2,0
2548,02/04/1999,92,16,17.3,347.8888889,14.18181818,0.56,360,2,0
2549,02/04/1999,92,17,16,168.3333333,13.91212121,0.53,360,2,0
2550,02/04/1999,92,18,15.3,44.88888889,13.63030303,0.58,360,2,0
2551,02/04/1999,92,19,14.6,0,13.37878788,0.62,360,2,0
2552,02/04/1999,92,20,14.2,0,13.22121212,0.64,360,2,0
2553,02/04/1999,92,21,12.7,0,13.1,0.75,360,2,0
2554,02/04/1999,92,22,12.3,0,13.01515152,0.79,360,2,0
2555,02/04/1999,92,23,11.9,0,12.93030303,0.86,360,2,0
2556,02/04/1999,92,24,11.8,0,12.82121212,0.87,360,2.8,0
2557,03/04/1999,93,1,11.2,0,12.74848485,0.92,360,2.8,0
2558,03/04/1999,93,2,11.1,0,12.70606061,0.94,360,2.8,0
2559,03/04/1999,93,3,11,0,12.71212121,0.95,360,2.8,0
2560,03/04/1999,93,4,10.8,0,12.74545455,0.95,360,2.8,0
2561,03/04/1999,93,5,10.7,0,12.82727273,0.95,360,2.8,0
2562,03/04/1999,93,6,10.6,0,12.93636364,0.96,360,2.8,0
2563,03/04/1999,93,7,10.7,33.66666667,13.08787879,0.96,360,2.8,0
2564,03/04/1999,93,8,11.1,157.1111111,13.27272727,0.94,360,2.8,0
2565,03/04/1999,93,9,11.1,168.3333333,13.43333333,0.95,360,2.8,0
2566,03/04/1999,93,10,11.5,258.1111111,13.54848485,0.96,360,2.8,0
2567,03/04/1999,93,11,12,303,13.55151515,0.94,360,2.8,0
2568,03/04/1999,93,12,13,426.4444444,13.46666667,0.94,360,2.8,0
2569,03/04/1999,93,13,13.5,415.2222222,13.37878788,0.92,360,2.8,0
2570,03/04/1999,93,14,14.7,336.6666667,13.19393939,0.92,360,2.8,0
2571,03/04/1999,93,15,15.7,426.4444444,13.01212121,0.87,360,2.8,0
2572,03/04/1999,93,16,15,190.7777778,12.78484848,0.94,360,2.8,0
2573,03/04/1999,93,17,14.4,235.6666667,12.6,0.87,360,2.8,0
2574,03/04/1999,93,18,13.6,112.2222222,12.39090909,0.87,360,2.8,0
2575,03/04/1999,93,19,12,0,12.21818182,0.92,360,2.8,0
2576,03/04/1999,93,20,12.5,0,12.06060606,0.94,360,2.8,0
2577,03/04/1999,93,21,11,0,11.92727273,0.87,360,2.8,0
2578,03/04/1999,93,22,11.1,0,11.8,0.92,360,2.8,0
2579,03/04/1999,93,23,11.2,0,11.71212121,0.9,360,2.8,0
2580,03/04/1999,93,24,10.2,0,11.65151515,0.93,360,1.9,0
2581,04/04/1999,94,1,10.4,0,11.62121212,0.92,360,1.9,0
2582,04/04/1999,94,2,10.3,0,11.6030303,0.91,360,1.9,0
2583,04/04/1999,94,3,10.1,0,11.61212121,0.92,360,1.9,0
2584,04/04/1999,94,4,10.2,0,11.63939394,0.93,360,1.9,0
2585,04/04/1999,94,5,10,0,11.68787879,0.93,360,1.9,0
2586,04/04/1999,94,6,9.8,11.22222222,11.73939394,0.93,360,1.9,0
2587,04/04/1999,94,7,10.3,56.11111111,11.8030303,0.91,360,1.9,0
2588,04/04/1999,94,8,10.9,157.1111111,11.91212121,0.87,360,1.9,0
2589,04/04/1999,94,9,11.2,258.1111111,11.9969697,0.9,360,1.9,0
2590,04/04/1999,94,10,11.5,258.1111111,12.07272727,0.89,360,1.9,0
2591,04/04/1999,94,11,12,336.6666667,12.11818182,0.89,360,1.9,0
2592,04/04/1999,94,12,12.6,448.8888889,12.13636364,0.83,360,1.9,0
2593,04/04/1999,94,13,12.5,303,12.10606061,0.86,360,1.9,0
2594,04/04/1999,94,14,12.8,415.2222222,12.04545455,0.84,360,1.9,0
2595,04/04/1999,94,15,14.2,527.4444444,11.96666667,0.8,360,1.9,0
2596,04/04/1999,94,16,13.5,213.2222222,11.86363636,0.81,360,1.9,0
2597,04/04/1999,94,17,13.6,112.2222222,11.73030303,0.77,360,1.9,0
2598,04/04/1999,94,18,12.6,168.3333333,11.62727273,0.8,360,1.9,0
2599,04/04/1999,94,19,12.1,11.22222222,11.54242424,0.84,360,1.9,0
2600,04/04/1999,94,20,11,0,11.47878788,0.89,360,1.9,0
2601,04/04/1999,94,21,11,0,11.45757576,0.9,360,1.9,0
2602,04/04/1999,94,22,10.9,0,11.43030303,0.91,360,1.9,0
2603,04/04/1999,94,23,11.3,0,11.44848485,0.9,360,1.9,0
2604,04/04/1999,94,24,11.3,0,11.46363636,0.83,360,2.4,0
2605,05/04/1999,95,1,11.6,0,11.55757576,0.83,360,2.4,0
2606,05/04/1999,95,2,11.6,0,11.71212121,0.84,360,2.4,0
2607,05/04/1999,95,3,11.5,0,11.91515152,0.85,360,2.4,0
2608,05/04/1999,95,4,11.3,0,12.12121212,0.89,360,2.4,0
2609,05/04/1999,95,5,11.6,0,12.34242424,0.86,360,2.4,0
2610,05/04/1999,95,6,11.6,11.22222222,12.57878788,0.86,360,2.4,0
2611,05/04/1999,95,7,11.6,123.4444444,12.84242424,0.88,360,2.4,0
2612,05/04/1999,95,8,14.3,561.1111111,13.11818182,0.82,360,2.4,0
2613,05/04/1999,95,9,15.3,920.2222222,13.37272727,0.81,360,2.4,0
2614,05/04/1999,95,10,17.1,976.3333333,13.58787879,0.76,360,2.4,0
2615,05/04/1999,95,11,17.1,1077.333333,13.77575758,0.71,360,2.4,0
2616,05/04/1999,95,12,17.4,1111,13.94242424,0.68,360,2.4,0
2617,05/04/1999,95,13,18,1223.222222,14.08787879,0.69,360,2.4,0
2618,05/04/1999,95,14,18.7,1268.111111,14.20606061,0.68,360,2.4,0
2619,05/04/1999,95,15,18.9,1054.888889,14.32424242,0.68,360,2.4,0
2620,05/04/1999,95,16,18.7,875.3333333,14.3969697,0.67,360,2.4,0
2621,05/04/1999,95,17,18,505,14.40606061,0.69,360,2.4,0
2622,05/04/1999,95,18,17.4,134.6666667,14.42121212,0.73,360,2.4,0
2623,05/04/1999,95,19,17,11.22222222,14.40909091,0.74,360,2.4,0
2624,05/04/1999,95,20,16.8,0,14.42424242,0.73,360,2.4,0
2625,05/04/1999,95,21,16.5,0,14.43333333,0.73,360,2.4,0
2626,05/04/1999,95,22,16.4,0,14.46363636,0.73,360,2.4,0
2627,05/04/1999,95,23,15.2,0,14.47575758,0.78,360,2.4,0
2628,05/04/1999,95,24,14.5,0,14.57272727,0.83,360,3,0
2629,06/04/1999,96,1,14,0,14.67575758,0.85,360,3,0
2630,06/04/1999,96,2,13.2,0,14.83939394,0.88,360,3,0
2631,06/04/1999,96,3,13.1,0,15.01818182,0.88,360,3,0
2632,06/04/1999,96,4,12.4,0,15.19090909,0.9,360,3,0
2633,06/04/1999,96,5,12,0,15.28181818,0.91,360,3,0
2634,06/04/1999,96,6,11.4,11.22222222,15.38787879,0.91,360,3,0
2635,06/04/1999,96,7,14.1,325.4444444,15.51515152,0.87,360,3,0
2636,06/04/1999,96,8,14.7,392.7777778,15.66666667,0.76,360,3,0
2637,06/04/1999,96,9,16.7,796.7777778,15.79090909,0.65,360,3,0
2638,06/04/1999,96,10,17.5,1122.222222,15.82121212,0.68,360,3,0
2639,06/04/1999,96,11,17.3,1290.555556,15.78484848,0.7,360,3,0
2640,06/04/1999,96,12,14.5,796.7777778,15.68787879,0.75,360,3,0
2641,06/04/1999,96,13,14.8,1043.666667,15.55151515,0.73,360,3,0
2642,06/04/1999,96,14,15.8,864.1111111,15.37878788,0.71,360,3,0
2643,06/04/1999,96,15,16.6,875.3333333,15.17575758,0.67,360,3,0
2644,06/04/1999,96,16,15.7,538.6666667,14.91515152,0.75,360,3,0
2645,06/04/1999,96,17,15.3,269.3333333,14.63939394,0.76,360,3,0
2646,06/04/1999,96,18,14.1,179.5555556,14.35454545,0.8,360,3,0
2647,06/04/1999,96,19,13.9,11.22222222,14.0969697,0.84,360,3,0
2648,06/04/1999,96,20,12.6,0,13.84848485,0.76,360,3,0
2649,06/04/1999,96,21,11.7,0,13.61212121,0.7,360,3,0
2650,06/04/1999,96,22,11.3,0,13.35757576,0.66,360,3,0
2651,06/04/1999,96,23,10.1,0,13.10909091,0.77,360,3,0
2652,06/04/1999,96,24,9.8,0,12.87878788,0.81,360,3.6,0
2653,07/04/1999,97,1,9.3,0,12.6969697,0.84,360,3.6,0
2654,07/04/1999,97,2,9.5,0,12.56060606,0.87,360,3.6,0
2655,07/04/1999,97,3,9.2,0,12.46666667,0.86,360,3.6,0
2656,07/04/1999,97,4,9.2,0,12.40909091,0.87,360,3.6,0
2657,07/04/1999,97,5,8.4,0,12.37575758,0.9,360,3.6,0
2658,07/04/1999,97,6,8.3,11.22222222,12.3969697,0.93,360,3.6,0
2659,07/04/1999,97,7,8.8,269.3333333,12.41818182,0.87,360,3.6,0
2660,07/04/1999,97,8,9.2,437.6666667,12.42424242,0.84,360,3.6,0
2661,07/04/1999,97,9,10,448.8888889,12.34545455,0.84,360,3.6,0
2662,07/04/1999,97,10,10.9,426.4444444,12.21515152,0.81,360,3.6,0
2663,07/04/1999,97,11,11.3,684.5555556,12.0030303,0.7,360,3.6,0
2664,07/04/1999,97,12,12,1144.666667,11.76060606,0.69,360,3.6,0
2665,07/04/1999,97,13,13.1,1010,11.52121212,0.63,360,3.6,0
2666,07/04/1999,97,14,12.7,650.8888889,11.34848485,0.66,360,3.6,0
2667,07/04/1999,97,15,11.6,437.6666667,11.16666667,0.65,360,3.6,0
2668,07/04/1999,97,16,11.5,606,10.92424242,0.62,360,3.6,0
2669,07/04/1999,97,17,10.4,157.1111111,10.63939394,0.62,360,3.6,0
2670,07/04/1999,97,18,9.7,44.88888889,10.35454545,0.7,360,3.6,0
2671,07/04/1999,97,19,9.5,11.22222222,10.09090909,0.73,360,3.6,0
2672,07/04/1999,97,20,9.4,0,9.851515152,0.72,360,3.6,0
2673,07/04/1999,97,21,8.8,0,9.563636364,0.78,360,3.6,0
2674,07/04/1999,97,22,8.8,0,9.296969697,0.79,360,3.6,0
2675,07/04/1999,97,23,7.8,0,9.066666667,0.82,360,3.6,0
2676,07/04/1999,97,24,7.2,0,8.924242424,0.86,360,1.7,0
2677,08/04/1999,98,1,6.3,0,8.893939394,0.89,360,1.7,0
2678,08/04/1999,98,2,6.6,0,8.927272727,0.9,360,1.7,0
2679,08/04/1999,98,3,6.2,0,9.048484848,0.91,360,1.7,0
2680,08/04/1999,98,4,4.4,0,9.136363636,0.93,360,1.7,0
2681,08/04/1999,98,5,3.8,0,9.257575758,0.94,360,1.7,0
2682,08/04/1999,98,6,4.1,44.88888889,9.384848485,0.95,360,1.7,0
2683,08/04/1999,98,7,6.6,314.2222222,9.551515152,0.97,360,1.7,0
2684,08/04/1999,98,8,9.1,673.3333333,9.748484848,0.89,360,1.7,0
2685,08/04/1999,98,9,10.9,931.4444444,9.906060606,0.82,360,1.7,0
2686,08/04/1999,98,10,13.3,1346.666667,10.04848485,0.73,360,1.7,0
2687,08/04/1999,98,11,12.4,965.1111111,10.10606061,0.71,360,1.7,0
2688,08/04/1999,98,12,13.2,920.2222222,10.07878788,0.67,360,1.7,0
2689,08/04/1999,98,13,13.4,942.6666667,10.02727273,0.65,360,1.7,0
2690,08/04/1999,98,14,13.9,617.2222222,9.936363636,0.62,360,1.7,0
2691,08/04/1999,98,15,14.8,684.5555556,9.812121212,0.6,360,1.7,0
2692,08/04/1999,98,16,14,516.2222222,9.690909091,0.61,360,1.7,0
2693,08/04/1999,98,17,13.9,448.8888889,9.533333333,0.59,360,1.7,0
2694,08/04/1999,98,18,11.9,145.8888889,9.375757576,0.71,360,1.7,0
2695,08/04/1999,98,19,10,22.44444444,9.215151515,0.76,360,1.7,0
2696,08/04/1999,98,20,9.6,0,9.057575758,0.8,360,1.7,0
2697,08/04/1999,98,21,9,0,8.896969697,0.85,360,1.7,0
2698,08/04/1999,98,22,9,0,8.715151515,0.86,360,1.7,0
2699,08/04/1999,98,23,8.7,0,8.548484848,0.86,360,1.7,0
2700,08/04/1999,98,24,6.4,0,8.466666667,0.89,360,0.9,0
2701,09/04/1999,99,1,6.3,0,8.506060606,0.91,360,0.9,0
2702,09/04/1999,99,2,5.1,0,8.651515152,0.94,360,0.9,0
2703,09/04/1999,99,3,4.5,0,8.851515152,0.96,360,0.9,0
2704,09/04/1999,99,4,4.2,0,9.087878788,0.97,360,0.9,0
2705,09/04/1999,99,5,3.4,0,9.378787879,0.98,360,0.9,0
2706,09/04/1999,99,6,3.3,44.88888889,9.721212121,0.99,360,0.9,0
2707,09/04/1999,99,7,6.1,291.7777778,10.11515152,1,360,0.9,0
2708,09/04/1999,99,8,9.1,594.7777778,10.50909091,0.95,360,0.9,0
2709,09/04/1999,99,9,12,953.8888889,10.82424242,0.75,360,0.9,0
2710,09/04/1999,99,10,12.9,1268.111111,11.05454545,0.68,360,0.9,0
2711,09/04/1999,99,11,14.4,1481.333333,11.2030303,0.64,360,0.9,0
2712,09/04/1999,99,12,15.8,1616,11.22424242,0.57,360,0.9,0
2713,09/04/1999,99,13,15.7,1604.777778,11.22424242,0.53,360,0.9,0
2714,09/04/1999,99,14,16.8,1481.333333,11.13636364,0.51,360,0.9,0
2715,09/04/1999,99,15,17.1,1245.666667,10.98787879,0.49,360,0.9,0
2716,09/04/1999,99,16,17,953.8888889,10.83939394,0.49,360,0.9,0
2717,09/04/1999,99,17,16.7,606,10.64848485,0.53,360,0.9,0
2718,09/04/1999,99,18,15.8,235.6666667,10.46666667,0.56,360,0.9,0
2719,09/04/1999,99,19,14,11.22222222,10.27878788,0.6,360,0.9,0
2720,09/04/1999,99,20,12.4,0,10.17575758,0.67,360,0.9,0
2721,09/04/1999,99,21,10.3,0,10.13030303,0.75,360,0.9,0
2722,09/04/1999,99,22,8.5,0,10.1,0.87,360,0.9,0
2723,09/04/1999,99,23,9,0,10.0969697,0.92,360,0.9,0
2724,09/04/1999,99,24,8.5,0,10.1,0.94,360,2.3,0
2725,10/04/1999,100,1,8,0,10.12424242,0.96,360,2.3,0
2726,10/04/1999,100,2,7.7,0,10.22424242,0.98,360,2.3,0
2727,10/04/1999,100,3,8.5,0,10.34848485,0.99,360,2.3,0
2728,10/04/1999,100,4,8.5,0,10.52727273,0.99,360,2.3,0
2729,10/04/1999,100,5,8.6,0,10.74848485,1,360,2.3,0
2730,10/04/1999,100,6,8.9,11.22222222,11.01515152,1,360,2.3,0
2731,10/04/1999,100,7,9.1,56.11111111,11.33636364,1,360,2.3,0
2732,10/04/1999,100,8,9.5,89.77777778,11.63030303,0.98,360,2.3,0
2733,10/04/1999,100,9,9.7,235.6666667,11.83030303,0.96,360,2.3,0
2734,10/04/1999,100,10,10.4,437.6666667,11.92121212,0.86,360,2.3,0
2735,10/04/1999,100,11,11,572.3333333,11.9030303,0.8,360,2.3,0
2736,10/04/1999,100,12,11.8,886.5555556,11.84545455,0.77,360,2.3,0
2737,10/04/1999,100,13,13,1616,11.6969697,0.74,360,2.3,0
2738,10/04/1999,100,14,14,1492.555556,11.51515152,0.72,360,2.3,0
2739,10/04/1999,100,15,13,1066.111111,11.2969697,0.76,360,2.3,0
2740,10/04/1999,100,16,12.7,258.1111111,10.98787879,0.79,360,2.3,0
2741,10/04/1999,100,17,12.1,123.4444444,10.65151515,0.83,360,2.3,0
2742,10/04/1999,100,18,11.4,44.88888889,10.31212121,0.84,360,2.3,0
2743,10/04/1999,100,19,11,11.22222222,9.960606061,0.87,360,2.3,0
2744,10/04/1999,100,20,9.5,0,9.627272727,0.95,360,2.3,0
2745,10/04/1999,100,21,9.8,0,9.339393939,0.93,360,2.3,0
2746,10/04/1999,100,22,8.5,0,9.090909091,0.89,360,2.3,0
2747,10/04/1999,100,23,6.6,0,8.909090909,0.9,360,2.3,0
2748,10/04/1999,100,24,6,0,8.848484848,0.93,360,2.5,0
2749,11/04/1999,101,1,5.8,0,8.842424242,0.96,360,2.5,0
2750,11/04/1999,101,2,5.1,0,8.884848485,0.96,360,2.5,0
2751,11/04/1999,101,3,4.8,0,8.924242424,0.97,360,2.5,0
2752,11/04/1999,101,4,4.5,0,9.012121212,0.98,360,2.5,0
2753,11/04/1999,101,5,4.2,0,9.072727273,0.99,360,2.5,0
2754,11/04/1999,101,6,4.3,44.88888889,9.151515152,0.99,360,2.5,0
2755,11/04/1999,101,7,6.5,359.1111111,9.257575758,0.98,360,2.5,0
2756,11/04/1999,101,8,8.8,718.2222222,9.357575758,0.89,360,2.5,0
2757,11/04/1999,101,9,9.9,841.6666667,9.487878788,0.79,360,2.5,0
2758,11/04/1999,101,10,9.3,1066.111111,9.578787879,0.74,360,2.5,0
2759,11/04/1999,101,11,10.6,1021.222222,9.618181818,0.65,360,2.5,0
2760,11/04/1999,101,12,10.5,516.2222222,9.572727273,0.62,360,2.5,0
2761,11/04/1999,101,13,11.1,482.5555556,9.5,0.64,360,2.5,0
2762,11/04/1999,101,14,12.1,976.3333333,9.333333333,0.59,360,2.5,0
2763,11/04/1999,101,15,12.2,796.7777778,9.112121212,0.56,360,2.5,0
2764,11/04/1999,101,16,13.4,684.5555556,8.851515152,0.49,360,2.5,0
2765,11/04/1999,101,17,12.5,695.7777778,8.642424242,0.49,360,2.5,0
2766,11/04/1999,101,18,11,258.1111111,8.457575758,0.54,360,2.5,0
2767,11/04/1999,101,19,8.9,11.22222222,8.309090909,0.67,360,2.5,0
2768,11/04/1999,101,20,8.6,0,8.187878788,0.67,360,2.5,0
2769,11/04/1999,101,21,6.3,0,8.078787879,0.77,360,2.5,0
2770,11/04/1999,101,22,5.7,0,8.015151515,0.84,360,2.5,0
2771,11/04/1999,101,23,5.4,0,7.960606061,0.86,360,2.5,0
2772,11/04/1999,101,24,6.1,0,7.957575758,0.83,360,5.3,0
2773,12/04/1999,102,1,6.6,0,8.036363636,0.8,360,5.3,0
2774,12/04/1999,102,2,7.2,0,8.196969697,0.76,360,5.3,0
2775,12/04/1999,102,3,7.4,0,8.381818182,0.8,360,5.3,0
2776,12/04/1999,102,4,7.4,0,8.554545455,0.86,360,5.3,0
2777,12/04/1999,102,5,7.4,0,8.778787879,0.95,360,5.3,0
2778,12/04/1999,102,6,8,11.22222222,9.03030303,0.96,360,5.3,0
2779,12/04/1999,102,7,8.4,89.77777778,9.248484848,0.96,360,5.3,0
2780,12/04/1999,102,8,9.2,190.7777778,9.451515152,0.97,360,5.3,0
2781,12/04/1999,102,9,11.3,572.3333333,9.554545455,0.86,360,5.3,0
2782,12/04/1999,102,10,11.9,976.3333333,9.542424242,0.7,360,5.3,0
2783,12/04/1999,102,11,10.8,1234.444444,9.481818182,0.68,360,5.3,0
2784,12/04/1999,102,12,12.2,1447.666667,9.427272727,0.65,360,5.3,0
2785,12/04/1999,102,13,12.8,1032.444444,9.321212121,0.69,360,5.3,0
2786,12/04/1999,102,14,11.4,987.5555556,9.215151515,0.75,360,5.3,0
2787,12/04/1999,102,15,11,774.3333333,9.096969697,0.77,360,5.3,0
2788,12/04/1999,102,16,9.9,572.3333333,8.948484848,0.73,360,5.3,0
2789,12/04/1999,102,17,8.4,246.8888889,8.787878788,0.84,360,5.3,0
2790,12/04/1999,102,18,7.9,280.5555556,8.575757576,0.85,360,5.3,0
2791,12/04/1999,102,19,7.5,22.44444444,8.390909091,0.87,360,5.3,0
2792,12/04/1999,102,20,7.1,0,8.257575758,0.91,360,5.3,0
2793,12/04/1999,102,21,7,0,8.187878788,0.91,360,5.3,0
2794,12/04/1999,102,22,7.2,0,8.133333333,0.9,360,5.3,0
2795,12/04/1999,102,23,7.2,0,8.154545455,0.94,360,5.3,0
2796,12/04/1999,102,24,6.9,0,8.196969697,0.95,360,4.7,0
2797,13/04/1999,103,1,6.4,0,8.278787879,0.95,360,4.7,0
2798,13/04/1999,103,2,6.4,0,8.342424242,0.96,360,4.7,0
2799,13/04/1999,103,3,6.6,0,8.436363636,0.96,360,4.7,0
2800,13/04/1999,103,4,6.6,0,8.481818182,0.94,360,4.7,0
2801,13/04/1999,103,5,6.8,0,8.509090909,0.95,360,4.7,0
2802,13/04/1999,103,6,7,78.55555556,8.609090909,0.86,360,4.7,0
2803,13/04/1999,103,7,7.1,280.5555556,8.718181818,0.84,360,4.7,0
2804,13/04/1999,103,8,8.1,639.6666667,8.7,0.76,360,4.7,0
2805,13/04/1999,103,9,8.2,864.1111111,8.66969697,0.75,360,4.7,0
2806,13/04/1999,103,10,9.7,1054.888889,8.648484848,0.68,360,4.7,0
2807,13/04/1999,103,11,8.7,527.4444444,8.524242424,0.82,360,4.7,0
2808,13/04/1999,103,12,8.3,1133.444444,8.327272727,0.7,360,4.7,0
2809,13/04/1999,103,13,10.7,1313,8.106060606,0.65,360,4.7,0
2810,13/04/1999,103,14,11,1481.333333,7.83030303,0.51,360,4.7,0
2811,13/04/1999,103,15,7.4,336.6666667,7.545454545,0.76,360,4.7,0
2812,13/04/1999,103,16,7.4,347.8888889,7.306060606,0.75,360,4.7,0
2813,13/04/1999,103,17,8.5,583.5555556,7.075757576,0.51,360,4.7,0
2814,13/04/1999,103,18,7.2,190.7777778,6.866666667,0.59,360,4.7,0
2815,13/04/1999,103,19,5.4,33.66666667,6.712121212,0.71,360,4.7,0
2816,13/04/1999,103,20,3.5,0,6.578787879,0.79,360,4.7,0
2817,13/04/1999,103,21,3.1,0,6.451515152,0.88,360,4.7,0
2818,13/04/1999,103,22,3.4,0,6.339393939,0.93,360,4.7,0
2819,13/04/1999,103,23,3.5,0,6.193939394,0.95,360,4.7,0
2820,13/04/1999,103,24,3.4,0,6.03030303,0.95,360,1.5,0
2821,14/04/1999,104,1,3,0,5.878787879,0.96,360,1.5,0
2822,14/04/1999,104,2,3.3,0,5.742424242,0.96,360,1.5,0
2823,14/04/1999,104,3,3.5,0,5.633333333,0.96,360,1.5,0
2824,14/04/1999,104,4,3.3,0,5.524242424,0.96,360,1.5,0
2825,14/04/1999,104,5,3.4,0,5.412121212,0.97,360,1.5,0
2826,14/04/1999,104,6,2.2,0,5.278787879,0.97,360,1.5,0
2827,14/04/1999,104,7,1.8,67.33333333,5.124242424,0.98,360,1.5,0
2828,14/04/1999,104,8,2.2,134.6666667,4.957575758,0.99,360,1.5,0
2829,14/04/1999,104,9,2.4,123.4444444,4.781818182,0.99,360,1.5,0
2830,14/04/1999,104,10,2.8,190.7777778,4.615151515,1,360,1.5,0
2831,14/04/1999,104,11,2.8,157.1111111,4.442424242,0.99,360,1.5,0
2832,14/04/1999,104,12,2.9,190.7777778,4.187878788,0.98,360,1.5,0
2833,14/04/1999,104,13,2.2,145.8888889,3.96969697,0.96,360,1.5,0
2834,14/04/1999,104,14,1.7,157.1111111,3.76969697,0.97,360,1.5,0
2835,14/04/1999,104,15,1.5,168.3333333,3.481818182,0.98,360,1.5,0
2836,14/04/1999,104,16,1.3,168.3333333,3.203030303,0.98,360,1.5,0
2837,14/04/1999,104,17,2.6,224.4444444,3.021212121,0.99,360,1.5,0
2838,14/04/1999,104,18,2.5,56.11111111,2.833333333,0.99,360,1.5,0
2839,14/04/1999,104,19,1.3,0,2.624242424,0.99,360,1.5,0
2840,14/04/1999,104,20,1.5,0,2.454545455,0.99,360,1.5,0
2841,14/04/1999,104,21,1.7,0,2.339393939,1,360,1.5,0
2842,14/04/1999,104,22,1.2,0,2.26969697,0.99,360,1.5,0
2843,14/04/1999,104,23,1.8,0,2.23030303,1,360,1.5,0
2844,14/04/1999,104,24,1.4,0,2.2,0.98,360,2.1,0
2845,15/04/1999,105,1,1.2,0,2.181818182,0.97,360,2.1,0
2846,15/04/1999,105,2,1.6,0,2.236363636,0.97,360,2.1,0
2847,15/04/1999,105,3,1.6,0,2.327272727,0.98,360,2.1,0
2848,15/04/1999,105,4,1.6,0,2.454545455,0.98,360,2.1,0
2849,15/04/1999,105,5,1.2,0,2.603030303,0.99,360,2.1,0
2850,15/04/1999,105,6,1.8,33.66666667,2.715151515,0.99,360,2.1,0
2851,15/04/1999,105,7,2.4,190.7777778,2.763636364,0.99,360,2.1,0
2852,15/04/1999,105,8,2.9,235.6666667,2.83030303,0.94,360,2.1,0
2853,15/04/1999,105,9,5.2,909,2.960606061,0.85,360,2.1,0
2854,15/04/1999,105,10,6,1088.555556,3.084848485,0.74,360,2.1,0
2855,15/04/1999,105,11,7.5,1279.333333,3.142424242,0.72,360,2.1,0
2856,15/04/1999,105,12,8.4,1582.333333,3.163636364,0.66,360,2.1,0
2857,15/04/1999,105,13,7,707,3.166666667,0.66,360,2.1,0
2858,15/04/1999,105,14,5,448.8888889,3.151515152,0.88,360,2.1,0
2859,15/04/1999,105,15,4.4,538.6666667,3.151515152,0.9,360,2.1,0
2860,15/04/1999,105,16,6.1,718.2222222,3.145454545,0.84,360,2.1,0
2861,15/04/1999,105,17,6.3,493.7777778,3.142424242,0.78,360,2.1,0
2862,15/04/1999,105,18,4.3,123.4444444,3.151515152,0.91,360,2.1,0
2863,15/04/1999,105,19,3.5,33.66666667,3.124242424,0.92,360,2.1,0
2864,15/04/1999,105,20,2.9,0,3.078787879,0.94,360,2.1,0
2865,15/04/1999,105,21,2.4,0,3.06969697,0.93,360,2.1,0
2866,15/04/1999,105,22,2.2,0,3.054545455,0.95,360,2.1,0
2867,15/04/1999,105,23,1.5,0,3.06969697,0.96,360,2.1,0
2868,15/04/1999,105,24,1.4,0,3.160606061,0.96,360,1.8,0
2869,16/04/1999,106,1,1.6,0,3.309090909,0.96,360,1.8,0
2870,16/04/1999,106,2,1.7,0,3.472727273,0.96,360,1.8,0
2871,16/04/1999,106,3,1,0,3.651515152,0.95,360,1.8,0
2872,16/04/1999,106,4,1,0,3.872727273,0.94,360,1.8,0
2873,16/04/1999,106,5,1,0,4.133333333,0.93,360,1.8,0
2874,16/04/1999,106,6,2.2,112.2222222,4.393939394,0.92,360,1.8,0
2875,16/04/1999,106,7,4.2,460.1111111,4.684848485,0.91,360,1.8,0
2876,16/04/1999,106,8,6.7,785.5555556,4.927272727,0.8,360,1.8,0
2877,16/04/1999,106,9,6.8,931.4444444,5.090909091,0.75,360,1.8,0
2878,16/04/1999,106,10,7.1,695.7777778,5.260606061,0.74,360,1.8,0
2879,16/04/1999,106,11,8.9,1077.333333,5.327272727,0.73,360,1.8,0
2880,16/04/1999,106,12,10.2,1414,5.321212121,0.67,360,1.8,0
2881,16/04/1999,106,13,10.2,1256.888889,5.248484848,0.63,360,1.8,0
2882,16/04/1999,106,14,10.8,1200.777778,5.139393939,0.6,360,1.8,0
2883,16/04/1999,106,15,9.8,415.2222222,5.06969697,0.65,360,1.8,0
2884,16/04/1999,106,16,7.8,291.7777778,5.051515152,0.69,360,1.8,0
2885,16/04/1999,106,17,8.5,448.8888889,5.021212121,0.7,360,1.8,0
2886,16/04/1999,106,18,7.4,269.3333333,4.909090909,0.74,360,1.8,0
2887,16/04/1999,106,19,5.8,33.66666667,4.8,0.8,360,1.8,0
2888,16/04/1999,106,20,5.1,0,4.736363636,0.86,360,1.8,0
2889,16/04/1999,106,21,4.8,0,4.675757576,0.89,360,1.8,0
2890,16/04/1999,106,22,4.7,0,4.636363636,0.92,360,1.8,0
2891,16/04/1999,106,23,4.4,0,4.615151515,0.91,360,1.8,0
2892,16/04/1999,106,24,3.4,0,4.666666667,0.94,360,1.5,0
2893,17/04/1999,107,1,2.4,0,4.784848485,0.93,360,1.5,0
2894,17/04/1999,107,2,2.7,0,4.963636364,0.96,360,1.5,0
2895,17/04/1999,107,3,2.2,0,5.227272727,0.97,360,1.5,0
2896,17/04/1999,107,4,1.5,0,5.554545455,0.98,360,1.5,0
2897,17/04/1999,107,5,1.6,0,5.909090909,0.99,360,1.5,0
2898,17/04/1999,107,6,1.7,56.11111111,6.284848485,0.99,360,1.5,0
2899,17/04/1999,107,7,3.9,123.4444444,6.521212121,1,360,1.5,0
2900,17/04/1999,107,8,5.4,303,6.812121212,0.98,360,1.5,0
2901,17/04/1999,107,9,7.3,594.7777778,6.960606061,0.87,360,1.5,0
2902,17/04/1999,107,10,10.3,1032.444444,7.03030303,0.69,360,1.5,0
2903,17/04/1999,107,11,12.5,1672.111111,7.090909091,0.63,360,1.5,0
2904,17/04/1999,107,12,12.7,1750.666667,7.103030303,0.52,360,1.5,0
2905,17/04/1999,107,13,13.4,1391.555556,7.045454545,0.48,360,1.5,0
2906,17/04/1999,107,14,8.8,774.3333333,6.936363636,0.68,360,1.5,0
2907,17/04/1999,107,15,11.8,740.6666667,6.796969697,0.58,360,1.5,0
2908,17/04/1999,107,16,9.1,796.7777778,6.581818182,0.7,360,1.5,0
2909,17/04/1999,107,17,9,493.7777778,6.396969697,0.75,360,1.5,0
2910,17/04/1999,107,18,8.8,213.2222222,6.242424242,0.72,360,1.5,0
2911,17/04/1999,107,19,7.5,11.22222222,6.057575758,0.83,360,1.5,0
2912,17/04/1999,107,20,7,0,5.896969697,0.81,360,1.5,0
2913,17/04/1999,107,21,6.6,0,5.806060606,0.86,360,1.5,0
2914,17/04/1999,107,22,5.6,0,5.7,0.86,360,1.5,0
2915,17/04/1999,107,23,3.7,0,5.612121212,0.91,360,1.5,0
2916,17/04/1999,107,24,3.7,0,5.609090909,0.94,360,1.9,0
2917,18/04/1999,108,1,2.7,0,5.657575758,0.96,360,1.9,0
2918,18/04/1999,108,2,2.4,0,5.781818182,0.97,360,1.9,0
2919,18/04/1999,108,3,2.1,0,6.006060606,0.98,360,1.9,0
2920,18/04/1999,108,4,2.8,0,6.236363636,0.99,360,1.9,0
2921,18/04/1999,108,5,1.6,0,6.487878788,0.98,360,1.9,0
2922,18/04/1999,108,6,1.9,78.55555556,6.709090909,0.99,360,1.9,0
2923,18/04/1999,108,7,4.6,325.4444444,6.966666667,0.99,360,1.9,0
2924,18/04/1999,108,8,6,740.6666667,7.181818182,0.88,360,1.9,0
2925,18/04/1999,108,9,7.5,1043.666667,7.306060606,0.83,360,1.9,0
2926,18/04/1999,108,10,9.8,1369.111111,7.354545455,0.71,360,1.9,0
2927,18/04/1999,108,11,10.3,1234.444444,7.351515152,0.59,360,1.9,0
2928,18/04/1999,108,12,10.5,1481.333333,7.233333333,0.64,360,1.9,0
2929,18/04/1999,108,13,8.8,1155.888889,7.042424242,0.63,360,1.9,0
2930,18/04/1999,108,14,10.1,1335.444444,6.806060606,0.67,360,1.9,0
2931,18/04/1999,108,15,8.8,1189.555556,6.551515152,0.67,360,1.9,0
2932,18/04/1999,108,16,8,471.3333333,6.439393939,0.7,360,1.9,0
2933,18/04/1999,108,17,7,224.4444444,6.224242424,0.76,360,1.9,0
2934,18/04/1999,108,18,7.2,157.1111111,6.078787879,0.78,360,1.9,0
2935,18/04/1999,108,19,6.4,22.44444444,5.915151515,0.87,360,1.9,0
2936,18/04/1999,108,20,6.2,0,5.724242424,0.91,360,1.9,0
2937,18/04/1999,108,21,4.9,0,5.554545455,0.93,360,1.9,0
2938,18/04/1999,108,22,5,0,5.375757576,0.96,360,1.9,0
2939,18/04/1999,108,23,5.1,0,5.251515152,0.97,360,1.9,0
2940,18/04/1999,108,24,4.7,0,5.184848485,0.96,360,1.6,0
2941,19/04/1999,109,1,4.3,0,5.254545455,0.97,360,1.6,0
2942,19/04/1999,109,2,3.6,0,5.375757576,0.98,360,1.6,0
2943,19/04/1999,109,3,2.5,0,5.560606061,0.99,360,1.6,0
2944,19/04/1999,109,4,1.9,0,5.803030303,0.99,360,1.6,0
2945,19/04/1999,109,5,1.1,0,6.009090909,0.99,360,1.6,0
2946,19/04/1999,109,6,2.5,123.4444444,6.221212121,1,360,1.6,0
2947,19/04/1999,109,7,3.4,280.5555556,6.521212121,0.99,360,1.6,0
2948,19/04/1999,109,8,6,718.2222222,6.824242424,0.9,360,1.6,0
2949,19/04/1999,109,9,7.7,1010,7.039393939,0.87,360,1.6,0
2950,19/04/1999,109,10,8.8,1245.666667,7.178787879,0.75,360,1.6,0
2951,19/04/1999,109,11,10.4,1402.777778,7.245454545,0.63,360,1.6,0
2952,19/04/1999,109,12,8.9,1144.666667,7.227272727,0.66,360,1.6,0
2953,19/04/1999,109,13,9.8,1043.666667,7.172727273,0.58,360,1.6,0
2954,19/04/1999,109,14,11.5,1346.666667,7.115151515,0.53,360,1.6,0
2955,19/04/1999,109,15,11.9,1447.666667,7.093939394,0.46,360,1.6,0
2956,19/04/1999,109,16,11.7,830.4444444,6.990909091,0.5,360,1.6,0
2957,19/04/1999,109,17,10.6,516.2222222,6.921212121,0.58,360,1.6,0
2958,19/04/1999,109,18,9.7,145.8888889,6.866666667,0.61,360,1.6,0
2959,19/04/1999,109,19,9.2,33.66666667,6.839393939,0.65,360,1.6,0
2960,19/04/1999,109,20,8.5,0,6.806060606,0.67,360,1.6,0
2961,19/04/1999,109,21,8.6,0,6.803030303,0.65,360,1.6,0
2962,19/04/1999,109,22,8.1,0,6.818181818,0.68,360,1.6,0
2963,19/04/1999,109,23,6.7,0,6.884848485,0.86,360,1.6,0
2964,19/04/1999,109,24,6.5,0,6.966666667,0.89,360,4.4,0
2965,20/04/1999,110,1,6.2,0,7.06969697,0.91,360,4.4,0
2966,20/04/1999,110,2,6.1,0,7.206060606,0.93,360,4.4,0
2967,20/04/1999,110,3,6.1,0,7.36969697,0.95,360,4.4,0
2968,20/04/1999,110,4,6.3,0,7.575757576,0.97,360,4.4,0
2969,20/04/1999,110,5,6.7,0,7.824242424,0.98,360,4.4,0
2970,20/04/1999,110,6,7.1,11.22222222,8.106060606,0.99,360,4.4,0
2971,20/04/1999,110,7,7.7,78.55555556,8.427272727,1,360,4.4,0
2972,20/04/1999,110,8,8.5,213.2222222,8.715151515,1,360,4.4,0
2973,20/04/1999,110,9,9.2,314.2222222,8.972727273,1,360,4.4,0
2974,20/04/1999,110,10,9.7,258.1111111,9.160606061,0.99,360,4.4,0
2975,20/04/1999,110,11,10.4,269.3333333,9.3,0.99,360,4.4,0
2976,20/04/1999,110,12,10.7,336.6666667,9.409090909,0.98,360,4.4,0
2977,20/04/1999,110,13,11.2,224.4444444,9.475757576,0.98,360,4.4,0
2978,20/04/1999,110,14,11.7,314.2222222,9.587878788,0.97,360,4.4,0
2979,20/04/1999,110,15,12,325.4444444,9.672727273,0.98,360,4.4,0
2980,20/04/1999,110,16,11.9,179.5555556,9.690909091,0.98,360,4.4,0
2981,20/04/1999,110,17,12.2,89.77777778,9.675757576,0.99,360,4.4,0
2982,20/04/1999,110,18,12.3,33.66666667,9.654545455,0.99,360,4.4,0
2983,20/04/1999,110,19,12.4,11.22222222,9.651515152,0.99,360,4.4,0
2984,20/04/1999,110,20,12.6,0,9.663636364,0.98,360,4.4,0
2985,20/04/1999,110,21,12.6,0,9.687878788,0.98,360,4.4,0
2986,20/04/1999,110,22,12.6,0,9.706060606,0.96,360,4.4,0
2987,20/04/1999,110,23,12.1,0,9.742424242,0.96,360,4.4,0
2988,20/04/1999,110,24,11.4,0,9.827272727,0.95,360,5.1,0
2989,21/04/1999,111,1,11,0,9.960606061,0.94,360,5.1,0
2990,21/04/1999,111,2,10.5,0,10.13939394,0.91,360,5.1,0
2991,21/04/1999,111,3,10.1,0,10.32727273,0.94,360,5.1,0
2992,21/04/1999,111,4,10,0,10.58181818,0.95,360,5.1,0
2993,21/04/1999,111,5,9.1,0,10.87575758,0.93,360,5.1,0
2994,21/04/1999,111,6,9.8,123.4444444,11.09090909,0.93,360,5.1,0
2995,21/04/1999,111,7,10.9,460.1111111,11.32121212,0.9,360,5.1,0
2996,21/04/1999,111,8,11.1,785.5555556,11.36363636,0.87,360,5.1,0
2997,21/04/1999,111,9,12.4,841.6666667,11.52727273,0.87,360,5.1,0
2998,21/04/1999,111,10,12.4,897.7777778,11.65454545,0.8,360,5.1,0
2999,21/04/1999,111,11,14.5,1178.333333,11.74848485,0.78,360,5.1,0
3000,21/04/1999,111,12,15.8,1122.222222,11.80909091,0.78,360,5.1,0
3001,21/04/1999,111,13,13.4,763.1111111,11.82727273,0.83,360,5.1,0
3002,21/04/1999,111,14,14.3,1256.888889,11.82424242,0.68,360,5.1,0
3003,21/04/1999,111,15,8.5,572.3333333,11.7969697,0.71,360,5.1,0
3004,21/04/1999,111,16,13.1,819.2222222,11.74242424,0.83,360,5.1,0
3005,21/04/1999,111,17,12.7,527.4444444,11.66969697,0.79,360,5.1,0
3006,21/04/1999,111,18,12.3,325.4444444,11.59393939,0.79,360,5.1,0
3007,21/04/1999,111,19,11.7,56.11111111,11.50606061,0.85,360,5.1,0
3008,21/04/1999,111,20,11,0,11.40606061,0.84,360,5.1,0
3009,21/04/1999,111,21,10.6,0,11.2969697,0.8,360,5.1,0
3010,21/04/1999,111,22,10.3,0,11.17272727,0.83,360,5.1,0
3011,21/04/1999,111,23,9.9,0,11.05757576,0.86,360,5.1,0
3012,21/04/1999,111,24,9.6,0,10.99393939,0.86,360,4.3,0
3013,22/04/1999,112,1,9.4,0,10.97575758,0.88,360,4.3,0
3014,22/04/1999,112,2,9.3,0,11.0030303,0.89,360,4.3,0
3015,22/04/1999,112,3,9,0,11.02424242,0.9,360,4.3,0
3016,22/04/1999,112,4,8.8,0,11.10909091,0.92,360,4.3,0
3017,22/04/1999,112,5,8.5,0,11.18787879,0.91,360,4.3,0
3018,22/04/1999,112,6,8.8,67.33333333,11.32727273,0.9,360,4.3,0
3019,22/04/1999,112,7,10.5,370.3333333,11.43636364,0.85,360,4.3,0
3020,22/04/1999,112,8,11.5,796.7777778,11.56969697,0.78,360,4.3,0
3021,22/04/1999,112,9,12.3,920.2222222,11.65757576,0.75,360,4.3,0
3022,22/04/1999,112,10,11.7,909,11.7030303,0.77,360,4.3,0
3023,22/04/1999,112,11,13.3,1111,11.69090909,0.68,360,4.3,0
3024,22/04/1999,112,12,12.7,1054.888889,11.67878788,0.68,360,4.3,0
3025,22/04/1999,112,13,14.6,1335.444444,11.54848485,0.67,360,4.3,0
3026,22/04/1999,112,14,12.7,931.4444444,11.33333333,0.67,360,4.3,0
3027,22/04/1999,112,15,14.2,1077.333333,11.18484848,0.61,360,4.3,0
3028,22/04/1999,112,16,13.8,909,10.99393939,0.64,360,4.3,0
3029,22/04/1999,112,17,12.6,594.7777778,10.94848485,0.68,360,4.3,0
3030,22/04/1999,112,18,12,258.1111111,10.78484848,0.68,360,4.3,0
3031,22/04/1999,112,19,12,44.88888889,10.60909091,0.68,360,4.3,0
3032,22/04/1999,112,20,10.2,0,10.45151515,0.76,360,4.3,0
3033,22/04/1999,112,21,8.7,0,10.31212121,0.83,360,4.3,0
3034,22/04/1999,112,22,8.5,0,10.2,0.83,360,4.3,0
3035,22/04/1999,112,23,8,0,10.11515152,0.85,360,4.3,0
3036,22/04/1999,112,24,7,0,10.05151515,0.85,360,4.1,0
3037,23/04/1999,113,1,7.7,0,10.04545455,0.91,360,4.1,0
3038,23/04/1999,113,2,6.9,0,10.03939394,0.94,360,4.1,0
3039,23/04/1999,113,3,7.1,0,10.03939394,0.96,360,4.1,0
3040,23/04/1999,113,4,7.1,0,10.08484848,0.97,360,4.1,0
3041,23/04/1999,113,5,7.3,0,10.18181818,0.98,360,4.1,0
3042,23/04/1999,113,6,7.8,56.11111111,10.29090909,0.97,360,4.1,0
3043,23/04/1999,113,7,8.2,112.2222222,10.43939394,0.96,360,4.1,0
3044,23/04/1999,113,8,9.7,415.2222222,10.54545455,0.94,360,4.1,0
3045,23/04/1999,113,9,9.4,325.4444444,10.53636364,0.91,360,4.1,0
3046,23/04/1999,113,10,9.4,291.7777778,10.45454545,0.94,360,4.1,0
3047,23/04/1999,113,11,10.8,460.1111111,10.35151515,0.91,360,4.1,0
3048,23/04/1999,113,12,12.2,774.3333333,10.28484848,0.84,360,4.1,0
3049,23/04/1999,113,13,12.4,381.5555556,10.18787879,0.8,360,4.1,0
3050,23/04/1999,113,14,13.4,549.8888889,10.08181818,0.7,360,4.1,0
3051,23/04/1999,113,15,12.3,246.8888889,9.884848485,0.71,360,4.1,0
3052,23/04/1999,113,16,10.2,112.2222222,9.727272727,0.8,360,4.1,0
3053,23/04/1999,113,17,8.8,246.8888889,9.524242424,0.94,360,4.1,0
3054,23/04/1999,113,18,8.9,56.11111111,9.33030303,0.97,360,4.1,0
3055,23/04/1999,113,19,9.5,33.66666667,9.181818182,0.98,360,4.1,0
3056,23/04/1999,113,20,10.1,0,9.051515152,0.98,360,4.1,0
3057,23/04/1999,113,21,9.2,0,8.921212121,0.97,360,4.1,0
3058,23/04/1999,113,22,8.1,0,8.839393939,0.98,360,4.1,0
3059,23/04/1999,113,23,7.5,0,8.809090909,0.95,360,4.1,0
3060,23/04/1999,113,24,7.5,0,8.784848485,0.92,360,3.1,0
3061,24/04/1999,114,1,7.4,0,8.793939394,0.93,360,3.1,0
3062,24/04/1999,114,2,7.7,0,8.875757576,0.96,360,3.1,0
3063,24/04/1999,114,3,7.7,0,8.975757576,0.97,360,3.1,0
3064,24/04/1999,114,4,7.7,0,9.121212121,0.96,360,3.1,0
3065,24/04/1999,114,5,7.5,0,9.290909091,0.95,360,3.1,0
3066,24/04/1999,114,6,7.7,22.44444444,9.424242424,0.94,360,3.1,0
3067,24/04/1999,114,7,7.7,89.77777778,9.578787879,0.95,360,3.1,0
3068,24/04/1999,114,8,8.3,145.8888889,9.742424242,0.92,360,3.1,0
3069,24/04/1999,114,9,9.7,381.5555556,9.881818182,0.88,360,3.1,0
3070,24/04/1999,114,10,11,628.4444444,9.978787879,0.81,360,3.1,0
3071,24/04/1999,114,11,11.7,763.1111111,10.04848485,0.79,360,3.1,0
3072,24/04/1999,114,12,12.7,942.6666667,10.07575758,0.79,360,3.1,0
3073,24/04/1999,114,13,11.5,1324.222222,10.03636364,0.77,360,3.1,0
3074,24/04/1999,114,14,12.4,1155.888889,9.915151515,0.68,360,3.1,0
3075,24/04/1999,114,15,13.2,1492.555556,9.745454545,0.62,360,3.1,0
3076,24/04/1999,114,16,12.8,920.2222222,9.548484848,0.67,360,3.1,0
3077,24/04/1999,114,17,12.9,460.1111111,9.351515152,0.71,360,3.1,0
3078,24/04/1999,114,18,11.7,336.6666667,9.221212121,0.76,360,3.1,0
3079,24/04/1999,114,19,10.3,67.33333333,9.084848485,0.8,360,3.1,0
3080,24/04/1999,114,20,9.5,0,8.954545455,0.83,360,3.1,0
3081,24/04/1999,114,21,8.2,0,8.8,0.89,360,3.1,0
3082,24/04/1999,114,22,6.8,0,8.615151515,0.92,360,3.1,0
3083,24/04/1999,114,23,6.9,0,8.536363636,0.96,360,3.1,0
3084,24/04/1999,114,24,5.8,0,8.596969697,0.97,360,2,0
3085,25/04/1999,115,1,5.9,0,8.742424242,0.99,360,2,0
3086,25/04/1999,115,2,4.3,0,8.912121212,0.99,360,2,0
3087,25/04/1999,115,3,4.6,0,9.121212121,1,360,2,0
3088,25/04/1999,115,4,4.4,0,9.315151515,1,360,2,0
3089,25/04/1999,115,5,4,11.22222222,9.548484848,1,360,2,0
3090,25/04/1999,115,6,6.6,224.4444444,9.806060606,1,360,2,0
3091,25/04/1999,115,7,10.1,561.1111111,10.06969697,0.91,360,2,0
3092,25/04/1999,115,8,12.3,864.1111111,10.30909091,0.74,360,2,0
3093,25/04/1999,115,9,13.1,1200.777778,10.53636364,0.69,360,2,0
3094,25/04/1999,115,10,14.3,1537.444444,10.73636364,0.62,360,2,0
3095,25/04/1999,115,11,14.1,1447.666667,10.86666667,0.61,360,2,0
3096,25/04/1999,115,12,15.4,1537.444444,10.91818182,0.59,360,2,0
3097,25/04/1999,115,13,16.2,1526.222222,10.93939394,0.57,360,2,0
3098,25/04/1999,115,14,16.2,1043.666667,10.91212121,0.54,360,2,0
3099,25/04/1999,115,15,15.6,987.5555556,10.9030303,0.53,360,2,0
3100,25/04/1999,115,16,15.2,527.4444444,10.87575758,0.53,360,2,0
3101,25/04/1999,115,17,14.9,303,10.81818182,0.53,360,2,0
3102,25/04/1999,115,18,14,123.4444444,10.73939394,0.63,360,2,0
3103,25/04/1999,115,19,12.7,22.44444444,10.65454545,0.69,360,2,0
3104,25/04/1999,115,20,12.4,0,10.6,0.73,360,2,0
3105,25/04/1999,115,21,11.8,0,10.58787879,0.76,360,2,0
3106,25/04/1999,115,22,11.2,0,10.6030303,0.76,360,2,0
3107,25/04/1999,115,23,11.5,0,10.66363636,0.81,360,2,0
3108,25/04/1999,115,24,11.3,0,10.7969697,0.83,360,1.3,0
3109,26/04/1999,116,1,10.2,0,10.95151515,0.89,360,1.3,0
3110,26/04/1999,116,2,10.1,0,11.16969697,0.93,360,1.3,0
3111,26/04/1999,116,3,9.9,0,11.48787879,0.95,360,1.3,0
3112,26/04/1999,116,4,9.9,0,11.86969697,0.96,360,1.3,0
3113,26/04/1999,116,5,10,0,12.22424242,0.96,360,1.3,0
3114,26/04/1999,116,6,10.2,56.11111111,12.57272727,0.96,360,1.3,0
3115,26/04/1999,116,7,11.2,157.1111111,12.91212121,0.94,360,1.3,0
3116,26/04/1999,116,8,12,213.2222222,13.12121212,0.91,360,1.3,0
3117,26/04/1999,116,9,13,370.3333333,13.22727273,0.86,360,1.3,0
3118,26/04/1999,116,10,16.4,998.7777778,13.25757576,0.69,360,1.3,0
3119,26/04/1999,116,11,16.9,852.8888889,13.27272727,0.69,360,1.3,0
3120,26/04/1999,116,12,16.3,785.5555556,13.22121212,0.67,360,1.3,0
3121,26/04/1999,116,13,15.9,381.5555556,13.15151515,0.76,360,1.3,0
3122,26/04/1999,116,14,15.2,336.6666667,13.04242424,0.83,360,1.3,0
3123,26/04/1999,116,15,13.5,168.3333333,12.8969697,0.93,360,1.3,0
3124,26/04/1999,116,16,13.6,291.7777778,12.74545455,0.89,360,1.3,0
3125,26/04/1999,116,17,13.3,134.6666667,12.61212121,0.93,360,1.3,0
3126,26/04/1999,116,18,13.6,44.88888889,12.49090909,0.92,360,1.3,0
3127,26/04/1999,116,19,12.6,11.22222222,12.36060606,0.96,360,1.3,0
3128,26/04/1999,116,20,11.8,0,12.26060606,0.97,360,1.3,0
3129,26/04/1999,116,21,11.8,0,12.1969697,0.91,360,1.3,0
3130,26/04/1999,116,22,11.4,0,12.13333333,0.92,360,1.3,0
3131,26/04/1999,116,23,11.2,0,12.10606061,0.94,360,1.3,0
3132,26/04/1999,116,24,11.2,0,12.12727273,0.94,360,3.6,0
3133,27/04/1999,117,1,11.2,0,12.17878788,0.92,360,3.6,0
3134,27/04/1999,117,2,10.6,0,12.27878788,0.95,360,3.6,0
3135,27/04/1999,117,3,10.7,0,12.42424242,0.95,360,3.6,0
3136,27/04/1999,117,4,10.6,0,12.63939394,0.93,360,3.6,0
3137,27/04/1999,117,5,10.3,0,12.8969697,0.94,360,3.6,0
3138,27/04/1999,117,6,10.9,89.77777778,13.18181818,0.96,360,3.6,0
3139,27/04/1999,117,7,11.9,280.5555556,13.43333333,0.94,360,3.6,0
3140,27/04/1999,117,8,13.2,505,13.72121212,0.89,360,3.6,0
3141,27/04/1999,117,9,14.6,942.6666667,13.95454545,0.87,360,3.6,0
3142,27/04/1999,117,10,15,1088.555556,14.12727273,0.84,360,3.6,0
3143,27/04/1999,117,11,17.2,931.4444444,14.23333333,0.78,360,3.6,0
3144,27/04/1999,117,12,18.4,1492.555556,14.19090909,0.68,360,3.6,0
3145,27/04/1999,117,13,19.3,1021.222222,14.1,0.69,360,3.6,0
3146,27/04/1999,117,14,18.3,1032.444444,14.01212121,0.63,360,3.6,0
3147,27/04/1999,117,15,19.7,987.5555556,13.92727273,0.6,360,3.6,0
3148,27/04/1999,117,16,18.9,1043.666667,13.83333333,0.61,360,3.6,0
3149,27/04/1999,117,17,17.7,628.4444444,13.77575758,0.62,360,3.6,0
3150,27/04/1999,117,18,16.5,291.7777778,13.7,0.63,360,3.6,0
3151,27/04/1999,117,19,15,67.33333333,13.61515152,0.67,360,3.6,0
3152,27/04/1999,117,20,13.9,0,13.48484848,0.75,360,3.6,0
3153,27/04/1999,117,21,13.4,0,13.37575758,0.78,360,3.6,0
3154,27/04/1999,117,22,13.1,0,13.3030303,0.8,360,3.6,0
3155,27/04/1999,117,23,12.1,0,13.24242424,0.82,360,3.6,0
3156,27/04/1999,117,24,11.6,0,13.25151515,0.86,360,4.3,0
3157,28/04/1999,118,1,11.1,0,13.30909091,0.88,360,4.3,0
3158,28/04/1999,118,2,10.5,0,13.41212121,0.9,360,4.3,0
3159,28/04/1999,118,3,9.3,0,13.56060606,0.93,360,4.3,0
3160,28/04/1999,118,4,9,0,13.73333333,0.95,360,4.3,0
3161,28/04/1999,118,5,9.4,11.22222222,13.92121212,0.96,360,4.3,0
3162,28/04/1999,118,6,9.8,145.8888889,14.12121212,0.96,360,4.3,0
3163,28/04/1999,118,7,11.7,471.3333333,14.33636364,0.9,360,4.3,0
3164,28/04/1999,118,8,13.1,819.2222222,14.51818182,0.82,360,4.3,0
3165,28/04/1999,118,9,14.6,1155.888889,14.65757576,0.76,360,4.3,0
3166,28/04/1999,118,10,16.1,1559.888889,14.73333333,0.71,360,4.3,0
3167,28/04/1999,118,11,16.3,1515,14.75454545,0.66,360,4.3,0
3168,28/04/1999,118,12,16.9,1638.444444,14.73030303,0.65,360,4.3,0
3169,28/04/1999,118,13,17.2,1515,14.61212121,0.65,360,4.3,0
3170,28/04/1999,118,14,17.4,1189.555556,14.44242424,0.63,360,4.3,0
3171,28/04/1999,118,15,16.9,1178.333333,14.26666667,0.63,360,4.3,0
3172,28/04/1999,118,16,16.5,740.6666667,14.11212121,0.64,360,4.3,0
3173,28/04/1999,118,17,15.7,527.4444444,13.90606061,0.69,360,4.3,0
3174,28/04/1999,118,18,15.3,190.7777778,13.67575758,0.69,360,4.3,0
3175,28/04/1999,118,19,14.2,67.33333333,13.46363636,0.74,360,4.3,0
3176,28/04/1999,118,20,13.3,0,13.27575758,0.78,360,4.3,0
3177,28/04/1999,118,21,12.8,0,13.13333333,0.82,360,4.3,0
3178,28/04/1999,118,22,13.5,0,13.03939394,0.8,360,4.3,0
3179,28/04/1999,118,23,13.2,0,12.96666667,0.77,360,4.3,0
3180,28/04/1999,118,24,12.9,0,12.93636364,0.8,360,4,0
3181,29/04/1999,119,1,11.3,0,12.95757576,0.83,360,4,0
3182,29/04/1999,119,2,10.7,0,13.01818182,0.9,360,4,0
3183,29/04/1999,119,3,10.3,0,13.11818182,0.93,360,4,0
3184,29/04/1999,119,4,10.3,0,13.28787879,0.92,360,4,0
3185,29/04/1999,119,5,10.8,11.22222222,13.50909091,0.88,360,4,0
3186,29/04/1999,119,6,11,123.4444444,13.73939394,0.87,360,4,0
3187,29/04/1999,119,7,12.1,303,13.98484848,0.86,360,4,0
3188,29/04/1999,119,8,12.8,516.2222222,14.23939394,0.82,360,4,0
3189,29/04/1999,119,9,13.6,606,14.4,0.79,360,4,0
3190,29/04/1999,119,10,14.4,516.2222222,14.49090909,0.78,360,4,0
3191,29/04/1999,119,11,16.1,864.1111111,14.53333333,0.71,360,4,0
3192,29/04/1999,119,12,16.6,1402.777778,14.48787879,0.75,360,4,0
3193,29/04/1999,119,13,16.6,1088.555556,14.41818182,0.7,360,4,0
3194,29/04/1999,119,14,17.5,1111,14.3030303,0.69,360,4,0
3195,29/04/1999,119,15,18.2,875.3333333,14.13939394,0.67,360,4,0
3196,29/04/1999,119,16,17,628.4444444,13.93939394,0.71,360,4,0
3197,29/04/1999,119,17,16.1,168.3333333,13.70606061,0.76,360,4,0
3198,29/04/1999,119,18,16,134.6666667,13.5030303,0.77,360,4,0
3199,29/04/1999,119,19,14.6,56.11111111,13.29090909,0.79,360,4,0
3200,29/04/1999,119,20,14,0,13.09090909,0.82,360,4,0
3201,29/04/1999,119,21,13.1,0,12.9,0.83,360,4,0
3202,29/04/1999,119,22,11.8,0,12.72424242,0.86,360,4,0
3203,29/04/1999,119,23,10.8,0,12.60909091,0.88,360,4,0
3204,29/04/1999,119,24,9.2,0,12.54848485,0.9,360,1.5,0
3205,30/04/1999,120,1,9.8,0,12.53030303,0.94,360,1.5,0
3206,30/04/1999,120,2,8.7,0,12.58787879,0.96,360,1.5,0
3207,30/04/1999,120,3,8.7,0,12.74545455,0.96,360,1.5,0
3208,30/04/1999,120,4,7.9,0,12.97575758,0.96,360,1.5,0
3209,30/04/1999,120,5,7.5,11.22222222,13.25454545,0.98,360,1.5,0
3210,30/04/1999,120,6,9,112.2222222,13.55454545,0.99,360,1.5,0
3211,30/04/1999,120,7,11.5,404,13.86363636,0.96,360,1.5,0
3212,30/04/1999,120,8,12.6,718.2222222,14.16666667,0.85,360,1.5,0
3213,30/04/1999,120,9,14.8,830.4444444,14.42121212,0.81,360,1.5,0
3214,30/04/1999,120,10,16.5,1189.555556,14.63333333,0.73,360,1.5,0
3215,30/04/1999,120,11,18.3,1571.111111,14.76969697,0.72,360,1.5,0
3216,30/04/1999,120,12,19.5,1672.111111,14.81515152,0.66,360,1.5,0
3217,30/04/1999,120,13,20.2,1537.444444,14.82121212,0.64,360,1.5,0
3218,30/04/1999,120,14,21,1458.888889,14.79090909,0.63,360,1.5,0
3219,30/04/1999,120,15,21,1245.666667,14.70909091,0.6,360,1.5,0
3220,30/04/1999,120,16,20.5,1111,14.60606061,0.57,360,1.5,0
3221,30/04/1999,120,17,19.8,763.1111111,14.43939394,0.6,360,1.5,0
3222,30/04/1999,120,18,18.1,404,14.28181818,0.66,360,1.5,0
3223,30/04/1999,120,19,15.9,78.55555556,14.13939394,0.71,360,1.5,0
3224,30/04/1999,120,20,16.3,0,13.98181818,0.79,360,1.5,0
3225,30/04/1999,120,21,15.6,0,13.84545455,0.82,360,1.5,0
3226,30/04/1999,120,22,13.9,0,13.6969697,0.88,360,1.5,0
3227,30/04/1999,120,23,14.1,0,13.63030303,0.92,360,1.5,0
3228,30/04/1999,120,24,12.7,0,13.66969697,0.91,360,1.6,0
3229,01/05/1999,121,1,11.8,0,13.80909091,0.94,360,1.6,0
3230,01/05/1999,121,2,11.4,0,14.05757576,0.97,360,1.6,0
3231,01/05/1999,121,3,10.8,0,14.32121212,0.98,360,1.6,0
3232,01/05/1999,121,4,10.1,0,14.65151515,0.99,360,1.6,0
3233,01/05/1999,121,5,9.1,11.22222222,15.01818182,1,360,1.6,0
3234,01/05/1999,121,6,10.9,190.7777778,15.43636364,1,360,1.6,0
3235,01/05/1999,121,7,13.1,527.4444444,15.85757576,0.98,360,1.6,0
3236,01/05/1999,121,8,15.4,886.5555556,16.23636364,0.84,360,1.6,0
3237,01/05/1999,121,9,17.4,1122.222222,16.53636364,0.72,360,1.6,0
3238,01/05/1999,121,10,18.5,1380.333333,16.76060606,0.59,360,1.6,0
3239,01/05/1999,121,11,19.6,1672.111111,16.86969697,0.56,360,1.6,0
3240,01/05/1999,121,12,20.8,1840.444444,16.84545455,0.47,360,1.6,0
3241,01/05/1999,121,13,21.7,1739.444444,16.75151515,0.48,360,1.6,0
3242,01/05/1999,121,14,21.4,1548.666667,16.54545455,0.5,360,1.6,0
3243,01/05/1999,121,15,21.5,1436.444444,16.31212121,0.49,360,1.6,0
3244,01/05/1999,121,16,21.4,1111,16.00606061,0.51,360,1.6,0
3245,01/05/1999,121,17,20,740.6666667,15.69393939,0.58,360,1.6,0
3246,01/05/1999,121,18,18.4,381.5555556,15.36969697,0.59,360,1.6,0
3247,01/05/1999,121,19,15.7,78.55555556,15.05454545,0.68,360,1.6,0
3248,01/05/1999,121,20,15.2,0,14.76060606,0.66,360,1.6,0
3249,01/05/1999,121,21,12.7,0,14.51818182,0.75,360,1.6,0
3250,01/05/1999,121,22,12.5,0,14.25454545,0.76,360,1.6,0
3251,01/05/1999,121,23,10.9,0,14.1,0.79,360,1.6,0
3252,01/05/1999,121,24,10.7,0,14.06666667,0.82,360,1.2,0
3253,02/05/1999,122,1,9.8,0,14.12121212,0.77,360,1.2,0
3254,02/05/1999,122,2,9.4,0,14.28181818,0.9,360,1.2,0
3255,02/05/1999,122,3,8.4,0,14.50606061,0.92,360,1.2,0
3256,02/05/1999,122,4,7.9,0,14.77272727,0.95,360,1.2,0
3257,02/05/1999,122,5,7.6,22.44444444,15.08787879,0.96,360,1.2,0
3258,02/05/1999,122,6,10.5,224.4444444,15.45454545,0.93,360,1.2,0
3259,02/05/1999,122,7,12.8,538.6666667,15.87272727,0.85,360,1.2,0
3260,02/05/1999,122,8,15.9,864.1111111,16.21212121,0.74,360,1.2,0
3261,02/05/1999,122,9,18,1212,16.49393939,0.64,360,1.2,0
3262,02/05/1999,122,10,19.2,1492.555556,16.67878788,0.6,360,1.2,0
3263,02/05/1999,122,11,20.2,1683.333333,16.75151515,0.61,360,1.2,0
3264,02/05/1999,122,12,21.2,1761.888889,16.73030303,0.55,360,1.2,0
3265,02/05/1999,122,13,22.2,1750.666667,16.61818182,0.5,360,1.2,0
3266,02/05/1999,122,14,22.9,1649.666667,16.44545455,0.43,360,1.2,0
3267,02/05/1999,122,15,22.1,1414,16.22424242,0.47,360,1.2,0
3268,02/05/1999,122,16,22.4,1043.666667,15.96363636,0.49,360,1.2,0
3269,02/05/1999,122,17,21.5,707,15.7,0.47,360,1.2,0
3270,02/05/1999,122,18,19.8,359.1111111,15.4030303,0.55,360,1.2,0
3271,02/05/1999,122,19,17.8,89.77777778,15.12727273,0.59,360,1.2,0
3272,02/05/1999,122,20,15.9,0,14.88181818,0.65,360,1.2,0
3273,02/05/1999,122,21,15.1,0,14.68484848,0.68,360,1.2,0
3274,02/05/1999,122,22,14.4,0,14.51515152,0.76,360,1.2,0
3275,02/05/1999,122,23,12.8,0,14.49393939,0.83,360,1.2,0
3276,02/05/1999,122,24,12.8,0,14.56363636,0.82,360,2.8,0
3277,03/05/1999,123,1,11.6,0,14.74242424,0.85,360,2.8,0
3278,03/05/1999,123,2,10.9,0,15,0.86,360,2.8,0
3279,03/05/1999,123,3,10.3,0,15.32424242,0.89,360,2.8,0
3280,03/05/1999,123,4,9.2,0,15.68787879,0.91,360,2.8,0
3281,03/05/1999,123,5,9.6,22.44444444,16.1030303,0.91,360,2.8,0
3282,03/05/1999,123,6,12,190.7777778,16.55151515,0.89,360,2.8,0
3283,03/05/1999,123,7,14.8,527.4444444,16.96969697,0.79,360,2.8,0
3284,03/05/1999,123,8,16.8,841.6666667,17.31515152,0.73,360,2.8,0
3285,03/05/1999,123,9,19.2,1178.333333,17.55151515,0.65,360,2.8,0
3286,03/05/1999,123,10,20.5,1470.111111,17.70909091,0.57,360,2.8,0
3287,03/05/1999,123,11,21.4,1683.333333,17.76363636,0.52,360,2.8,0
3288,03/05/1999,123,12,22.1,1806.777778,17.73636364,0.52,360,2.8,0
3289,03/05/1999,123,13,22.7,1593.555556,17.65454545,0.5,360,2.8,0
3290,03/05/1999,123,14,21.4,1335.444444,17.5,0.56,360,2.8,0
3291,03/05/1999,123,15,21.9,1245.666667,17.3,0.47,360,2.8,0
3292,03/05/1999,123,16,20.6,695.7777778,17.04242424,0.53,360,2.8,0
3293,03/05/1999,123,17,21.1,650.8888889,16.7969697,0.51,360,2.8,0
3294,03/05/1999,123,18,19.8,291.7777778,16.54848485,0.52,360,2.8,0
3295,03/05/1999,123,19,18.3,56.11111111,16.31212121,0.56,360,2.8,0
3296,03/05/1999,123,20,17.5,0,16.11515152,0.55,360,2.8,0
3297,03/05/1999,123,21,16.1,0,15.96969697,0.57,360,2.8,0
3298,03/05/1999,123,22,15.6,0,15.87272727,0.58,360,2.8,0
3299,03/05/1999,123,23,14.4,0,15.7969697,0.64,360,2.8,0
3300,03/05/1999,123,24,14,0,15.74545455,0.7,360,2.7,0
3301,04/05/1999,124,1,14.2,0,15.75757576,0.66,360,2.7,0
3302,04/05/1999,124,2,13.7,0,15.77878788,0.69,360,2.7,0
3303,04/05/1999,124,3,13.3,0,15.86060606,0.7,360,2.7,0
3304,04/05/1999,124,4,13,0,15.97878788,0.71,360,2.7,0
3305,04/05/1999,124,5,12.7,0,16.13030303,0.72,360,2.7,0
3306,04/05/1999,124,6,12.6,89.77777778,16.34848485,0.72,360,2.7,0
3307,04/05/1999,124,7,12.7,202,16.57575758,0.73,360,2.7,0
3308,04/05/1999,124,8,13.2,269.3333333,16.72424242,0.72,360,2.7,0
3309,04/05/1999,124,9,13.5,291.7777778,16.8,0.71,360,2.7,0
3310,04/05/1999,124,10,14.3,516.2222222,16.81818182,0.7,360,2.7,0
3311,04/05/1999,124,11,14.8,437.6666667,16.75757576,0.7,360,2.7,0
3312,04/05/1999,124,12,15.3,505,16.61818182,0.69,360,2.7,0
3313,04/05/1999,124,13,16.4,684.5555556,16.42121212,0.66,360,2.7,0
3314,04/05/1999,124,14,17.1,763.1111111,16.18484848,0.67,360,2.7,0
3315,04/05/1999,124,15,16.9,763.1111111,15.9030303,0.66,360,2.7,0
3316,04/05/1999,124,16,17.3,639.6666667,15.62121212,0.66,360,2.7,0
3317,04/05/1999,124,17,17.4,606,15.30606061,0.65,360,2.7,0
3318,04/05/1999,124,18,17.2,303,15.05151515,0.67,360,2.7,0
3319,04/05/1999,124,19,15.9,78.55555556,14.72424242,0.67,360,2.7,0
3320,04/05/1999,124,20,14.9,0,14.41212121,0.71,360,2.7,0
3321,04/05/1999,124,21,14.3,0,14.14242424,0.76,360,2.7,0
3322,04/05/1999,124,22,13.4,0,13.89090909,0.82,360,2.7,0
3323,04/05/1999,124,23,12.1,0,13.69090909,0.85,360,2.7,0
3324,04/05/1999,124,24,11.5,0,13.64242424,0.86,360,1.6,0
3325,05/05/1999,125,1,12.2,0,13.7,0.83,360,1.6,0
3326,05/05/1999,125,2,10.3,0,13.8,0.89,360,1.6,0
3327,05/05/1999,125,3,9.5,0,13.93333333,0.92,360,1.6,0
3328,05/05/1999,125,4,9.4,0,14.11212121,0.96,360,1.6,0
3329,05/05/1999,125,5,9.2,11.22222222,14.29090909,0.96,360,1.6,0
3330,05/05/1999,125,6,9.5,112.2222222,14.47878788,0.96,360,1.6,0
3331,05/05/1999,125,7,14,426.4444444,14.6969697,0.88,360,1.6,0
3332,05/05/1999,125,8,16.3,785.5555556,14.91818182,0.71,360,1.6,0
3333,05/05/1999,125,9,17.3,931.4444444,15.10909091,0.72,360,1.6,0
3334,05/05/1999,125,10,18.6,1032.444444,15.21212121,0.71,360,1.6,0
3335,05/05/1999,125,11,19.6,1335.444444,15.26969697,0.69,360,1.6,0
3336,05/05/1999,125,12,19.2,942.6666667,15.27878788,0.67,360,1.6,0
3337,05/05/1999,125,13,19.2,942.6666667,15.25151515,0.69,360,1.6,0
3338,05/05/1999,125,14,19.9,1122.222222,15.20606061,0.66,360,1.6,0
3339,05/05/1999,125,15,19.9,987.5555556,15.10606061,0.68,360,1.6,0
3340,05/05/1999,125,16,19,796.7777778,15,0.71,360,1.6,0
3341,05/05/1999,125,17,16.6,460.1111111,14.9030303,0.82,360,1.6,0
3342,05/05/1999,125,18,15.4,168.3333333,14.8,0.82,360,1.6,0
3343,05/05/1999,125,19,14.6,67.33333333,14.69090909,0.86,360,1.6,0
3344,05/05/1999,125,20,13.9,0,14.57272727,0.89,360,1.6,0
3345,05/05/1999,125,21,13.8,0,14.47575758,0.91,360,1.6,0
3346,05/05/1999,125,22,13.1,0,14.4030303,0.93,360,1.6,0
3347,05/05/1999,125,23,13.6,0,14.35454545,0.95,360,1.6,0
3348,05/05/1999,125,24,13.7,0,14.36666667,0.96,360,2.2,0
3349,06/05/1999,126,1,13.9,0,14.45151515,0.94,360,2.2,0
3350,06/05/1999,126,2,13.8,0,14.56363636,0.92,360,2.2,0
3351,06/05/1999,126,3,13.3,0,14.6969697,0.9,360,2.2,0
3352,06/05/1999,126,4,12.7,0,14.91818182,0.9,360,2.2,0
3353,06/05/1999,126,5,12.5,0,15.18181818,0.91,360,2.2,0
3354,06/05/1999,126,6,12.7,78.55555556,15.47272727,0.84,360,2.2,0
3355,06/05/1999,126,7,13.8,246.8888889,15.78181818,0.83,360,2.2,0
3356,06/05/1999,126,8,14.9,830.4444444,16.09393939,0.7,360,2.2,0
3357,06/05/1999,126,9,15.2,1021.222222,16.26060606,0.66,360,2.2,0
3358,06/05/1999,126,10,16.6,1178.333333,16.35454545,0.65,360,2.2,0
3359,06/05/1999,126,11,17.6,1627.222222,16.36666667,0.63,360,2.2,0
3360,06/05/1999,126,12,18.2,1728.222222,16.29090909,0.57,360,2.2,0
3361,06/05/1999,126,13,19,1773.111111,16.15757576,0.57,360,2.2,0
3362,06/05/1999,126,14,19.4,1503.777778,16.00909091,0.57,360,2.2,0
3363,06/05/1999,126,15,19.8,1155.888889,15.80909091,0.55,360,2.2,0
3364,06/05/1999,126,16,19.5,1066.111111,15.57575758,0.57,360,2.2,0
3365,06/05/1999,126,17,19.4,650.8888889,15.35151515,0.62,360,2.2,0
3366,06/05/1999,126,18,17.7,392.7777778,15.14545455,0.64,360,2.2,0
3367,06/05/1999,126,19,16.1,78.55555556,15.02121212,0.72,360,2.2,0
3368,06/05/1999,126,20,15.2,0,14.95151515,0.8,360,2.2,0
3369,06/05/1999,126,21,14.3,0,14.92727273,0.78,360,2.2,0
3370,06/05/1999,126,22,12.6,0,14.8969697,0.86,360,2.2,0
3371,06/05/1999,126,23,12.2,0,14.88484848,0.86,360,2.2,0
3372,06/05/1999,126,24,12.5,0,14.9030303,0.89,360,2.3,0
3373,07/05/1999,127,1,12.2,0,14.94848485,0.9,360,2.3,0
3374,07/05/1999,127,2,12.5,0,15.04242424,0.9,360,2.3,0
3375,07/05/1999,127,3,13.1,0,15.1969697,0.89,360,2.3,0
3376,07/05/1999,127,4,13.8,0,15.41212121,0.91,360,2.3,0
3377,07/05/1999,127,5,12.9,11.22222222,15.56969697,0.94,360,2.3,0
3378,07/05/1999,127,6,13.4,44.88888889,15.81212121,0.95,360,2.3,0
3379,07/05/1999,127,7,13.7,179.5555556,16.03333333,0.96,360,2.3,0
3380,07/05/1999,127,8,15.1,505,16.17878788,0.93,360,2.3,0
3381,07/05/1999,127,9,16.8,617.2222222,16.26363636,0.9,360,2.3,0
3382,07/05/1999,127,10,19,1526.222222,16.30606061,0.75,360,2.3,0
3383,07/05/1999,127,11,20.9,1324.222222,16.26666667,0.7,360,2.3,0
3384,07/05/1999,127,12,18.5,796.7777778,16.19090909,0.77,360,2.3,0
3385,07/05/1999,127,13,20.7,1111,16.04545455,0.78,360,2.3,0
3386,07/05/1999,127,14,19.8,920.2222222,15.9,0.75,360,2.3,0
3387,07/05/1999,127,15,17.5,44.88888889,15.70909091,0.83,360,2.3,0
3388,07/05/1999,127,16,16.6,224.4444444,15.50909091,0.92,360,2.3,0
3389,07/05/1999,127,17,16.3,280.5555556,15.28787879,0.95,360,2.3,0
3390,07/05/1999,127,18,13.9,78.55555556,15.07878788,0.94,360,2.3,0
3391,07/05/1999,127,19,14.1,78.55555556,14.84242424,0.96,360,2.3,0
3392,07/05/1999,127,20,12.8,0,14.62121212,0.97,360,2.3,0
3393,07/05/1999,127,21,13.4,0,14.42424242,0.99,360,2.3,0
3394,07/05/1999,127,22,12.7,0,14.24242424,0.98,360,2.3,0
3395,07/05/1999,127,23,12.8,0,14.0969697,0.99,360,2.3,0
3396,07/05/1999,127,24,12.5,0,14.03030303,0.99,360,2.8,0
3397,08/05/1999,128,1,12.6,0,14.02727273,0.98,360,2.8,0
3398,08/05/1999,128,2,11.6,0,14.06363636,0.96,360,2.8,0
3399,08/05/1999,128,3,10.4,0,14.11818182,0.98,360,2.8,0
3400,08/05/1999,128,4,9.6,0,14.18484848,0.97,360,2.8,0
3401,08/05/1999,128,5,9.2,22.44444444,14.24545455,0.98,360,2.8,0
3402,08/05/1999,128,6,9.5,145.8888889,14.27878788,0.98,360,2.8,0
3403,08/05/1999,128,7,10.4,359.1111111,14.4030303,0.96,360,2.8,0
3404,08/05/1999,128,8,12.1,953.8888889,14.53939394,0.86,360,2.8,0
3405,08/05/1999,128,9,13.7,1279.333333,14.65454545,0.81,360,2.8,0
3406,08/05/1999,128,10,14,1380.333333,14.72424242,0.77,360,2.8,0
3407,08/05/1999,128,11,14.7,1043.666667,14.71818182,0.74,360,2.8,0
3408,08/05/1999,128,12,15.1,1447.666667,14.58787879,0.7,360,2.8,0
3409,08/05/1999,128,13,14.9,594.7777778,14.34848485,0.72,360,2.8,0
3410,08/05/1999,128,14,17,1481.333333,14.16060606,0.65,360,2.8,0
3411,08/05/1999,128,15,17.9,1324.222222,13.9,0.65,360,2.8,0
3412,08/05/1999,128,16,17.5,1066.111111,13.66363636,0.6,360,2.8,0
3413,08/05/1999,128,17,17.4,729.4444444,13.45454545,0.61,360,2.8,0
3414,08/05/1999,128,18,16.6,460.1111111,13.25757576,0.63,360,2.8,0
3415,08/05/1999,128,19,14.7,123.4444444,13.07575758,0.72,360,2.8,0
3416,08/05/1999,128,20,13,0,12.95757576,0.79,360,2.8,0
3417,08/05/1999,128,21,12.3,0,12.86060606,0.83,360,2.8,0
3418,08/05/1999,128,22,12.1,0,12.76969697,0.83,360,2.8,0
3419,08/05/1999,128,23,12,0,12.72121212,0.79,360,2.8,0
3420,08/05/1999,128,24,10.6,0,12.78787879,0.82,360,2.5,0
3421,09/05/1999,129,1,10.1,0,12.9030303,0.86,360,2.5,0
3422,09/05/1999,129,2,10.3,0,13.05454545,0.86,360,2.5,0
3423,09/05/1999,129,3,10,0,13.23939394,0.84,360,2.5,0
3424,09/05/1999,129,4,10.9,0,13.46969697,0.76,360,2.5,0
3425,09/05/1999,129,5,9.8,33.66666667,13.75757576,0.86,360,2.5,0
3426,09/05/1999,129,6,11.8,246.8888889,14.08787879,0.86,360,2.5,0
3427,09/05/1999,129,7,14.9,594.7777778,14.44545455,0.72,360,2.5,0
3428,09/05/1999,129,8,16.6,920.2222222,14.78787879,0.61,360,2.5,0
3429,09/05/1999,129,9,17.5,1279.333333,15.10606061,0.63,360,2.5,0
3430,09/05/1999,129,10,18.7,1537.444444,15.36363636,0.67,360,2.5,0
3431,09/05/1999,129,11,19.2,1829.222222,15.54242424,0.59,360,2.5,0
3432,09/05/1999,129,12,19.9,1907.777778,15.66060606,0.49,360,2.5,0
3433,09/05/1999,129,13,20.5,1874.111111,15.72121212,0.53,360,2.5,0
3434,09/05/1999,129,14,21,1683.333333,15.79393939,0.5,360,2.5,0
3435,09/05/1999,129,15,20.8,1200.777778,15.87878788,0.49,360,2.5,0
3436,09/05/1999,129,16,20.9,886.5555556,15.88484848,0.49,360,2.5,0
3437,09/05/1999,129,17,20.6,763.1111111,15.86666667,0.51,360,2.5,0
3438,09/05/1999,129,18,19.6,336.6666667,15.84242424,0.53,360,2.5,0
3439,09/05/1999,129,19,17.9,78.55555556,15.8030303,0.57,360,2.5,0
3440,09/05/1999,129,20,16.7,0,15.75454545,0.62,360,2.5,0
3441,09/05/1999,129,21,17.5,0,15.75454545,0.57,360,2.5,0
3442,09/05/1999,129,22,17.7,0,15.78484848,0.57,360,2.5,0
3443,09/05/1999,129,23,17.2,0,15.82121212,0.6,360,2.5,0
3444,09/05/1999,129,24,17.3,0,15.86666667,0.6,360,3.4,0
3445,10/05/1999,130,1,16.7,0,15.94848485,0.65,360,3.4,0
3446,10/05/1999,130,2,16.1,0,16.10606061,0.69,360,3.4,0
3447,10/05/1999,130,3,15,0,16.3030303,0.76,360,3.4,0
3448,10/05/1999,130,4,14.7,0,16.54545455,0.79,360,3.4,0
3449,10/05/1999,130,5,14,11.22222222,16.83939394,0.82,360,3.4,0
3450,10/05/1999,130,6,13.5,22.44444444,17.12121212,0.87,360,3.4,0
3451,10/05/1999,130,7,13.6,44.88888889,17.43030303,0.92,360,3.4,0
3452,10/05/1999,130,8,14.7,291.7777778,17.65151515,0.88,360,3.4,0
3453,10/05/1999,130,9,15.8,516.2222222,17.76666667,0.85,360,3.4,0
3454,10/05/1999,130,10,16.6,740.6666667,17.8030303,0.77,360,3.4,0
3455,10/05/1999,130,11,18.3,1189.555556,17.80606061,0.71,360,3.4,0
3456,10/05/1999,130,12,19.7,1705.777778,17.74545455,0.64,360,3.4,0
3457,10/05/1999,130,13,20.2,1503.777778,17.63939394,0.51,360,3.4,0
3458,10/05/1999,130,14,20,1694.555556,17.49090909,0.55,360,3.4,0
3459,10/05/1999,130,15,19.1,1167.111111,17.3030303,0.55,360,3.4,0
3460,10/05/1999,130,16,18.7,729.4444444,17.08787879,0.57,360,3.4,0
3461,10/05/1999,130,17,17.8,448.8888889,16.84545455,0.62,360,3.4,0
3462,10/05/1999,130,18,17.6,280.5555556,16.6030303,0.65,360,3.4,0
3463,10/05/1999,130,19,16.7,168.3333333,16.35454545,0.64,360,3.4,0
3464,10/05/1999,130,20,15.7,0,16.13333333,0.66,360,3.4,0
3465,10/05/1999,130,21,15,0,15.96060606,0.71,360,3.4,0
3466,10/05/1999,130,22,14.3,0,15.83030303,0.74,360,3.4,0
3467,10/05/1999,130,23,13.9,0,15.67272727,0.76,360,3.4,0
3468,10/05/1999,130,24,12.8,0,15.50909091,0.81,360,2.5,0
3469,11/05/1999,131,1,12.9,0,15.37878788,0.85,360,2.5,0
3470,11/05/1999,131,2,12.4,0,15.26666667,0.88,360,2.5,0
3471,11/05/1999,131,3,12.3,0,15.1969697,0.9,360,2.5,0
3472,11/05/1999,131,4,12.2,0,15.13939394,0.9,360,2.5,0
3473,11/05/1999,131,5,12.4,11.22222222,15.12121212,0.91,360,2.5,0
3474,11/05/1999,131,6,12.3,101,15.11818182,0.93,360,2.5,0
3475,11/05/1999,131,7,12.3,224.4444444,15.13939394,0.9,360,2.5,0
3476,11/05/1999,131,8,12.9,303,15.16666667,0.93,360,2.5,0
3477,11/05/1999,131,9,13.6,471.3333333,15.19090909,0.92,360,2.5,0
3478,11/05/1999,131,10,14.4,583.5555556,15.17575758,0.86,360,2.5,0
3479,11/05/1999,131,11,14.2,774.3333333,15.12727273,0.86,360,2.5,0
3480,11/05/1999,131,12,14.4,572.3333333,15.05454545,0.9,360,2.5,0
3481,11/05/1999,131,13,14.6,516.2222222,14.91212121,0.92,360,2.5,0
3482,11/05/1999,131,14,14.7,606,14.72121212,0.9,360,2.5,0
3483,11/05/1999,131,15,14.4,392.7777778,14.52424242,0.9,360,2.5,0
3484,11/05/1999,131,16,14.4,269.3333333,14.31515152,0.89,360,2.5,0
3485,11/05/1999,131,17,14.2,157.1111111,14.11212121,0.91,360,2.5,0
3486,11/05/1999,131,18,14.2,112.2222222,13.91212121,0.92,360,2.5,0
3487,11/05/1999,131,19,14.2,44.88888889,13.73939394,0.92,360,2.5,0
3488,11/05/1999,131,20,13.6,0,13.56363636,0.95,360,2.5,0
3489,11/05/1999,131,21,13.4,0,13.3969697,0.97,360,2.5,0
3490,11/05/1999,131,22,13.7,0,13.26969697,0.98,360,2.5,0
3491,11/05/1999,131,23,13.1,0,13.17575758,0.98,360,2.5,0
3492,11/05/1999,131,24,12.4,0,13.13636364,0.99,360,2.4,0
3493,12/05/1999,132,1,12.1,0,13.13636364,1,360,2.4,0
3494,12/05/1999,132,2,12.1,0,13.2030303,1,360,2.4,0
3495,12/05/1999,132,3,11.8,0,13.24545455,1,360,2.4,0
3496,12/05/1999,132,4,11.2,0,13.33636364,1,360,2.4,0
3497,12/05/1999,132,5,11.5,22.44444444,13.41515152,1,360,2.4,0
3498,12/05/1999,132,6,11.9,134.6666667,13.53030303,1,360,2.4,0
3499,12/05/1999,132,7,13,381.5555556,13.63333333,0.92,360,2.4,0
3500,12/05/1999,132,8,13.9,718.2222222,13.73030303,0.83,360,2.4,0
3501,12/05/1999,132,9,15,942.6666667,13.80909091,0.79,360,2.4,0
3502,12/05/1999,132,10,14.3,808,13.85757576,0.76,360,2.4,0
3503,12/05/1999,132,11,15.4,1133.444444,13.88181818,0.72,360,2.4,0
3504,12/05/1999,132,12,14.9,1077.333333,13.82121212,0.72,360,2.4,0
3505,12/05/1999,132,13,16,1122.222222,13.72121212,0.68,360,2.4,0
3506,12/05/1999,132,14,15.8,931.4444444,13.61212121,0.71,360,2.4,0
3507,12/05/1999,132,15,15.5,673.3333333,13.48484848,0.74,360,2.4,0
3508,12/05/1999,132,16,14.9,314.2222222,13.33636364,0.76,360,2.4,0
3509,12/05/1999,132,17,14.5,168.3333333,13.2,0.78,360,2.4,0
3510,12/05/1999,132,18,14.4,381.5555556,13.05757576,0.82,360,2.4,0
3511,12/05/1999,132,19,12.4,145.8888889,12.93030303,0.85,360,2.4,0
3512,12/05/1999,132,20,10.9,0,12.78484848,0.9,360,2.4,0
3513,12/05/1999,132,21,10.8,0,12.63636364,0.93,360,2.4,0
3514,12/05/1999,132,22,10.4,0,12.50909091,0.95,360,2.4,0
3515,12/05/1999,132,23,9.8,0,12.41515152,0.96,360,2.4,0
3516,12/05/1999,132,24,9.9,0,12.37272727,0.98,360,2.1,0
3517,13/05/1999,133,1,9.7,0,12.36666667,0.99,360,2.1,0
3518,13/05/1999,133,2,10,0,12.39090909,1,360,2.1,0
3519,13/05/1999,133,3,9.4,0,12.47878788,1,360,2.1,0
3520,13/05/1999,133,4,9.3,0,12.57272727,1,360,2.1,0
3521,13/05/1999,133,5,9.4,22.44444444,12.71818182,1,360,2.1,0
3522,13/05/1999,133,6,10.3,112.2222222,12.87272727,0.99,360,2.1,0
3523,13/05/1999,133,7,12.3,583.5555556,13.01515152,0.91,360,2.1,0
3524,13/05/1999,133,8,12.9,707,13.12727273,0.82,360,2.1,0
3525,13/05/1999,133,9,13.2,662.1111111,13.20606061,0.79,360,2.1,0
3526,13/05/1999,133,10,15,1167.111111,13.23636364,0.69,360,2.1,0
3527,13/05/1999,133,11,15.2,1167.111111,13.22121212,0.62,360,2.1,0
3528,13/05/1999,133,12,16.6,1593.555556,13.19393939,0.62,360,2.1,0
3529,13/05/1999,133,13,16.3,1571.111111,13.13333333,0.63,360,2.1,0
3530,13/05/1999,133,14,16.2,1099.777778,13.06969697,0.64,360,2.1,0
3531,13/05/1999,133,15,15.6,650.8888889,12.92727273,0.67,360,2.1,0
3532,13/05/1999,133,16,15.6,572.3333333,12.7969697,0.67,360,2.1,0
3533,13/05/1999,133,17,14.9,471.3333333,12.66060606,0.67,360,2.1,0
3534,13/05/1999,133,18,14.5,190.7777778,12.53939394,0.69,360,2.1,0
3535,13/05/1999,133,19,13.4,67.33333333,12.4,0.74,360,2.1,0
3536,13/05/1999,133,20,13.4,0,12.24848485,0.77,360,2.1,0
3537,13/05/1999,133,21,12.8,0,12.13030303,0.8,360,2.1,0
3538,13/05/1999,133,22,11.3,0,12.05151515,0.87,360,2.1,0
3539,13/05/1999,133,23,11.5,0,12.04848485,0.92,360,2.1,0
3540,13/05/1999,133,24,11,0,12.06969697,0.93,360,2,0
3541,14/05/1999,134,1,10.9,0,12.16060606,0.94,360,2,0
3542,14/05/1999,134,2,9.9,0,12.29090909,0.96,360,2,0
3543,14/05/1999,134,3,9.4,0,12.42121212,0.97,360,2,0
3544,14/05/1999,134,4,8.5,0,12.5969697,0.96,360,2,0
3545,14/05/1999,134,5,8.3,44.88888889,12.74242424,0.98,360,2,0
3546,14/05/1999,134,6,10.7,347.8888889,12.92121212,0.95,360,2,0
3547,14/05/1999,134,7,11.1,493.7777778,13.11818182,0.93,360,2,0
3548,14/05/1999,134,8,12.8,976.3333333,13.3,0.75,360,2,0
3549,14/05/1999,134,9,14.2,1369.111111,13.45757576,0.68,360,2,0
3550,14/05/1999,134,10,14,1346.666667,13.53939394,0.69,360,2,0
3551,14/05/1999,134,11,15.8,1223.222222,13.59393939,0.62,360,2,0
3552,14/05/1999,134,12,14.2,639.6666667,13.57272727,0.66,360,2,0
3553,14/05/1999,134,13,15.2,909,13.50909091,0.63,360,2,0
3554,14/05/1999,134,14,15.9,1212,13.37878788,0.63,360,2,0
3555,14/05/1999,134,15,16.3,1324.222222,13.20606061,0.6,360,2,0
3556,14/05/1999,134,16,17.5,864.1111111,13.00909091,0.57,360,2,0
3557,14/05/1999,134,17,15.6,460.1111111,12.8030303,0.66,360,2,0
3558,14/05/1999,134,18,15,213.2222222,12.56969697,0.66,360,2,0
3559,14/05/1999,134,19,14.3,56.11111111,12.31818182,0.67,360,2,0
3560,14/05/1999,134,20,13.1,11.22222222,12.08484848,0.79,360,2,0
3561,14/05/1999,134,21,12.3,0,11.87575758,0.81,360,2,0
3562,14/05/1999,134,22,10.6,0,11.64848485,0.82,360,2,0
3563,14/05/1999,134,23,9.7,0,11.56363636,0.89,360,2,0
3564,14/05/1999,134,24,8.8,0,11.52121212,0.94,360,1.8,0
3565,15/05/1999,135,1,7.9,0,11.46060606,0.96,360,1.8,0
3566,15/05/1999,135,2,6.6,0,11.43939394,0.98,360,1.8,0
3567,15/05/1999,135,3,6.8,0,11.51212121,1,360,1.8,0
3568,15/05/1999,135,4,6.5,0,11.66060606,1,360,1.8,0
3569,15/05/1999,135,5,5.9,44.88888889,11.81818182,1,360,1.8,0
3570,15/05/1999,135,6,10,291.7777778,12.05757576,1,360,1.8,0
3571,15/05/1999,135,7,9.9,538.6666667,12.30606061,0.97,360,1.8,0
3572,15/05/1999,135,8,9.5,460.1111111,12.5030303,0.96,360,1.8,0
3573,15/05/1999,135,9,10.3,617.2222222,12.7030303,0.92,360,1.8,0
3574,15/05/1999,135,10,13.3,1021.222222,12.73030303,0.82,360,1.8,0
3575,15/05/1999,135,11,14.8,1189.555556,12.76363636,0.7,360,1.8,0
3576,15/05/1999,135,12,14.6,1234.444444,12.75454545,0.67,360,1.8,0
3577,15/05/1999,135,13,16.4,1604.777778,12.63636364,0.6,360,1.8,0
3578,15/05/1999,135,14,16.5,1268.111111,12.54545455,0.55,360,1.8,0
3579,15/05/1999,135,15,17.2,1313,12.37878788,0.53,360,1.8,0
3580,15/05/1999,135,16,17.7,1279.333333,12.17878788,0.57,360,1.8,0
3581,15/05/1999,135,17,13.7,460.1111111,11.94242424,0.79,360,1.8,0
3582,15/05/1999,135,18,15.3,325.4444444,11.63030303,0.73,360,1.8,0
3583,15/05/1999,135,19,13.7,202,11.35151515,0.79,360,1.8,0
3584,15/05/1999,135,20,11.9,0,11.09393939,0.85,360,1.8,0
3585,15/05/1999,135,21,11.2,0,10.82424242,0.86,360,1.8,0
3586,15/05/1999,135,22,9.7,0,10.61515152,0.89,360,1.8,0
3587,15/05/1999,135,23,9.3,0,10.48181818,0.89,360,1.8,0
3588,15/05/1999,135,24,8.5,0,10.44242424,0.86,360,3.1,0
3589,16/05/1999,136,1,7.2,0,10.4969697,0.91,360,3.1,0
3590,16/05/1999,136,2,6.4,0,10.61818182,0.91,360,3.1,0
3591,16/05/1999,136,3,6.5,0,10.78484848,0.94,360,3.1,0
3592,16/05/1999,136,4,5.4,0,10.98484848,0.94,360,3.1,0
3593,16/05/1999,136,5,6.2,56.11111111,11.2,0.95,360,3.1,0
3594,16/05/1999,136,6,7.9,291.7777778,11.43333333,0.91,360,3.1,0
3595,16/05/1999,136,7,9.3,639.6666667,11.69090909,0.81,360,3.1,0
3596,16/05/1999,136,8,11.5,998.7777778,11.83333333,0.7,360,3.1,0
3597,16/05/1999,136,9,12.8,1380.333333,11.95151515,0.62,360,3.1,0
3598,16/05/1999,136,10,13.4,1021.222222,12.07878788,0.61,360,3.1,0
3599,16/05/1999,136,11,13.2,1335.444444,12.13939394,0.56,360,3.1,0
3600,16/05/1999,136,12,13.9,1571.111111,12.06969697,0.57,360,3.1,0
3601,16/05/1999,136,13,14.2,1144.666667,11.91818182,0.57,360,3.1,0
3602,16/05/1999,136,14,14.4,1256.888889,11.76969697,0.56,360,3.1,0
3603,16/05/1999,136,15,14.7,998.7777778,11.55757576,0.54,360,3.1,0
3604,16/05/1999,136,16,13.8,808,11.34242424,0.57,360,3.1,0
3605,16/05/1999,136,17,13.7,695.7777778,11.10909091,0.59,360,3.1,0
3606,16/05/1999,136,18,12.3,336.6666667,10.83939394,0.63,360,3.1,0
3607,16/05/1999,136,19,11,134.6666667,10.64848485,0.69,360,3.1,0
3608,16/05/1999,136,20,9.8,11.22222222,10.41818182,0.75,360,3.1,0
3609,16/05/1999,136,21,9.7,0,10.20909091,0.77,360,3.1,0
3610,16/05/1999,136,22,9.4,0,10.07575758,0.8,360,3.1,0
3611,16/05/1999,136,23,9.4,0,9.996969697,0.75,360,3.1,0
3612,16/05/1999,136,24,9.5,0,9.996969697,0.76,360,4.3,0
3613,17/05/1999,137,1,8.8,0,10.06060606,0.78,360,4.3,0
3614,17/05/1999,137,2,7.4,0,10.19090909,0.85,360,4.3,0
3615,17/05/1999,137,3,7.7,0,10.37878788,0.84,360,4.3,0
3616,17/05/1999,137,4,6.8,0,10.66060606,0.86,360,4.3,0
3617,17/05/1999,137,5,7.5,56.11111111,10.97575758,0.86,360,4.3,0
3618,17/05/1999,137,6,8.6,291.7777778,11.31818182,0.81,360,4.3,0
3619,17/05/1999,137,7,9.7,482.5555556,11.64545455,0.77,360,4.3,0
3620,17/05/1999,137,8,11.4,841.6666667,11.91212121,0.72,360,4.3,0
3621,17/05/1999,137,9,12.8,1200.777778,12.12121212,0.68,360,4.3,0
3622,17/05/1999,137,10,13.4,1346.666667,12.15757576,0.67,360,4.3,0
3623,17/05/1999,137,11,15.7,1402.777778,12.14242424,0.62,360,4.3,0
3624,17/05/1999,137,12,16.9,1705.777778,12.11515152,0.55,360,4.3,0
3625,17/05/1999,137,13,16.7,1077.333333,12.07878788,0.53,360,4.3,0
3626,17/05/1999,137,14,17,886.5555556,12.02121212,0.53,360,4.3,0
3627,17/05/1999,137,15,16.7,707,11.94545455,0.55,360,4.3,0
3628,17/05/1999,137,16,16.2,190.7777778,11.86363636,0.55,360,4.3,0
3629,17/05/1999,137,17,12.7,56.11111111,11.76969697,0.81,360,4.3,0
3630,17/05/1999,137,18,12.3,44.88888889,11.70606061,0.9,360,4.3,0
3631,17/05/1999,137,19,12.5,33.66666667,11.65151515,0.94,360,4.3,0
3632,17/05/1999,137,20,12,0,11.64242424,0.95,360,4.3,0
3633,17/05/1999,137,21,12,0,11.65151515,0.95,360,4.3,0
3634,17/05/1999,137,22,11.7,0,11.68787879,0.97,360,4.3,0
3635,17/05/1999,137,23,11.7,0,11.72727273,0.98,360,4.3,0
3636,17/05/1999,137,24,11.6,0,11.8,0.98,360,2.1,0
3637,18/05/1999,138,1,11.7,0,11.90909091,1,360,2.1,0
3638,18/05/1999,138,2,11.9,0,12.07575758,1,360,2.1,0
3639,18/05/1999,138,3,12,0,12.32121212,1,360,2.1,0
3640,18/05/1999,138,4,11.3,0,12.61818182,0.98,360,2.1,0
3641,18/05/1999,138,5,11,11.22222222,12.96666667,0.98,360,2.1,0
3642,18/05/1999,138,6,11,101,13.35151515,0.95,360,2.1,0
3643,18/05/1999,138,7,11.8,303,13.70606061,0.92,360,2.1,0
3644,18/05/1999,138,8,13,774.3333333,14.06060606,0.86,360,2.1,0
3645,18/05/1999,138,9,15,1133.444444,14.41818182,0.79,360,2.1,0
3646,18/05/1999,138,10,16.9,1335.444444,14.64545455,0.75,360,2.1,0
3647,18/05/1999,138,11,17.2,1672.111111,14.80909091,0.66,360,2.1,0
3648,18/05/1999,138,12,19.2,1582.333333,14.90606061,0.68,360,2.1,0
3649,18/05/1999,138,13,19.5,1099.777778,14.92121212,0.67,360,2.1,0
3650,18/05/1999,138,14,19.2,1458.888889,14.84848485,0.69,360,2.1,0
3651,18/05/1999,138,15,20.3,1200.777778,14.78181818,0.6,360,2.1,0
3652,18/05/1999,138,16,21.5,965.1111111,14.66060606,0.57,360,2.1,0
3653,18/05/1999,138,17,18.9,662.1111111,14.55151515,0.64,360,2.1,0
3654,18/05/1999,138,18,18.2,325.4444444,14.4,0.69,360,2.1,0
3655,18/05/1999,138,19,16.6,101,14.36363636,0.76,360,2.1,0
3656,18/05/1999,138,20,16.2,0,14.32121212,0.79,360,2.1,0
3657,18/05/1999,138,21,14.5,0,14.26060606,0.86,360,2.1,0
3658,18/05/1999,138,22,14.5,0,14.21818182,0.84,360,2.1,0
3659,18/05/1999,138,23,13,0,14.22727273,0.89,360,2.1,0
3660,18/05/1999,138,24,13.1,0,14.36666667,0.89,360,1.6,0
3661,19/05/1999,139,1,11.2,0,14.50606061,0.92,360,1.6,0
3662,19/05/1999,139,2,11.5,0,14.73030303,0.96,360,1.6,0
3663,19/05/1999,139,3,10.9,0,14.94848485,0.97,360,1.6,0
3664,19/05/1999,139,4,10.5,0,15.17878788,0.98,360,1.6,0
3665,19/05/1999,139,5,10.6,22.44444444,15.24848485,0.99,360,1.6,0
3666,19/05/1999,139,6,12.3,157.1111111,15.40909091,0.98,360,1.6,0
3667,19/05/1999,139,7,16.3,650.8888889,15.61212121,0.85,360,1.6,0
3668,19/05/1999,139,8,16.3,965.1111111,15.74242424,0.74,360,1.6,0
3669,19/05/1999,139,9,19,1380.333333,15.85454545,0.62,360,1.6,0
3670,19/05/1999,139,10,18.9,1178.333333,15.98181818,0.66,360,1.6,0
3671,19/05/1999,139,11,19.5,1458.888889,15.9969697,0.62,360,1.6,0
3672,19/05/1999,139,12,14.3,650.8888889,15.93636364,0.86,360,1.6,0
3673,19/05/1999,139,13,16.6,594.7777778,15.83939394,0.78,360,1.6,0
3674,19/05/1999,139,14,17.7,606,15.66969697,0.88,360,1.6,0
3675,19/05/1999,139,15,15.3,493.7777778,15.47575758,0.87,360,1.6,0
3676,19/05/1999,139,16,15.5,336.6666667,15.28484848,0.89,360,1.6,0
3677,19/05/1999,139,17,17.2,808,15.05151515,0.72,360,1.6,0
3678,19/05/1999,139,18,15.5,291.7777778,14.78484848,0.87,360,1.6,0
3679,19/05/1999,139,19,14.9,134.6666667,14.59393939,0.86,360,1.6,0
3680,19/05/1999,139,20,14,22.44444444,14.4030303,0.9,360,1.6,0
3681,19/05/1999,139,21,13.6,0,14.25757576,0.94,360,1.6,0
3682,19/05/1999,139,22,13.1,0,14.11818182,0.96,360,1.6,0
3683,19/05/1999,139,23,12.9,0,14.02727273,0.97,360,1.6,0
3684,19/05/1999,139,24,12.6,0,13.93636364,0.99,360,3.1,0
3685,20/05/1999,140,1,12.7,0,13.9030303,0.99,360,3.1,0
3686,20/05/1999,140,2,12.6,0,13.86969697,1,360,3.1,0
3687,20/05/1999,140,3,11.9,0,13.9030303,1,360,3.1,0
3688,20/05/1999,140,4,11.8,0,13.92424242,1,360,3.1,0
3689,20/05/1999,140,5,11.6,0,13.97272727,1,360,3.1,0
3690,20/05/1999,140,6,11.5,33.66666667,14.04242424,1,360,3.1,0
3691,20/05/1999,140,7,11.5,44.88888889,14.10606061,1,360,3.1,0
3692,20/05/1999,140,8,11.9,168.3333333,14.11515152,1,360,3.1,0
3693,20/05/1999,140,9,12,145.8888889,14.00606061,1,360,3.1,0
3694,20/05/1999,140,10,12.3,224.4444444,13.8969697,1,360,3.1,0
3695,20/05/1999,140,11,12.2,224.4444444,13.70606061,1,360,3.1,0
3696,20/05/1999,140,12,12.5,280.5555556,13.51818182,1,360,3.1,0
3697,20/05/1999,140,13,12.8,235.6666667,13.3030303,1,360,3.1,0
3698,20/05/1999,140,14,12.7,235.6666667,13.23636364,1,360,3.1,0
3699,20/05/1999,140,15,12.6,101,13.09393939,1,360,3.1,0
3700,20/05/1999,140,16,12.7,89.77777778,12.92424242,1,360,3.1,0
3701,20/05/1999,140,17,12.7,33.66666667,12.82424242,1,360,3.1,0
3702,20/05/1999,140,18,12.7,22.44444444,12.71515152,0.99,360,3.1,0
3703,20/05/1999,140,19,12.7,11.22222222,12.53939394,0.99,360,3.1,0
3704,20/05/1999,140,20,12.4,0,12.41212121,1,360,3.1,0
3705,20/05/1999,140,21,12.1,0,12.2969697,1,360,3.1,0
3706,20/05/1999,140,22,11.9,0,12.21818182,1,360,3.1,0
3707,20/05/1999,140,23,12.1,0,12.16060606,1,360,3.1,0
3708,20/05/1999,140,24,12,0,12.11515152,1,360,3.5,0
3709,21/05/1999,141,1,11.9,0,12.1,1,360,3.5,0
3710,21/05/1999,141,2,11.4,0,12.12424242,1,360,3.5,0
3711,21/05/1999,141,3,11.3,0,12.21212121,1,360,3.5,0
3712,21/05/1999,141,4,11.1,0,12.35757576,1,360,3.5,0
3713,21/05/1999,141,5,11.4,33.66666667,12.56666667,1,360,3.5,0
3714,21/05/1999,141,6,11.7,157.1111111,12.79090909,1,360,3.5,0
3715,21/05/1999,141,7,11.6,213.2222222,13.03636364,0.99,360,3.5,0
3716,21/05/1999,141,8,12.4,291.7777778,13.26363636,0.96,360,3.5,0
3717,21/05/1999,141,9,13.4,561.1111111,13.47878788,0.93,360,3.5,0
3718,21/05/1999,141,10,15.6,1234.444444,13.61212121,0.84,360,3.5,0
3719,21/05/1999,141,11,17.4,1818,13.71515152,0.76,360,3.5,0
3720,21/05/1999,141,12,18.8,1930.222222,13.78787879,0.73,360,3.5,0
3721,21/05/1999,141,13,19.2,1795.555556,13.85151515,0.68,360,3.5,0
3722,21/05/1999,141,14,19.7,1425.222222,13.89393939,0.65,360,3.5,0
3723,21/05/1999,141,15,19,1122.222222,13.93636364,0.68,360,3.5,0
3724,21/05/1999,141,16,18.6,662.1111111,13.95757576,0.62,360,3.5,0
3725,21/05/1999,141,17,16.3,291.7777778,13.98484848,0.73,360,3.5,0
3726,21/05/1999,141,18,15.4,202,14.01515152,0.8,360,3.5,0
3727,21/05/1999,141,19,14.7,101,14.03939394,0.81,360,3.5,0
3728,21/05/1999,141,20,14.3,11.22222222,14.05454545,0.83,360,3.5,0
3729,21/05/1999,141,21,13.9,0,14.03333333,0.81,360,3.5,0
3730,21/05/1999,141,22,14.2,0,14.02424242,0.8,360,3.5,0
3731,21/05/1999,141,23,13.4,0,14.01818182,0.87,360,3.5,0
3732,21/05/1999,141,24,13.5,0,14.02121212,0.9,360,3.3,0
3733,22/05/1999,142,1,13.7,0,14.03636364,0.9,360,3.3,0
3734,22/05/1999,142,2,13.5,0,14.06363636,0.91,360,3.3,0
3735,22/05/1999,142,3,13.2,0,14.10909091,0.93,360,3.3,0
3736,22/05/1999,142,4,12,0,14.16969697,0.92,360,3.3,0
3737,22/05/1999,142,5,12.1,33.66666667,14.27575758,0.91,360,3.3,0
3738,22/05/1999,142,6,11.9,303,14.38181818,0.83,360,3.3,0
3739,22/05/1999,142,7,12,482.5555556,14.5,0.83,360,3.3,0
3740,22/05/1999,142,8,12.6,673.3333333,14.63939394,0.79,360,3.3,0
3741,22/05/1999,142,9,12.9,886.5555556,14.71515152,0.71,360,3.3,0
3742,22/05/1999,142,10,13.4,505,14.75757576,0.74,360,3.3,0
3743,22/05/1999,142,11,13.4,875.3333333,14.74545455,0.72,360,3.3,0
3744,22/05/1999,142,12,14.8,808,14.64545455,0.71,360,3.3,0
3745,22/05/1999,142,13,14.6,953.8888889,14.47878788,0.67,360,3.3,0
3746,22/05/1999,142,14,15.3,740.6666667,14.23333333,0.67,360,3.3,0
3747,22/05/1999,142,15,16.3,1066.111111,13.98181818,0.68,360,3.3,0
3748,22/05/1999,142,16,14.1,673.3333333,13.6969697,0.67,360,3.3,0
3749,22/05/1999,142,17,13.8,336.6666667,13.41212121,0.68,360,3.3,0
3750,22/05/1999,142,18,13,246.8888889,13.12727273,0.74,360,3.3,0
3751,22/05/1999,142,19,12.3,44.88888889,12.89090909,0.77,360,3.3,0
3752,22/05/1999,142,20,11.9,0,12.65757576,0.83,360,3.3,0
3753,22/05/1999,142,21,10.7,0,12.43333333,0.88,360,3.3,0
3754,22/05/1999,142,22,10.9,0,12.23030303,0.92,360,3.3,0
3755,22/05/1999,142,23,10.3,0,12.06363636,0.91,360,3.3,0
3756,22/05/1999,142,24,9.6,0,11.92424242,0.94,360,1.5,0
3757,23/05/1999,143,1,9.2,0,11.86060606,0.95,360,1.5,0
3758,23/05/1999,143,2,8.5,0,11.84848485,0.95,360,1.5,0
3759,23/05/1999,143,3,7.7,0,11.86666667,0.96,360,1.5,0
3760,23/05/1999,143,4,7.3,0,11.93030303,0.97,360,1.5,0
3761,23/05/1999,143,5,7.6,78.55555556,12.01515152,0.98,360,1.5,0
3762,23/05/1999,143,6,8.4,303,12.16666667,0.97,360,1.5,0
3763,23/05/1999,143,7,9.6,505,12.34848485,0.96,360,1.5,0
3764,23/05/1999,143,8,11.3,695.7777778,12.50606061,0.91,360,1.5,0
3765,23/05/1999,143,9,13.1,886.5555556,12.67575758,0.84,360,1.5,0
3766,23/05/1999,143,10,14.3,1402.777778,12.82424242,0.76,360,1.5,0
3767,23/05/1999,143,11,15.6,1761.888889,12.94848485,0.7,360,1.5,0
3768,23/05/1999,143,12,16,1907.777778,13.03030303,0.68,360,1.5,0
3769,23/05/1999,143,13,17,1874.111111,13.12424242,0.66,360,1.5,0
3770,23/05/1999,143,14,18.1,1829.222222,13.15454545,0.68,360,1.5,0
3771,23/05/1999,143,15,17.1,1054.888889,13.17272727,0.64,360,1.5,0
3772,23/05/1999,143,16,17.6,909,13.15454545,0.65,360,1.5,0
3773,23/05/1999,143,17,17.5,538.6666667,13.08787879,0.7,360,1.5,0
3774,23/05/1999,143,18,17,426.4444444,13.07575758,0.7,360,1.5,0
3775,23/05/1999,143,19,16.1,101,13.06969697,0.78,360,1.5,0
3776,23/05/1999,143,20,16.5,0,13.07272727,0.75,360,1.5,0
3777,23/05/1999,143,21,15.8,0,13.09393939,0.83,360,1.5,0
3778,23/05/1999,143,22,15.2,0,13.12727273,0.85,360,1.5,0
3779,23/05/1999,143,23,14.7,0,13.21818182,0.85,360,1.5,0
3780,23/05/1999,143,24,14.1,0,13.32727273,0.88,360,1.1,0
3781,24/05/1999,144,1,13.7,0,13.47575758,0.88,360,1.1,0
3782,24/05/1999,144,2,13.6,0,13.68181818,0.89,360,1.1,0
3783,24/05/1999,144,3,13.1,0,13.93636364,0.93,360,1.1,0
3784,24/05/1999,144,4,13,0,14.2,0.94,360,1.1,0
3785,24/05/1999,144,5,13,11.22222222,14.49090909,0.95,360,1.1,0
3786,24/05/1999,144,6,13.7,67.33333333,14.80606061,0.95,360,1.1,0
3787,24/05/1999,144,7,14.5,157.1111111,15.15151515,0.89,360,1.1,0
3788,24/05/1999,144,8,15.2,291.7777778,15.48181818,0.84,360,1.1,0
3789,24/05/1999,144,9,16.4,493.7777778,15.74848485,0.8,360,1.1,0
3790,24/05/1999,144,10,17.6,864.1111111,15.95454545,0.73,360,1.1,0
3791,24/05/1999,144,11,17.2,998.7777778,16.07575758,0.72,360,1.1,0
3792,24/05/1999,144,12,17.3,538.6666667,16.13333333,0.72,360,1.1,0
3793,24/05/1999,144,13,17.7,505,16.13030303,0.7,360,1.1,0
3794,24/05/1999,144,14,19,583.5555556,16.06363636,0.67,360,1.1,0
3795,24/05/1999,144,15,19.3,1021.222222,15.94242424,0.61,360,1.1,0
3796,24/05/1999,144,16,18.4,448.8888889,15.79393939,0.66,360,1.1,0
3797,24/05/1999,144,17,18.1,617.2222222,15.65454545,0.7,360,1.1,0
3798,24/05/1999,144,18,17.1,202,15.46969697,0.76,360,1.1,0
3799,24/05/1999,144,19,16.2,56.11111111,15.28181818,0.84,360,1.1,0
3800,24/05/1999,144,20,15.5,11.22222222,15.1,0.84,360,1.1,0
3801,24/05/1999,144,21,13.8,0,14.94545455,0.87,360,1.1,0
3802,24/05/1999,144,22,13,0,14.77878788,0.93,360,1.1,0
3803,24/05/1999,144,23,13.2,0,14.64545455,0.91,360,1.1,0
3804,24/05/1999,144,24,12.5,0,14.54242424,0.89,360,1.5,0
3805,25/05/1999,145,1,11.5,0,14.48787879,0.94,360,1.5,0
3806,25/05/1999,145,2,11.3,0,14.47272727,0.95,360,1.5,0
3807,25/05/1999,145,3,11,0,14.5030303,0.97,360,1.5,0
3808,25/05/1999,145,4,11,0,14.57272727,0.97,360,1.5,0
3809,25/05/1999,145,5,11,22.44444444,14.70606061,0.95,360,1.5,0
3810,25/05/1999,145,6,11.4,78.55555556,14.86666667,0.94,360,1.5,0
3811,25/05/1999,145,7,11.8,145.8888889,15.01818182,0.93,360,1.5,0
3812,25/05/1999,145,8,12.9,280.5555556,15.19393939,0.9,360,1.5,0
3813,25/05/1999,145,9,13.6,617.2222222,15.35151515,0.84,360,1.5,0
3814,25/05/1999,145,10,14.7,471.3333333,15.47575758,0.84,360,1.5,0
3815,25/05/1999,145,11,15.9,1200.777778,15.52727273,0.76,360,1.5,0
3816,25/05/1999,145,12,17.5,1997.555556,15.5030303,0.64,360,1.5,0
3817,25/05/1999,145,13,18.3,1739.444444,15.46060606,0.6,360,1.5,0
3818,25/05/1999,145,14,18,1627.222222,15.30909091,0.54,360,1.5,0
3819,25/05/1999,145,15,19.5,1571.111111,15.07878788,0.52,360,1.5,0
3820,25/05/1999,145,16,19.7,1301.777778,14.79393939,0.49,360,1.5,0
3821,25/05/1999,145,17,19.3,953.8888889,14.46969697,0.47,360,1.5,0
3822,25/05/1999,145,18,18.1,583.5555556,14.16363636,0.56,360,1.5,0
3823,25/05/1999,145,19,16.8,224.4444444,13.86060606,0.59,360,1.5,0
3824,25/05/1999,145,20,15.8,11.22222222,13.5969697,0.62,360,1.5,0
3825,25/05/1999,145,21,12.3,0,13.32727273,0.75,360,1.5,0
3826,25/05/1999,145,22,10.1,0,13.11515152,0.87,360,1.5,0
3827,25/05/1999,145,23,9.6,0,13.04242424,0.86,360,1.5,0
3828,25/05/1999,145,24,8.6,0,13.08484848,0.89,360,1.3,0
3829,26/05/1999,146,1,8.3,0,13.2,0.89,360,1.3,0
3830,26/05/1999,146,2,8.1,0,13.37878788,0.88,360,1.3,0
3831,26/05/1999,146,3,8.4,0,13.6030303,0.86,360,1.3,0
3832,26/05/1999,146,4,7.3,0,13.85757576,0.87,360,1.3,0
3833,26/05/1999,146,5,8.5,89.77777778,14.14848485,0.88,360,1.3,0
3834,26/05/1999,146,6,11.4,336.6666667,14.46666667,0.85,360,1.3,0
3835,26/05/1999,146,7,14.4,673.3333333,14.81818182,0.79,360,1.3,0
3836,26/05/1999,146,8,17,1043.666667,15.15757576,0.67,360,1.3,0
3837,26/05/1999,146,9,18.4,1380.333333,15.49090909,0.63,360,1.3,0
3838,26/05/1999,146,10,18.9,1627.222222,15.77878788,0.58,360,1.3,0
3839,26/05/1999,146,11,19.7,1862.888889,16.00606061,0.57,360,1.3,0
3840,26/05/1999,146,12,20.6,1919,16.13636364,0.54,360,1.3,0
3841,26/05/1999,146,13,21.5,1862.888889,16.15757576,0.53,360,1.3,0
3842,26/05/1999,146,14,22.6,1728.222222,16.07575758,0.46,360,1.3,0
3843,26/05/1999,146,15,22.6,1526.222222,15.95151515,0.44,360,1.3,0
3844,26/05/1999,146,16,22.8,1223.222222,15.82121212,0.4,360,1.3,0
3845,26/05/1999,146,17,22.4,886.5555556,15.68181818,0.45,360,1.3,0
3846,26/05/1999,146,18,21.1,505,15.44848485,0.47,360,1.3,0
3847,26/05/1999,146,19,19,202,15.18787879,0.54,360,1.3,0
3848,26/05/1999,146,20,16.6,22.44444444,14.97272727,0.66,360,1.3,0
3849,26/05/1999,146,21,14.8,0,14.77878788,0.7,360,1.3,0
3850,26/05/1999,146,22,14.2,0,14.63939394,0.72,360,1.3,0
3851,26/05/1999,146,23,13.7,0,14.6969697,0.76,360,1.3,0
3852,26/05/1999,146,24,14.9,0,14.92121212,0.69,360,2.3,0
3853,27/05/1999,147,1,12,0,15.24242424,0.82,360,2.3,0
3854,27/05/1999,147,2,10.7,0,15.63939394,0.88,360,2.3,0
3855,27/05/1999,147,3,11,0,16.09090909,0.87,360,2.3,0
3856,27/05/1999,147,4,10.4,0,16.5969697,0.91,360,2.3,0
3857,27/05/1999,147,5,11.2,89.77777778,17.12121212,0.89,360,2.3,0
3858,27/05/1999,147,6,14.2,359.1111111,17.6969697,0.83,360,2.3,0
3859,27/05/1999,147,7,17.5,695.7777778,18.25151515,0.76,360,2.3,0
3860,27/05/1999,147,8,20.2,1010,18.71818182,0.69,360,2.3,0
3861,27/05/1999,147,9,21.7,1223.222222,19.05454545,0.68,360,2.3,0
3862,27/05/1999,147,10,23.2,1335.444444,19.27575758,0.67,360,2.3,0
3863,27/05/1999,147,11,24.8,1761.888889,19.42727273,0.63,360,2.3,0
3864,27/05/1999,147,12,25.7,1885.333333,19.52121212,0.62,360,2.3,0
3865,27/05/1999,147,13,26.3,1874.111111,19.56969697,0.59,360,2.3,0
3866,27/05/1999,147,14,26.8,1705.777778,19.56666667,0.57,360,2.3,0
3867,27/05/1999,147,15,26.8,1167.111111,19.49393939,0.59,360,2.3,0
3868,27/05/1999,147,16,25.5,841.6666667,19.35454545,0.59,360,2.3,0
3869,27/05/1999,147,17,24.3,370.3333333,19.18181818,0.69,360,2.3,0
3870,27/05/1999,147,18,23.4,145.8888889,18.96363636,0.64,360,2.3,0
3871,27/05/1999,147,19,22,44.88888889,18.71212121,0.73,360,2.3,0
3872,27/05/1999,147,20,21.3,0,18.47575758,0.75,360,2.3,0
3873,27/05/1999,147,21,20.5,0,18.2969697,0.78,360,2.3,0
3874,27/05/1999,147,22,19.1,0,18.18484848,0.76,360,2.3,0
3875,27/05/1999,147,23,18,0,18.2,0.78,360,2.3,0
3876,27/05/1999,147,24,16.9,0,18.27575758,0.76,360,1.6,0
3877,28/05/1999,148,1,15.6,0,18.43939394,0.79,360,1.6,0
3878,28/05/1999,148,2,14.1,0,18.59393939,0.84,360,1.6,0
3879,28/05/1999,148,3,13.3,0,18.87272727,0.89,360,1.6,0
3880,28/05/1999,148,4,13.1,0,19.21818182,0.92,360,1.6,0
3881,28/05/1999,148,5,12.9,67.33333333,19.56363636,0.92,360,1.6,0
3882,28/05/1999,148,6,15.3,347.8888889,19.97575758,0.86,360,1.6,0
3883,28/05/1999,148,7,16.7,695.7777778,20.37878788,0.8,360,1.6,0
3884,28/05/1999,148,8,19.1,1054.888889,20.71212121,0.74,360,1.6,0
3885,28/05/1999,148,9,20,1380.333333,20.93030303,0.65,360,1.6,0
3886,28/05/1999,148,10,21.2,1660.888889,21.03030303,0.63,360,1.6,0
3887,28/05/1999,148,11,22.1,1851.666667,21.06969697,0.59,360,1.6,0
3888,28/05/1999,148,12,22.4,1649.666667,20.99393939,0.58,360,1.6,0
3889,28/05/1999,148,13,24,1885.333333,20.8,0.57,360,1.6,0
3890,28/05/1999,148,14,24.5,1818,20.53939394,0.57,360,1.6,0
3891,28/05/1999,148,15,25.2,1571.111111,20.23939394,0.56,360,1.6,0
3892,28/05/1999,148,16,24.7,1245.666667,19.93030303,0.51,360,1.6,0
3893,28/05/1999,148,17,23.5,886.5555556,19.61515152,0.63,360,1.6,0
3894,28/05/1999,148,18,23,527.4444444,19.35757576,0.63,360,1.6,0
3895,28/05/1999,148,19,20.7,202,19.16969697,0.68,360,1.6,0
3896,28/05/1999,148,20,18.4,22.44444444,18.97575758,0.76,360,1.6,0
3897,28/05/1999,148,21,17.1,0,18.81515152,0.82,360,1.6,0
3898,28/05/1999,148,22,16.4,0,18.67878788,0.86,360,1.6,0
3899,28/05/1999,148,23,16.6,0,18.61515152,0.84,360,1.6,0
3900,28/05/1999,148,24,16.4,0,18.66060606,0.86,360,2.1,0
3901,29/05/1999,149,1,17,0,18.79090909,0.85,360,2.1,0
3902,29/05/1999,149,2,18.1,0,18.99090909,0.87,360,2.1,0
3903,29/05/1999,149,3,17,0,19.24848485,0.92,360,2.1,0
3904,29/05/1999,149,4,16.7,0,19.57575758,0.95,360,2.1,0
3905,29/05/1999,149,5,16.8,67.33333333,19.95454545,0.93,360,2.1,0
3906,29/05/1999,149,6,18.4,258.1111111,20.34242424,0.91,360,2.1,0
3907,29/05/1999,149,7,20.6,650.8888889,20.72424242,0.82,360,2.1,0
3908,29/05/1999,149,8,22.3,1021.222222,21.05757576,0.74,360,2.1,0
3909,29/05/1999,149,9,23.5,1346.666667,21.34545455,0.69,360,2.1,0
3910,29/05/1999,149,10,24.1,1638.444444,21.55151515,0.64,360,2.1,0
3911,29/05/1999,149,11,24.9,1829.222222,21.69393939,0.62,360,2.1,0
3912,29/05/1999,149,12,25.8,1862.888889,21.77575758,0.57,360,2.1,0
3913,29/05/1999,149,13,25.9,1515,21.77575758,0.59,360,2.1,0
3914,29/05/1999,149,14,25.5,1593.555556,21.75757576,0.55,360,2.1,0
3915,29/05/1999,149,15,26.3,1458.888889,21.66969697,0.51,360,2.1,0
3916,29/05/1999,149,16,26.2,1111,21.50909091,0.54,360,2.1,0
3917,29/05/1999,149,17,25.9,852.8888889,21.32424242,0.56,360,2.1,0
3918,29/05/1999,149,18,24.7,381.5555556,21.13636364,0.63,360,2.1,0
3919,29/05/1999,149,19,23.9,258.1111111,20.96666667,0.65,360,2.1,0
3920,29/05/1999,149,20,22.1,33.66666667,20.76666667,0.72,360,2.1,0
3921,29/05/1999,149,21,21.8,0,20.60909091,0.73,360,2.1,0
3922,29/05/1999,149,22,21.1,0,20.52424242,0.75,360,2.1,0
3923,29/05/1999,149,23,19.2,0,20.5030303,0.84,360,2.1,0
3924,29/05/1999,149,24,19.1,0,20.51212121,0.89,360,1.6,0
3925,30/05/1999,150,1,18.5,0,20.52424242,0.92,360,1.6,0
3926,30/05/1999,150,2,17.9,0,20.56969697,0.96,360,1.6,0
3927,30/05/1999,150,3,16.4,0,20.66666667,0.97,360,1.6,0
3928,30/05/1999,150,4,15.5,0,20.81818182,1,360,1.6,0
3929,30/05/1999,150,5,15.6,56.11111111,21.03333333,1,360,1.6,0
3930,30/05/1999,150,6,16.4,112.2222222,21.26363636,1,360,1.6,0
3931,30/05/1999,150,7,16.7,145.8888889,21.46060606,1,360,1.6,0
3932,30/05/1999,150,8,17,280.5555556,21.65151515,0.99,360,1.6,0
3933,30/05/1999,150,9,17.9,448.8888889,21.76060606,1,360,1.6,0
3934,30/05/1999,150,10,20.2,1481.333333,21.7969697,0.94,360,1.6,0
3935,30/05/1999,150,11,23.1,1717,21.77272727,0.79,360,1.6,0
3936,30/05/1999,150,12,24.1,1874.111111,21.68484848,0.67,360,1.6,0
3937,30/05/1999,150,13,24.3,1279.333333,21.51818182,0.68,360,1.6,0
3938,30/05/1999,150,14,23.3,1301.777778,21.26969697,0.66,360,1.6,0
3939,30/05/1999,150,15,24.7,1414,21.01212121,0.58,360,1.6,0
3940,30/05/1999,150,16,24.2,1256.888889,20.73636364,0.59,360,1.6,0
3941,30/05/1999,150,17,23.5,875.3333333,20.40606061,0.62,360,1.6,0
3942,30/05/1999,150,18,22.7,538.6666667,20.05151515,0.66,360,1.6,0
3943,30/05/1999,150,19,21.2,213.2222222,19.6969697,0.76,360,1.6,0
3944,30/05/1999,150,20,19.4,22.44444444,19.35757576,0.83,360,1.6,0
3945,30/05/1999,150,21,17.6,0,19.03939394,0.89,360,1.6,0
3946,30/05/1999,150,22,17.4,0,18.75757576,0.91,360,1.6,0
3947,30/05/1999,150,23,16.4,0,18.5,0.94,360,1.6,0
3948,30/05/1999,150,24,15.4,0,18.3,0.98,360,1.6,0
3949,31/05/1999,151,1,14.5,0,18.2030303,1,360,1.6,0
3950,31/05/1999,151,2,14.2,0,18.16060606,1,360,1.6,0
3951,31/05/1999,151,3,13.5,0,18.16060606,1,360,1.6,0
3952,31/05/1999,151,4,13.4,0,18.26969697,1,360,1.6,0
3953,31/05/1999,151,5,12.8,22.44444444,18.43030303,1,360,1.6,0
3954,31/05/1999,151,6,13.3,56.11111111,18.63030303,1,360,1.6,0
3955,31/05/1999,151,7,14.5,179.5555556,18.84848485,1,360,1.6,0
3956,31/05/1999,151,8,16,437.6666667,19.02121212,0.93,360,1.6,0
3957,31/05/1999,151,9,17.7,931.4444444,19.18484848,0.84,360,1.6,0
3958,31/05/1999,151,10,18.5,1357.888889,19.31818182,0.76,360,1.6,0
3959,31/05/1999,151,11,21.5,1784.333333,19.42121212,0.72,360,1.6,0
3960,31/05/1999,151,12,21.7,1784.333333,19.38181818,0.67,360,1.6,0
3961,31/05/1999,151,13,22.1,1256.888889,19.20606061,0.66,360,1.6,0
3962,31/05/1999,151,14,22.8,1593.555556,18.98787879,0.64,360,1.6,0
3963,31/05/1999,151,15,22.1,1133.444444,18.73939394,0.68,360,1.6,0
3964,31/05/1999,151,16,22.1,729.4444444,18.4969697,0.65,360,1.6,0
3965,31/05/1999,151,17,21.4,460.1111111,18.22424242,0.71,360,1.6,0
3966,31/05/1999,151,18,21.3,392.7777778,17.95151515,0.71,360,1.6,0
3967,31/05/1999,151,19,18.9,179.5555556,17.6969697,0.76,360,1.6,0
3968,31/05/1999,151,20,17.3,11.22222222,17.44545455,0.85,360,1.6,0
3969,31/05/1999,151,21,16.9,0,17.21818182,0.86,360,1.6,0
3970,31/05/1999,151,22,16.1,0,17.06666667,0.86,360,1.6,0
3971,31/05/1999,151,23,15.3,0,16.99393939,0.9,360,1.6,0
3972,31/05/1999,151,24,15.7,0,16.97878788,0.9,360,2.2,0
3973,01/06/1999,151,1,15.2,0,17.02121212,0.93,360,2.2,0
3974,01/06/1999,151,2,15.1,0,17.12727273,0.95,360,2.2,0
3975,01/06/1999,151,3,14.4,0,17.33636364,0.96,360,2.2,0
3976,01/06/1999,151,4,13.7,0,17.55151515,0.98,360,2.2,0
3977,01/06/1999,151,5,14.4,89.77777778,17.84848485,1,360,2.2,0
3978,01/06/1999,151,6,15.2,190.7777778,18.18787879,0.98,360,2.2,0
3979,01/06/1999,151,7,16.9,448.8888889,18.53636364,0.94,360,2.2,0
3980,01/06/1999,151,8,17.8,673.3333333,18.89393939,0.89,360,2.2,0
3981,01/06/1999,151,9,18.9,516.2222222,19.16363636,0.85,360,2.2,0
3982,01/06/1999,151,10,21.4,1054.888889,19.4,0.8,360,2.2,0
3983,01/06/1999,151,11,21.3,998.7777778,19.57575758,0.76,360,2.2,0
3984,01/06/1999,151,12,23.3,1414,19.68181818,0.73,360,2.2,0
3985,01/06/1999,151,13,24.6,1559.888889,19.65757576,0.7,360,2.2,0
3986,01/06/1999,151,14,24.3,1223.222222,19.58787879,0.69,360,2.2,0
3987,01/06/1999,151,15,25.1,1212,19.48181818,0.68,360,2.2,0
3988,01/06/1999,151,16,23.4,516.2222222,19.34848485,0.76,360,2.2,0
3989,01/06/1999,151,17,23.8,415.2222222,19.25757576,0.75,360,2.2,0
3990,01/06/1999,151,18,23.5,448.8888889,19.15151515,0.76,360,2.2,0
3991,01/06/1999,151,19,22,280.5555556,19.06060606,0.8,360,2.2,0
3992,01/06/1999,151,20,20.7,22.44444444,18.97878788,0.86,360,2.2,0
3993,01/06/1999,151,21,19.4,0,18.98787879,0.87,360,2.2,0
3994,01/06/1999,151,22,18.6,0,19.04545455,0.89,360,2.2,0
3995,01/06/1999,151,23,18.4,0,19.12121212,0.91,360,2.2,0
3996,01/06/1999,151,24,19.1,0,19.24545455,0.89,360,4.4,0
3997,02/06/1999,152,1,18.6,0,19.42121212,0.91,360,4.4,0
3998,02/06/1999,152,2,18.4,0,19.57272727,0.95,360,4.4,0
3999,02/06/1999,152,3,18.6,0,19.71515152,0.98,360,4.4,0
4000,02/06/1999,152,4,19.2,0,19.90909091,0.96,360,4.4,0
4001,02/06/1999,152,5,19.2,44.88888889,20.15757576,0.95,360,4.4,0
4002,02/06/1999,152,6,19.4,202,20.4030303,0.88,360,4.4,0
4003,02/06/1999,152,7,20.2,381.5555556,20.55151515,0.85,360,4.4,0
4004,02/06/1999,152,8,21.1,976.3333333,20.67878788,0.8,360,4.4,0
4005,02/06/1999,152,9,20.7,1144.666667,20.73030303,0.77,360,4.4,0
4006,02/06/1999,152,10,19.9,628.4444444,20.75151515,0.77,360,4.4,0
4007,02/06/1999,152,11,21.5,1761.888889,20.72424242,0.66,360,4.4,0
4008,02/06/1999,152,12,22.6,1559.888889,20.58787879,0.6,360,4.4,0
4009,02/06/1999,152,13,21.8,1414,20.43333333,0.56,360,4.4,0
4010,02/06/1999,152,14,19.3,538.6666667,20.18484848,0.67,360,4.4,0
4011,02/06/1999,152,15,19.4,650.8888889,19.86060606,0.69,360,4.4,0
4012,02/06/1999,152,16,18.6,920.2222222,19.50606061,0.67,360,4.4,0
4013,02/06/1999,152,17,18.5,303,19.11212121,0.76,360,4.4,0
4014,02/06/1999,152,18,18,448.8888889,18.74848485,0.7,360,4.4,0
4015,02/06/1999,152,19,16.9,213.2222222,18.36060606,0.7,360,4.4,0
4016,02/06/1999,152,20,16.2,33.66666667,17.96666667,0.76,360,4.4,0
4017,02/06/1999,152,21,15.1,0,17.6,0.75,360,4.4,0
4018,02/06/1999,152,22,13.9,0,17.29393939,0.78,360,4.4,0
4019,02/06/1999,152,23,12.6,0,17.06969697,0.8,360,4.4,0
4020,02/06/1999,152,24,12.1,0,16.93939394,0.81,360,4,0
4021,03/06/1999,153,1,11.4,0,16.87878788,0.84,360,4,0
4022,03/06/1999,153,2,11,0,16.8,0.87,360,4,0
4023,03/06/1999,153,3,10.5,0,16.77878788,0.9,360,4,0
4024,03/06/1999,153,4,9.9,0,16.75757576,0.93,360,4,0
4025,03/06/1999,153,5,10.6,89.77777778,16.59090909,0.95,360,4,0
4026,03/06/1999,153,6,12,246.8888889,16.48787879,0.94,360,4,0
4027,03/06/1999,153,7,14.3,617.2222222,16.49090909,0.86,360,4,0
4028,03/06/1999,153,8,16.4,1054.888889,16.49090909,0.77,360,4,0
4029,03/06/1999,153,9,16.5,718.2222222,16.44242424,0.69,360,4,0
4030,03/06/1999,153,10,17.9,808,16.26969697,0.67,360,4,0
4031,03/06/1999,153,11,17.7,471.3333333,16.05757576,0.67,360,4,0
4032,03/06/1999,153,12,13.1,448.8888889,15.88484848,0.93,360,4,0
4033,03/06/1999,153,13,15.8,1346.666667,15.66363636,0.96,360,4,0
4034,03/06/1999,153,14,19.3,1638.444444,15.39090909,0.8,360,4,0
4035,03/06/1999,153,15,19.4,1066.111111,15.14848485,0.65,360,4,0
4036,03/06/1999,153,16,18.6,751.8888889,14.99090909,0.6,360,4,0
4037,03/06/1999,153,17,15.4,437.6666667,14.8030303,0.69,360,4,0
4038,03/06/1999,153,18,13.7,134.6666667,14.64242424,0.84,360,4,0
4039,03/06/1999,153,19,14.2,246.8888889,14.47575758,0.85,360,4,0
4040,03/06/1999,153,20,14.2,11.22222222,14.31515152,0.86,360,4,0
4041,03/06/1999,153,21,13.6,0,14.18181818,0.88,360,4,0
4042,03/06/1999,153,22,13.8,0,14.06969697,0.89,360,4,0
4043,03/06/1999,153,23,14.1,0,14.00606061,0.86,360,4,0
4044,03/06/1999,153,24,13.2,0,14.00606061,0.91,360,4.2,0
4045,04/06/1999,154,1,13.3,0,14.03636364,0.9,360,4.2,0
4046,04/06/1999,154,2,13,0,14.11212121,0.89,360,4.2,0
4047,04/06/1999,154,3,12.7,0,14.22121212,0.88,360,4.2,0
4048,04/06/1999,154,4,12.5,0,14.36060606,0.89,360,4.2,0
4049,04/06/1999,154,5,12.5,56.11111111,14.52727273,0.89,360,4.2,0
4050,04/06/1999,154,6,13,370.3333333,14.68181818,0.84,360,4.2,0
4051,04/06/1999,154,7,13.9,549.8888889,14.83939394,0.83,360,4.2,0
4052,04/06/1999,154,8,13.6,404,14.96060606,0.85,360,4.2,0
4053,04/06/1999,154,9,14.6,347.8888889,14.9969697,0.82,360,4.2,0
4054,04/06/1999,154,10,15,538.6666667,14.92727273,0.8,360,4.2,0
4055,04/06/1999,154,11,15.6,460.1111111,14.85454545,0.79,360,4.2,0
4056,04/06/1999,154,12,16,852.8888889,14.73333333,0.8,360,4.2,0
4057,04/06/1999,154,13,15,415.2222222,14.61212121,0.87,360,4.2,0
4058,04/06/1999,154,14,15.8,561.1111111,14.62727273,0.87,360,4.2,0
4059,04/06/1999,154,15,16,460.1111111,14.54848485,0.84,360,4.2,0
4060,04/06/1999,154,16,15.5,280.5555556,14.33636364,0.85,360,4.2,0
4061,04/06/1999,154,17,14.1,56.11111111,14.11515152,0.96,360,4.2,0
4062,04/06/1999,154,18,14.1,67.33333333,13.9030303,0.99,360,4.2,0
4063,04/06/1999,154,19,13.9,33.66666667,13.76363636,1,360,4.2,0
4064,04/06/1999,154,20,13.7,0,13.64848485,1,360,4.2,0
4065,04/06/1999,154,21,13.6,0,13.5030303,0.99,360,4.2,0
4066,04/06/1999,154,22,13.2,0,13.37272727,0.98,360,4.2,0
4067,04/06/1999,154,23,12.3,0,13.27575758,0.96,360,4.2,0
4068,04/06/1999,154,24,12.1,0,13.18787879,0.96,360,4.3,0
4069,05/06/1999,155,1,11.6,0,13.10909091,0.97,360,4.3,0
4070,05/06/1999,155,2,10.8,0,13.11515152,0.94,360,4.3,0
4071,05/06/1999,155,3,9.9,0,13.13030303,0.95,360,4.3,0
4072,05/06/1999,155,4,9.4,0,13.16969697,0.95,360,4.3,0
4073,05/06/1999,155,5,9.9,22.44444444,13.18484848,0.94,360,4.3,0
4074,05/06/1999,155,6,10.4,44.88888889,13.23939394,0.95,360,4.3,0
4075,05/06/1999,155,7,10.9,157.1111111,13.34242424,0.95,360,4.3,0
4076,05/06/1999,155,8,11.5,246.8888889,13.45757576,0.93,360,4.3,0
4077,05/06/1999,155,9,13.4,1088.555556,13.54242424,0.86,360,4.3,0
4078,05/06/1999,155,10,13.8,1391.555556,13.61818182,0.79,360,4.3,0
4079,05/06/1999,155,11,14.3,1200.777778,13.63636364,0.79,360,4.3,0
4080,05/06/1999,155,12,13.2,1032.444444,13.63939394,0.87,360,4.3,0
4081,05/06/1999,155,13,14.3,796.7777778,13.59393939,0.89,360,4.3,0
4082,05/06/1999,155,14,15.9,1739.444444,13.51515152,0.74,360,4.3,0
4083,05/06/1999,155,15,16.8,1245.666667,13.42727273,0.69,360,4.3,0
4084,05/06/1999,155,16,16.7,953.8888889,13.29393939,0.76,360,4.3,0
4085,05/06/1999,155,17,16.1,774.3333333,13.13333333,0.64,360,4.3,0
4086,05/06/1999,155,18,15.2,493.7777778,13,0.75,360,4.3,0
4087,05/06/1999,155,19,15.1,157.1111111,12.90606061,0.67,360,4.3,0
4088,05/06/1999,155,20,14.1,22.44444444,12.82424242,0.66,360,4.3,0
4089,05/06/1999,155,21,13.4,0,12.75454545,0.72,360,4.3,0
4090,05/06/1999,155,22,12.1,0,12.67272727,0.8,360,4.3,0
4091,05/06/1999,155,23,11.4,0,12.62121212,0.82,360,4.3,0
4092,05/06/1999,155,24,10.7,0,12.58787879,0.88,360,3.9,0
4093,06/06/1999,156,1,11.1,0,12.62424242,0.9,360,3.9,0
4094,06/06/1999,156,2,11,0,12.66363636,0.88,360,3.9,0
4095,06/06/1999,156,3,11.4,0,12.74545455,0.87,360,3.9,0
4096,06/06/1999,156,4,11.6,0,12.87575758,0.85,360,3.9,0
4097,06/06/1999,156,5,11,22.44444444,13.04848485,0.84,360,3.9,0
4098,06/06/1999,156,6,11.9,179.5555556,13.24545455,0.85,360,3.9,0
4099,06/06/1999,156,7,12.1,639.6666667,13.45151515,0.78,360,3.9,0
4100,06/06/1999,156,8,13.5,830.4444444,13.67878788,0.76,360,3.9,0
4101,06/06/1999,156,9,13.4,1189.555556,13.89393939,0.7,360,3.9,0
4102,06/06/1999,156,10,14.3,729.4444444,14.04242424,0.71,360,3.9,0
4103,06/06/1999,156,11,15.1,1032.444444,14.10909091,0.68,360,3.9,0
4104,06/06/1999,156,12,15.6,1256.888889,14.11212121,0.67,360,3.9,0
4105,06/06/1999,156,13,15.9,1537.444444,14.07575758,0.63,360,3.9,0
4106,06/06/1999,156,14,16.7,1133.444444,14.07575758,0.62,360,3.9,0
4107,06/06/1999,156,15,17.9,1189.555556,14.04545455,0.59,360,3.9,0
4108,06/06/1999,156,16,18,1054.888889,13.95151515,0.56,360,3.9,0
4109,06/06/1999,156,17,16.4,662.1111111,13.82424242,0.59,360,3.9,0
4110,06/06/1999,156,18,15.6,202,13.67272727,0.64,360,3.9,0
4111,06/06/1999,156,19,13.9,101,13.53030303,0.74,360,3.9,0
4112,06/06/1999,156,20,13.1,11.22222222,13.43030303,0.8,360,3.9,0
4113,06/06/1999,156,21,13.2,0,13.31818182,0.83,360,3.9,0
4114,06/06/1999,156,22,13.3,0,13.23636364,0.78,360,3.9,0
4115,06/06/1999,156,23,12.8,0,13.21515152,0.79,360,3.9,0
4116,06/06/1999,156,24,12.6,0,13.29393939,0.77,360,2.7,0
4117,07/06/1999,157,1,11.7,0,13.41212121,0.83,360,2.7,0
4118,07/06/1999,157,2,11.4,0,13.48484848,0.85,360,2.7,0
4119,07/06/1999,157,3,11.9,0,13.63333333,0.84,360,2.7,0
4120,07/06/1999,157,4,11.4,0,13.81818182,0.87,360,2.7,0
4121,07/06/1999,157,5,11.4,33.66666667,13.97575758,0.88,360,2.7,0
4122,07/06/1999,157,6,12.7,246.8888889,14.16060606,0.87,360,2.7,0
4123,07/06/1999,157,7,14.7,763.1111111,14.24242424,0.81,360,2.7,0
4124,07/06/1999,157,8,15.3,976.3333333,14.28181818,0.73,360,2.7,0
4125,07/06/1999,157,9,13.1,796.7777778,14.33939394,0.84,360,2.7,0
4126,07/06/1999,157,10,16,998.7777778,14.31515152,0.78,360,2.7,0
4127,07/06/1999,157,11,17.1,1346.666667,14.30909091,0.73,360,2.7,0
4128,07/06/1999,157,12,16.6,1111,14.26363636,0.73,360,2.7,0
4129,07/06/1999,157,13,17.7,1952.666667,14.16969697,0.64,360,2.7,0
4130,07/06/1999,157,14,13.7,482.5555556,14.04242424,0.87,360,2.7,0
4131,07/06/1999,157,15,13.2,246.8888889,13.86969697,0.9,360,2.7,0
4132,07/06/1999,157,16,14,673.3333333,13.63333333,0.86,360,2.7,0
4133,07/06/1999,157,17,12.7,426.4444444,13.35151515,0.82,360,2.7,0
4134,07/06/1999,157,18,13.2,314.2222222,13.09393939,0.83,360,2.7,0
4135,07/06/1999,157,19,12.8,325.4444444,12.88181818,0.8,360,2.7,0
4136,07/06/1999,157,20,12,33.66666667,12.68484848,0.88,360,2.7,0
4137,07/06/1999,157,21,11.4,0,12.50909091,0.86,360,2.7,0
4138,07/06/1999,157,22,10.2,0,12.37272727,0.91,360,2.7,0
4139,07/06/1999,157,23,8.9,0,12.26666667,0.92,360,2.7,0
4140,07/06/1999,157,24,8.6,0,12.17878788,0.95,360,2.4,0
4141,08/06/1999,158,1,9.5,0,12.17575758,0.96,360,2.4,0
4142,08/06/1999,158,2,9.4,0,12.18787879,0.95,360,2.4,0
4143,08/06/1999,158,3,9.1,0,12.23333333,0.95,360,2.4,0
4144,08/06/1999,158,4,8.1,0,12.29393939,0.96,360,2.4,0
4145,08/06/1999,158,5,8.6,101,12.4,0.95,360,2.4,0
4146,08/06/1999,158,6,9.7,258.1111111,12.50909091,0.88,360,2.4,0
4147,08/06/1999,158,7,10.4,336.6666667,12.61818182,0.82,360,2.4,0
4148,08/06/1999,158,8,12.7,953.8888889,12.68484848,0.74,360,2.4,0
4149,08/06/1999,158,9,13,1402.777778,12.68787879,0.61,360,2.4,0
4150,08/06/1999,158,10,13.2,1290.555556,12.65151515,0.48,360,2.4,0
4151,08/06/1999,158,11,13.4,1380.333333,12.65757576,0.51,360,2.4,0
4152,08/06/1999,158,12,15.4,1436.444444,12.56969697,0.48,360,2.4,0
4153,08/06/1999,158,13,15,1167.111111,12.43939394,0.49,360,2.4,0
4154,08/06/1999,158,14,15,976.3333333,12.28787879,0.48,360,2.4,0
4155,08/06/1999,158,15,14.9,1167.111111,12.1,0.53,360,2.4,0
4156,08/06/1999,158,16,14.8,628.4444444,12.02121212,0.51,360,2.4,0
4157,08/06/1999,158,17,14.1,707,11.95151515,0.56,360,2.4,0
4158,08/06/1999,158,18,13.3,112.2222222,11.85454545,0.61,360,2.4,0
4159,08/06/1999,158,19,13.1,112.2222222,11.7969697,0.65,360,2.4,0
4160,08/06/1999,158,20,12.8,22.44444444,11.72121212,0.7,360,2.4,0
4161,08/06/1999,158,21,11.6,0,11.63636364,0.76,360,2.4,0
4162,08/06/1999,158,22,11.5,0,11.59393939,0.74,360,2.4,0
4163,08/06/1999,158,23,11.1,0,11.62424242,0.78,360,2.4,0
4164,08/06/1999,158,24,10.9,0,11.72424242,0.79,360,1.2,0
4165,09/06/1999,159,1,10.8,0,11.91212121,0.79,360,1.2,0
4166,09/06/1999,159,2,10.8,0,12.16060606,0.79,360,1.2,0
4167,09/06/1999,159,3,10.7,0,12.4030303,0.78,360,1.2,0
4168,09/06/1999,159,4,10,0,12.64545455,0.85,360,1.2,0
4169,09/06/1999,159,5,10.6,44.88888889,12.90606061,0.87,360,1.2,0
4170,09/06/1999,159,6,12.4,179.5555556,13.18484848,0.78,360,1.2,0
4171,09/06/1999,159,7,13.5,426.4444444,13.50606061,0.67,360,1.2,0
4172,09/06/1999,159,8,15.1,852.8888889,13.76363636,0.6,360,1.2,0
4173,09/06/1999,159,9,16.8,1369.111111,13.98787879,0.56,360,1.2,0
4174,09/06/1999,159,10,17.5,1223.222222,14.15151515,0.55,360,1.2,0
4175,09/06/1999,159,11,17.4,931.4444444,14.28484848,0.53,360,1.2,0
4176,09/06/1999,159,12,17.7,1021.222222,14.37878788,0.5,360,1.2,0
4177,09/06/1999,159,13,17.3,808,14.43939394,0.56,360,1.2,0
4178,09/06/1999,159,14,19.2,1212,14.4,0.52,360,1.2,0
4179,09/06/1999,159,15,18.2,931.4444444,14.35757576,0.54,360,1.2,0
4180,09/06/1999,159,16,17.8,763.1111111,14.31212121,0.58,360,1.2,0
4181,09/06/1999,159,17,18.1,864.1111111,14.25454545,0.53,360,1.2,0
4182,09/06/1999,159,18,17.4,594.7777778,14.17272727,0.56,360,1.2,0
4183,09/06/1999,159,19,16.3,235.6666667,14.0969697,0.63,360,1.2,0
4184,09/06/1999,159,20,15.4,44.88888889,14.03333333,0.66,360,1.2,0
4185,09/06/1999,159,21,14.1,0,13.96363636,0.72,360,1.2,0
4186,09/06/1999,159,22,13.6,0,13.92727273,0.79,360,1.2,0
4187,09/06/1999,159,23,13.5,0,13.97575758,0.77,360,1.2,0
4188,09/06/1999,159,24,13,0,14.06666667,0.82,360,1.6,0
4189,10/06/1999,160,1,12.1,0,14.2,0.86,360,1.6,0
4190,10/06/1999,160,2,11.6,0,14.40909091,0.9,360,1.6,0
4191,10/06/1999,160,3,11.2,0,14.58484848,0.92,360,1.6,0
4192,10/06/1999,160,4,10.8,0,14.80606061,0.94,360,1.6,0
4193,10/06/1999,160,5,11.6,44.88888889,15.04848485,0.95,360,1.6,0
4194,10/06/1999,160,6,13.2,190.7777778,15.29090909,0.93,360,1.6,0
4195,10/06/1999,160,7,14.5,505,15.53333333,0.84,360,1.6,0
4196,10/06/1999,160,8,15.5,426.4444444,15.76666667,0.76,360,1.6,0
4197,10/06/1999,160,9,17.8,1380.333333,15.98484848,0.62,360,1.6,0
4198,10/06/1999,160,10,16.6,830.4444444,16.07878788,0.65,360,1.6,0
4199,10/06/1999,160,11,18.1,583.5555556,16.08181818,0.57,360,1.6,0
4200,10/06/1999,160,12,18.7,1043.666667,16.04242424,0.55,360,1.6,0
4201,10/06/1999,160,13,18,808,15.97272727,0.64,360,1.6,0
4202,10/06/1999,160,14,18.6,1223.222222,15.86969697,0.56,360,1.6,0
4203,10/06/1999,160,15,20.1,1021.222222,15.75757576,0.58,360,1.6,0
4204,10/06/1999,160,16,20.7,1133.444444,15.54545455,0.54,360,1.6,0
4205,10/06/1999,160,17,18.2,1021.222222,15.34848485,0.56,360,1.6,0
4206,10/06/1999,160,18,16.9,202,15.15757576,0.62,360,1.6,0
4207,10/06/1999,160,19,16.2,56.11111111,14.92424242,0.66,360,1.6,0
4208,10/06/1999,160,20,15.1,11.22222222,14.68181818,0.63,360,1.6,0
4209,10/06/1999,160,21,14.3,0,14.46363636,0.64,360,1.6,0
4210,10/06/1999,160,22,13.6,0,14.29393939,0.67,360,1.6,0
4211,10/06/1999,160,23,12.2,0,14.19393939,0.72,360,1.6,0
4212,10/06/1999,160,24,11.7,0,14.18181818,0.79,360,1.9,0
4213,11/06/1999,161,1,11.5,0,14.2030303,0.82,360,1.9,0
4214,11/06/1999,161,2,10.4,0,14.27272727,0.85,360,1.9,0
4215,11/06/1999,161,3,9.4,0,14.40909091,0.9,360,1.9,0
4216,11/06/1999,161,4,9.1,11.22222222,14.6030303,0.92,360,1.9,0
4217,11/06/1999,161,5,9.8,89.77777778,14.78484848,0.93,360,1.9,0
4218,11/06/1999,161,6,10.8,325.4444444,15.01818182,0.89,360,1.9,0
4219,11/06/1999,161,7,13.2,639.6666667,15.21818182,0.73,360,1.9,0
4220,11/06/1999,161,8,14.2,1043.666667,15.34545455,0.61,360,1.9,0
4221,11/06/1999,161,9,15.3,1380.333333,15.43939394,0.55,360,1.9,0
4222,11/06/1999,161,10,16.6,1470.111111,15.48181818,0.55,360,1.9,0
4223,11/06/1999,161,11,18,1414,15.45151515,0.53,360,1.9,0
4224,11/06/1999,161,12,17.2,1773.111111,15.43636364,0.49,360,1.9,0
4225,11/06/1999,161,13,18.5,1313,15.3030303,0.49,360,1.9,0
4226,11/06/1999,161,14,18.2,998.7777778,15.1030303,0.5,360,1.9,0
4227,11/06/1999,161,15,17.4,763.1111111,14.8969697,0.55,360,1.9,0
4228,11/06/1999,161,16,17.6,684.5555556,14.66666667,0.53,360,1.9,0
4229,11/06/1999,161,17,16.9,617.2222222,14.35454545,0.55,360,1.9,0
4230,11/06/1999,161,18,16.8,527.4444444,14.02727273,0.57,360,1.9,0
4231,11/06/1999,161,19,16.1,303,13.76363636,0.62,360,1.9,0
4232,11/06/1999,161,20,13.7,56.11111111,13.56060606,0.73,360,1.9,0
4233,11/06/1999,161,21,12.1,0,13.36666667,0.83,360,1.9,0
4234,11/06/1999,161,22,11.2,0,13.20606061,0.87,360,1.9,0
4235,11/06/1999,161,23,11,0,13.15454545,0.89,360,1.9,0
4236,11/06/1999,161,24,9.8,0,13.16969697,0.91,360,1.3,0
4237,12/06/1999,162,1,9.9,0,13.27878788,0.93,360,1.3,0
4238,12/06/1999,162,2,9.5,0,13.45151515,0.94,360,1.3,0
4239,12/06/1999,162,3,10.2,0,13.66363636,0.95,360,1.3,0
4240,12/06/1999,162,4,9.8,0,13.89393939,0.95,360,1.3,0
4241,12/06/1999,162,5,9.8,56.11111111,14.19090909,0.95,360,1.3,0
4242,12/06/1999,162,6,12.6,280.5555556,14.4969697,0.92,360,1.3,0
4243,12/06/1999,162,7,14.1,650.8888889,14.80909091,0.77,360,1.3,0
4244,12/06/1999,162,8,15.8,1021.222222,15.08181818,0.65,360,1.3,0
4245,12/06/1999,162,9,17.4,1369.111111,15.28181818,0.59,360,1.3,0
4246,12/06/1999,162,10,18.5,1582.333333,15.47878788,0.53,360,1.3,0
4247,12/06/1999,162,11,18,1515,15.61212121,0.5,360,1.3,0
4248,12/06/1999,162,12,19.2,1806.777778,15.6,0.48,360,1.3,0
4249,12/06/1999,162,13,19.2,1032.444444,15.51212121,0.47,360,1.3,0
4250,12/06/1999,162,14,20.1,695.7777778,15.40909091,0.48,360,1.3,0
4251,12/06/1999,162,15,19.8,1021.222222,15.29090909,0.46,360,1.3,0
4252,12/06/1999,162,16,19.8,314.2222222,15.17575758,0.48,360,1.3,0
4253,12/06/1999,162,17,20.7,785.5555556,15.04545455,0.42,360,1.3,0
4254,12/06/1999,162,18,19.7,549.8888889,14.90909091,0.53,360,1.3,0
4255,12/06/1999,162,19,16.2,157.1111111,14.7969697,0.64,360,1.3,0
4256,12/06/1999,162,20,15.1,22.44444444,14.68484848,0.64,360,1.3,0
4257,12/06/1999,162,21,13.8,0,14.58787879,0.72,360,1.3,0
4258,12/06/1999,162,22,14.6,0,14.55454545,0.75,360,1.3,0
4259,12/06/1999,162,23,14.4,0,14.54242424,0.78,360,1.3,0
4260,12/06/1999,162,24,13.1,0,14.57575758,0.93,360,2.3,0
4261,13/06/1999,163,1,13.1,0,14.63636364,0.95,360,2.3,0
4262,13/06/1999,163,2,13.2,0,14.75454545,0.96,360,2.3,0
4263,13/06/1999,163,3,13.1,0,14.92727273,0.97,360,2.3,0
4264,13/06/1999,163,4,12.9,0,15.11818182,0.97,360,2.3,0
4265,13/06/1999,163,5,12.6,0,15.2969697,0.96,360,2.3,0
4266,13/06/1999,163,6,11.7,67.33333333,15.43636364,0.96,360,2.3,0
4267,13/06/1999,163,7,12.3,224.4444444,15.57878788,0.92,360,2.3,0
4268,13/06/1999,163,8,13,325.4444444,15.67575758,0.87,360,2.3,0
4269,13/06/1999,163,9,13.7,482.5555556,15.73636364,0.82,360,2.3,0
4270,13/06/1999,163,10,15.6,909,15.76969697,0.76,360,2.3,0
4271,13/06/1999,163,11,15.8,1245.666667,15.67575758,0.68,360,2.3,0
4272,13/06/1999,163,12,16.1,583.5555556,15.53333333,0.69,360,2.3,0
4273,13/06/1999,163,13,14.4,493.7777778,15.39090909,0.85,360,2.3,0
4274,13/06/1999,163,14,14.5,1032.444444,15.18787879,0.83,360,2.3,0
4275,13/06/1999,163,15,15.8,1245.666667,14.96060606,0.75,360,2.3,0
4276,13/06/1999,163,16,16.1,1391.555556,14.71212121,0.72,360,2.3,0
4277,13/06/1999,163,17,16.9,998.7777778,14.48181818,0.65,360,2.3,0
4278,13/06/1999,163,18,14.3,359.1111111,14.25454545,0.84,360,2.3,0
4279,13/06/1999,163,19,13.8,157.1111111,13.94545455,0.81,360,2.3,0
4280,13/06/1999,163,20,13.3,44.88888889,13.64545455,0.83,360,2.3,0
4281,13/06/1999,163,21,12.5,0,13.44848485,0.87,360,2.3,0
4282,13/06/1999,163,22,11.7,0,13.30606061,0.91,360,2.3,0
4283,13/06/1999,163,23,11.9,0,13.24848485,0.93,360,2.3,0
4284,13/06/1999,163,24,12.2,0,13.22121212,0.93,360,2.8,0
4285,14/06/1999,164,1,12.3,0,13.24545455,0.92,360,2.8,0
4286,14/06/1999,164,2,10.5,0,13.34242424,0.93,360,2.8,0
4287,14/06/1999,164,3,9.8,0,13.48484848,0.95,360,2.8,0
4288,14/06/1999,164,4,9.7,0,13.67272727,0.96,360,2.8,0
4289,14/06/1999,164,5,10.4,67.33333333,13.89090909,0.97,360,2.8,0
4290,14/06/1999,164,6,11.9,246.8888889,14.15757576,0.95,360,2.8,0
4291,14/06/1999,164,7,13.7,493.7777778,14.41212121,0.87,360,2.8,0
4292,14/06/1999,164,8,15.2,707,14.70909091,0.82,360,2.8,0
4293,14/06/1999,164,9,16.3,774.3333333,14.99393939,0.8,360,2.8,0
4294,14/06/1999,164,10,17.8,1010,15.23030303,0.7,360,2.8,0
4295,14/06/1999,164,11,19.4,1223.222222,15.43030303,0.67,360,2.8,0
4296,14/06/1999,164,12,20.3,1290.555556,15.54848485,0.64,360,2.8,0
4297,14/06/1999,164,13,21.7,1616,15.6,0.6,360,2.8,0
4298,14/06/1999,164,14,21,1200.777778,15.5969697,0.61,360,2.8,0
4299,14/06/1999,164,15,21.5,1301.777778,15.62121212,0.6,360,2.8,0
4300,14/06/1999,164,16,21.7,998.7777778,15.61818182,0.57,360,2.8,0
4301,14/06/1999,164,17,20.8,886.5555556,15.50606061,0.61,360,2.8,0
4302,14/06/1999,164,18,20.3,516.2222222,15.36060606,0.63,360,2.8,0
4303,14/06/1999,164,19,19.5,202,15.15454545,0.64,360,2.8,0
4304,14/06/1999,164,20,17.5,22.44444444,15.01515152,0.67,360,2.8,0
4305,14/06/1999,164,21,16,0,14.9030303,0.72,360,2.8,0
4306,14/06/1999,164,22,15.2,0,14.82727273,0.69,360,2.8,0
4307,14/06/1999,164,23,14.4,0,14.82424242,0.71,360,2.8,0
4308,14/06/1999,164,24,12.1,0,14.92727273,0.82,360,1.9,0
4309,15/06/1999,165,1,11.3,0,15.10606061,0.86,360,1.9,0
4310,15/06/1999,165,2,10.1,0,15.33030303,0.87,360,1.9,0
4311,15/06/1999,165,3,9.7,0,15.58484848,0.9,360,1.9,0
4312,15/06/1999,165,4,10.1,0,15.93030303,0.92,360,1.9,0
4313,15/06/1999,165,5,10.8,78.55555556,16.32727273,0.86,360,1.9,0
4314,15/06/1999,165,6,12.4,291.7777778,16.71818182,0.86,360,1.9,0
4315,15/06/1999,165,7,15.1,594.7777778,17.12424242,0.66,360,1.9,0
4316,15/06/1999,165,8,17.8,942.6666667,17.4969697,0.62,360,1.9,0
4317,15/06/1999,165,9,19.6,1301.777778,17.79090909,0.6,360,1.9,0
4318,15/06/1999,165,10,20.7,1593.555556,18.01818182,0.59,360,1.9,0
4319,15/06/1999,165,11,21.9,1784.333333,18.2,0.54,360,1.9,0
4320,15/06/1999,165,12,22.9,1907.777778,18.29393939,0.52,360,1.9,0
4321,15/06/1999,165,13,22.6,1660.888889,18.25454545,0.54,360,1.9,0
4322,15/06/1999,165,14,23.8,1021.222222,18.16969697,0.49,360,1.9,0
4323,15/06/1999,165,15,24.2,1548.666667,18.02121212,0.49,360,1.9,0
4324,15/06/1999,165,16,23.4,1066.111111,17.87878788,0.52,360,1.9,0
4325,15/06/1999,165,17,22.7,875.3333333,17.7030303,0.5,360,1.9,0
4326,15/06/1999,165,18,22.3,415.2222222,17.46666667,0.54,360,1.9,0
4327,15/06/1999,165,19,20.9,280.5555556,17.24545455,0.59,360,1.9,0
4328,15/06/1999,165,20,18.1,44.88888889,17.01212121,0.68,360,1.9,0
4329,15/06/1999,165,21,17.5,0,16.81515152,0.7,360,1.9,0
4330,15/06/1999,165,22,16.8,0,16.72424242,0.68,360,1.9,0
4331,15/06/1999,165,23,16.3,0,16.71818182,0.73,360,1.9,0
4332,15/06/1999,165,24,15.7,0,16.79393939,0.76,360,1,0
4333,16/06/1999,166,1,13.9,0,16.97878788,0.84,360,1,0
4334,16/06/1999,166,2,13.5,0,17.28787879,0.85,360,1,0
4335,16/06/1999,166,3,12.6,0,17.64545455,0.92,360,1,0
4336,16/06/1999,166,4,13,0,18.05151515,0.93,360,1,0
4337,16/06/1999,166,5,14.5,78.55555556,18.51515152,0.88,360,1,0
4338,16/06/1999,166,6,15.8,303,18.93939394,0.83,360,1,0
4339,16/06/1999,166,7,17.7,617.2222222,19.36060606,0.75,360,1,0
4340,16/06/1999,166,8,20.5,965.1111111,19.71818182,0.66,360,1,0
4341,16/06/1999,166,9,22.3,1313,20.02424242,0.57,360,1,0
4342,16/06/1999,166,10,23.1,1582.333333,20.21818182,0.5,360,1,0
4343,16/06/1999,166,11,23.5,1784.333333,20.30909091,0.47,360,1,0
4344,16/06/1999,166,12,25,1806.777778,20.34545455,0.48,360,1,0
4345,16/06/1999,166,13,24.1,1481.333333,20.3030303,0.47,360,1,0
4346,16/06/1999,166,14,24.7,1806.777778,20.21818182,0.39,360,1,0
4347,16/06/1999,166,15,24.2,841.6666667,20.10606061,0.47,360,1,0
4348,16/06/1999,166,16,25.2,942.6666667,19.9,0.48,360,1,0
4349,16/06/1999,166,17,24.2,527.4444444,19.63939394,0.52,360,1,0
4350,16/06/1999,166,18,22.6,415.2222222,19.37575758,0.57,360,1,0
4351,16/06/1999,166,19,21.9,123.4444444,19.12424242,0.6,360,1,0
4352,16/06/1999,166,20,20.5,22.44444444,18.85151515,0.64,360,1,0
4353,16/06/1999,166,21,20.1,0,18.60606061,0.63,360,1,0
4354,16/06/1999,166,22,18.9,0,18.46363636,0.71,360,1,0
4355,16/06/1999,166,23,17,0,18.4,0.76,360,1,0
4356,16/06/1999,166,24,15.6,0,18.43636364,0.87,360,2.1,0
4357,17/06/1999,167,1,14.7,0,18.56969697,0.9,360,2.1,0
4358,17/06/1999,167,2,14.4,0,18.74848485,0.93,360,2.1,0
4359,17/06/1999,167,3,13.3,0,19.01818182,0.95,360,2.1,0
4360,17/06/1999,167,4,12.8,0,19.29090909,0.95,360,2.1,0
4361,17/06/1999,167,5,13.4,67.33333333,19.59393939,0.95,360,2.1,0
4362,17/06/1999,167,6,15.4,303,19.93333333,0.91,360,2.1,0
4363,17/06/1999,167,7,18,628.4444444,20.22727273,0.69,360,2.1,0
4364,17/06/1999,167,8,20.7,1010,20.47575758,0.6,360,2.1,0
4365,17/06/1999,167,9,21.6,1335.444444,20.61818182,0.55,360,2.1,0
4366,17/06/1999,167,10,22.8,1649.666667,20.68181818,0.46,360,2.1,0
4367,17/06/1999,167,11,22.5,1705.777778,20.65151515,0.49,360,2.1,0
4368,17/06/1999,167,12,22.6,1829.222222,20.53030303,0.49,360,2.1,0
4369,17/06/1999,167,13,24.2,1750.666667,20.32121212,0.44,360,2.1,0
4370,17/06/1999,167,14,24.2,1660.888889,20.02727273,0.46,360,2.1,0
4371,17/06/1999,167,15,24,1054.888889,19.72727273,0.47,360,2.1,0
4372,17/06/1999,167,16,22.4,628.4444444,19.38484848,0.52,360,2.1,0
4373,17/06/1999,167,17,22.6,808,19.06363636,0.51,360,2.1,0
4374,17/06/1999,167,18,21.3,628.4444444,18.67272727,0.47,360,2.1,0
4375,17/06/1999,167,19,19.1,291.7777778,18.35151515,0.49,360,2.1,0
4376,17/06/1999,167,20,16.6,44.88888889,18.08787879,0.62,360,2.1,0
4377,17/06/1999,167,21,15.3,0,17.83939394,0.73,360,2.1,0
4378,17/06/1999,167,22,14.2,0,17.61212121,0.81,360,2.1,0
4379,17/06/1999,167,23,13.4,0,17.41818182,0.85,360,2.1,0
4380,17/06/1999,167,24,13.6,0,17.28181818,0.87,360,2.3,0
4381,18/06/1999,168,1,12.3,0,17.24242424,0.9,360,2.3,0
4382,18/06/1999,168,2,13.6,0,17.26969697,0.9,360,2.3,0
4383,18/06/1999,168,3,13.9,0,17.35757576,0.92,360,2.3,0
4384,18/06/1999,168,4,13.7,0,17.47878788,0.9,360,2.3,0
4385,18/06/1999,168,5,13,78.55555556,17.63030303,0.88,360,2.3,0
4386,18/06/1999,168,6,13.7,325.4444444,17.82727273,0.83,360,2.3,0
4387,18/06/1999,168,7,14.4,662.1111111,18.02121212,0.75,360,2.3,0
4388,18/06/1999,168,8,15.7,1010,18.16969697,0.66,360,2.3,0
4389,18/06/1999,168,9,16.5,1369.111111,18.25454545,0.61,360,2.3,0
4390,18/06/1999,168,10,17.6,1616,18.24242424,0.58,360,2.3,0
4391,18/06/1999,168,11,18.4,1784.333333,18.18181818,0.52,360,2.3,0
4392,18/06/1999,168,12,18.3,1997.555556,18.04242424,0.51,360,2.3,0
4393,18/06/1999,168,13,19.3,1941.444444,17.81515152,0.51,360,2.3,0
4394,18/06/1999,168,14,19.8,1795.555556,17.55151515,0.49,360,2.3,0
4395,18/06/1999,168,15,20.3,1627.222222,17.2,0.46,360,2.3,0
4396,18/06/1999,168,16,20.8,1346.666667,16.85151515,0.46,360,2.3,0
4397,18/06/1999,168,17,20.3,987.5555556,16.46666667,0.44,360,2.3,0
4398,18/06/1999,168,18,19.6,628.4444444,16.15454545,0.41,360,2.3,0
4399,18/06/1999,168,19,18.2,303,15.76666667,0.49,360,2.3,0
4400,18/06/1999,168,20,15,44.88888889,15.41212121,0.61,360,2.3,0
4401,18/06/1999,168,21,13.9,0,15.0969697,0.66,360,2.3,0
4402,18/06/1999,168,22,12.6,0,14.92121212,0.73,360,2.3,0
4403,18/06/1999,168,23,12.7,0,14.84545455,0.74,360,2.3,0
4404,18/06/1999,168,24,11.3,0,14.85151515,0.75,360,1.2,0
4405,19/06/1999,169,1,12.1,0,14.94545455,0.75,360,1.2,0
4406,19/06/1999,169,2,9.8,0,15.08484848,0.84,360,1.2,0
4407,19/06/1999,169,3,9.6,0,15.3,0.86,360,1.2,0
4408,19/06/1999,169,4,8.7,11.22222222,15.49090909,0.89,360,1.2,0
4409,19/06/1999,169,5,10.8,89.77777778,15.7030303,0.85,360,1.2,0
4410,19/06/1999,169,6,12.8,359.1111111,15.94242424,0.83,360,1.2,0
4411,19/06/1999,169,7,14.4,695.7777778,16.23333333,0.72,360,1.2,0
4412,19/06/1999,169,8,16.5,1043.666667,16.52121212,0.61,360,1.2,0
4413,19/06/1999,169,9,18.2,1391.555556,16.8,0.54,360,1.2,0
4414,19/06/1999,169,10,19.4,1694.555556,17.03333333,0.39,360,1.2,0
4415,19/06/1999,169,11,19.9,1907.777778,17.21818182,0.37,360,1.2,0
4416,19/06/1999,169,12,20.9,2031.222222,17.32424242,0.31,360,1.2,0
4417,19/06/1999,169,13,21.6,2008.777778,17.34848485,0.29,360,1.2,0
4418,19/06/1999,169,14,22.6,1874.111111,17.32121212,0.34,360,1.2,0
4419,19/06/1999,169,15,23.2,1660.888889,17.23636364,0.35,360,1.2,0
4420,19/06/1999,169,16,23.6,1335.444444,17.0969697,0.34,360,1.2,0
4421,19/06/1999,169,17,23.4,998.7777778,16.87575758,0.36,360,1.2,0
4422,19/06/1999,169,18,22.6,617.2222222,16.61212121,0.39,360,1.2,0
4423,19/06/1999,169,19,21.1,235.6666667,16.37878788,0.51,360,1.2,0
4424,19/06/1999,169,20,19.2,33.66666667,16.16969697,0.54,360,1.2,0
4425,19/06/1999,169,21,17.4,0,15.99393939,0.63,360,1.2,0
4426,19/06/1999,169,22,16.5,0,15.93939394,0.74,360,1.2,0
4427,19/06/1999,169,23,15.2,0,15.93939394,0.74,360,1.2,0
4428,19/06/1999,169,24,13,0,16.0030303,0.81,360,3,0
4429,20/06/1999,170,1,12.1,0,16.08181818,0.88,360,3,0
4430,20/06/1999,170,2,12.6,0,16.21818182,0.89,360,3,0
4431,20/06/1999,170,3,12.7,0,16.35454545,0.91,360,3,0
4432,20/06/1999,170,4,12.4,0,16.56969697,0.9,360,3,0
4433,20/06/1999,170,5,13.2,33.66666667,16.83333333,0.85,360,3,0
4434,20/06/1999,170,6,13.9,112.2222222,17.12121212,0.79,360,3,0
4435,20/06/1999,170,7,14.7,202,17.33939394,0.75,360,3,0
4436,20/06/1999,170,8,15.3,258.1111111,17.45454545,0.72,360,3,0
4437,20/06/1999,170,9,15.8,303,17.55151515,0.72,360,3,0
4438,20/06/1999,170,10,16.6,370.3333333,17.57575758,0.71,360,3,0
4439,20/06/1999,170,11,16.9,471.3333333,17.53030303,0.71,360,3,0
4440,20/06/1999,170,12,18.3,729.4444444,17.43636364,0.67,360,3,0
4441,20/06/1999,170,13,18.2,639.6666667,17.26969697,0.65,360,3,0
4442,20/06/1999,170,14,18,505,17.02727273,0.65,360,3,0
4443,20/06/1999,170,15,16.6,482.5555556,16.75151515,0.78,360,3,0
4444,20/06/1999,170,16,17.6,392.7777778,16.4030303,0.82,360,3,0
4445,20/06/1999,170,17,17.3,325.4444444,16.0030303,0.85,360,3,0
4446,20/06/1999,170,18,16.7,213.2222222,15.56969697,0.85,360,3,0
4447,20/06/1999,170,19,16.3,168.3333333,15.10606061,0.7,360,3,0
4448,20/06/1999,170,20,14.4,22.44444444,14.66363636,0.68,360,3,0
4449,20/06/1999,170,21,12.9,0,14.3,0.65,360,3,0
4450,20/06/1999,170,22,12.5,0,14.00909091,0.7,360,3,0
4451,20/06/1999,170,23,11.1,0,13.83030303,0.76,360,3,0
4452,20/06/1999,170,24,10,0,13.73939394,0.79,360,2.9,0
4453,21/06/1999,171,1,9.3,0,13.72121212,0.84,360,2.9,0
4454,21/06/1999,171,2,8.1,0,13.80606061,0.88,360,2.9,0
4455,21/06/1999,171,3,8,0,13.88181818,0.9,360,2.9,0
4456,21/06/1999,171,4,9.1,11.22222222,13.93333333,0.91,360,2.9,0
4457,21/06/1999,171,5,9.6,78.55555556,13.9969697,0.91,360,2.9,0
4458,21/06/1999,171,6,11.5,359.1111111,14.06969697,0.85,360,2.9,0
4459,21/06/1999,171,7,13.5,695.7777778,14.13636364,0.69,360,2.9,0
4460,21/06/1999,171,8,14.6,864.1111111,14.2,0.61,360,2.9,0
4461,21/06/1999,171,9,15.8,1301.777778,14.24545455,0.5,360,2.9,0
4462,21/06/1999,171,10,14.6,673.3333333,14.26969697,0.57,360,2.9,0
4463,21/06/1999,171,11,14.3,695.7777778,14.27272727,0.56,360,2.9,0
4464,21/06/1999,171,12,14.8,897.7777778,14.21212121,0.52,360,2.9,0
4465,21/06/1999,171,13,14.8,965.1111111,14.07575758,0.48,360,2.9,0
4466,21/06/1999,171,14,15.4,1200.777778,13.84545455,0.48,360,2.9,0
4467,21/06/1999,171,15,16,1043.666667,13.56363636,0.45,360,2.9,0
4468,21/06/1999,171,16,16.2,1088.555556,13.30606061,0.43,360,2.9,0
4469,21/06/1999,171,17,16.1,875.3333333,13.01212121,0.41,360,2.9,0
4470,21/06/1999,171,18,15.9,549.8888889,12.68484848,0.46,360,2.9,0
4471,21/06/1999,171,19,14.6,291.7777778,12.36969697,0.48,360,2.9,0
4472,21/06/1999,171,20,12.4,56.11111111,12.04242424,0.56,360,2.9,0
4473,21/06/1999,171,21,10.7,0,11.72727273,0.65,360,2.9,0
4474,21/06/1999,171,22,8.9,0,11.5030303,0.71,360,2.9,0
4475,21/06/1999,171,23,9.5,0,11.38484848,0.74,360,2.9,0
4476,21/06/1999,171,24,6.9,0,11.36666667,0.83,360,1.1,0
4477,22/06/1999,172,1,6.8,0,11.47575758,0.86,360,1.1,0
4478,22/06/1999,172,2,6.9,0,11.65757576,0.87,360,1.1,0
4479,22/06/1999,172,3,5.9,0,11.85151515,0.9,360,1.1,0
4480,22/06/1999,172,4,5.9,11.22222222,12.12424242,0.92,360,1.1,0
4481,22/06/1999,172,5,7,89.77777778,12.40909091,0.93,360,1.1,0
4482,22/06/1999,172,6,9,370.3333333,12.66666667,0.9,360,1.1,0
4483,22/06/1999,172,7,11.9,673.3333333,12.8969697,0.77,360,1.1,0
4484,22/06/1999,172,8,14.7,1032.444444,13.09090909,0.66,360,1.1,0
4485,22/06/1999,172,9,16,1335.444444,13.23333333,0.54,360,1.1,0
4486,22/06/1999,172,10,15.7,1133.444444,13.33636364,0.5,360,1.1,0
4487,22/06/1999,172,11,17.1,1537.444444,13.40606061,0.42,360,1.1,0
4488,22/06/1999,172,12,17.4,1167.111111,13.48181818,0.41,360,1.1,0
4489,22/06/1999,172,13,17.6,1930.222222,13.52121212,0.42,360,1.1,0
4490,22/06/1999,172,14,17.2,740.6666667,13.43030303,0.41,360,1.1,0
4491,22/06/1999,172,15,17.9,606,13.28484848,0.42,360,1.1,0
4492,22/06/1999,172,16,18.2,841.6666667,13.11818182,0.39,360,1.1,0
4493,22/06/1999,172,17,18,695.7777778,12.91818182,0.42,360,1.1,0
4494,22/06/1999,172,18,18.1,617.2222222,12.73636364,0.44,360,1.1,0
4495,22/06/1999,172,19,17.1,269.3333333,12.5030303,0.48,360,1.1,0
4496,22/06/1999,172,20,15.6,44.88888889,12.26666667,0.51,360,1.1,0
4497,22/06/1999,172,21,11.8,0,12.04848485,0.7,360,1.1,0
4498,22/06/1999,172,22,10,0,11.96363636,0.7,360,1.1,0
4499,22/06/1999,172,23,9.9,0,11.99393939,0.74,360,1.1,0
4500,22/06/1999,172,24,9.4,0,12.23636364,0.72,360,1.2,0
4501,23/06/1999,173,1,10.2,0,12.50909091,0.68,360,1.2,0
4502,23/06/1999,173,2,8.4,0,12.86060606,0.8,360,1.2,0
4503,23/06/1999,173,3,8.1,0,13.20909091,0.86,360,1.2,0
4504,23/06/1999,173,4,7.4,0,13.6030303,0.9,360,1.2,0
4505,23/06/1999,173,5,9.6,78.55555556,14.03333333,0.88,360,1.2,0
4506,23/06/1999,173,6,11.7,325.4444444,14.51515152,0.79,360,1.2,0
4507,23/06/1999,173,7,16.9,650.8888889,14.93636364,0.66,360,1.2,0
4508,23/06/1999,173,8,18.5,976.3333333,15.28181818,0.5,360,1.2,0
4509,23/06/1999,173,9,18.5,1391.555556,15.54545455,0.45,360,1.2,0
4510,23/06/1999,173,10,18.3,1212,15.7030303,0.48,360,1.2,0
4511,23/06/1999,173,11,19.9,1919,15.81212121,0.39,360,1.2,0
4512,23/06/1999,173,12,20.1,1380.333333,15.88484848,0.39,360,1.2,0
4513,23/06/1999,173,13,21.8,1975.111111,15.82727273,0.4,360,1.2,0
4514,23/06/1999,173,14,20.9,1728.222222,15.71212121,0.36,360,1.2,0
4515,23/06/1999,173,15,20.4,1301.777778,15.57575758,0.4,360,1.2,0
4516,23/06/1999,173,16,20.6,572.3333333,15.43030303,0.39,360,1.2,0
4517,23/06/1999,173,17,19.9,426.4444444,15.28484848,0.44,360,1.2,0
4518,23/06/1999,173,18,19.6,448.8888889,15.11818182,0.45,360,1.2,0
4519,23/06/1999,173,19,18.1,269.3333333,14.92121212,0.49,360,1.2,0
4520,23/06/1999,173,20,15.2,44.88888889,14.67878788,0.6,360,1.2,0
4521,23/06/1999,173,21,13.6,0,14.45454545,0.65,360,1.2,0
4522,23/06/1999,173,22,13.1,0,14.30909091,0.68,360,1.2,0
4523,23/06/1999,173,23,12.4,0,14.39393939,0.68,360,1.2,0
4524,23/06/1999,173,24,13.1,0,14.60909091,0.72,360,2,0
4525,24/06/1999,174,1,12.7,0,14.88181818,0.7,360,2,0
4526,24/06/1999,174,2,11.5,0,15.20606061,0.8,360,2,0
4527,24/06/1999,174,3,10.1,0,15.54545455,0.82,360,2,0
4528,24/06/1999,174,4,9.7,0,15.95151515,0.86,360,2,0
4529,24/06/1999,174,5,10.8,89.77777778,16.38787879,0.83,360,2,0
4530,24/06/1999,174,6,14.6,325.4444444,16.86060606,0.76,360,2,0
4531,24/06/1999,174,7,17.1,650.8888889,17.28181818,0.66,360,2,0
4532,24/06/1999,174,8,18.9,1032.444444,17.63030303,0.55,360,2,0
4533,24/06/1999,174,9,20.1,1369.111111,17.82121212,0.51,360,2,0
4534,24/06/1999,174,10,21.4,1638.444444,17.95757576,0.44,360,2,0
4535,24/06/1999,174,11,21.8,1874.111111,18.07272727,0.4,360,2,0
4536,24/06/1999,174,12,22.5,1986.333333,18.12121212,0.4,360,2,0
4537,24/06/1999,174,13,23,1975.111111,18.03939394,0.4,360,2,0
4538,24/06/1999,174,14,23.5,1829.222222,17.91212121,0.4,360,2,0
4539,24/06/1999,174,15,23.2,1593.555556,17.7030303,0.38,360,2,0
4540,24/06/1999,174,16,23.2,1301.777778,17.51818182,0.38,360,2,0
4541,24/06/1999,174,17,23,965.1111111,17.33636364,0.4,360,2,0
4542,24/06/1999,174,18,22.3,617.2222222,17.11212121,0.41,360,2,0
4543,24/06/1999,174,19,19.9,280.5555556,16.88484848,0.5,360,2,0
4544,24/06/1999,174,20,17.2,56.11111111,16.65757576,0.57,360,2,0
4545,24/06/1999,174,21,15.9,0,16.42727273,0.63,360,2,0
4546,24/06/1999,174,22,14.9,0,16.32121212,0.68,360,2,0
4547,24/06/1999,174,23,14.8,0,16.31818182,0.68,360,2,0
4548,24/06/1999,174,24,14.4,0,16.4,0.68,360,1.8,0
4549,25/06/1999,175,1,13.2,0,16.56969697,0.74,360,1.8,0
4550,25/06/1999,175,2,12.4,0,16.79393939,0.79,360,1.8,0
4551,25/06/1999,175,3,12.1,0,17.06363636,0.82,360,1.8,0
4552,25/06/1999,175,4,10.5,0,17.41212121,0.87,360,1.8,0
4553,25/06/1999,175,5,11.7,78.55555556,17.82121212,0.86,360,1.8,0
4554,25/06/1999,175,6,13.5,314.2222222,18.26666667,0.81,360,1.8,0
4555,25/06/1999,175,7,15.8,639.6666667,18.71818182,0.67,360,1.8,0
4556,25/06/1999,175,8,18,1010,19.04242424,0.62,360,1.8,0
4557,25/06/1999,175,9,20.5,1346.666667,19.29090909,0.55,360,1.8,0
4558,25/06/1999,175,10,21.6,1660.888889,19.46969697,0.45,360,1.8,0
4559,25/06/1999,175,11,23,1874.111111,19.58181818,0.41,360,1.8,0
4560,25/06/1999,175,12,23.6,1963.888889,19.58484848,0.39,360,1.8,0
4561,25/06/1999,175,13,24.4,1930.222222,19.47878788,0.36,360,1.8,0
4562,25/06/1999,175,14,25.7,1818,19.32424242,0.38,360,1.8,0
4563,25/06/1999,175,15,25.3,1571.111111,19.10606061,0.35,360,1.8,0
4564,25/06/1999,175,16,25.3,1279.333333,18.84242424,0.37,360,1.8,0
4565,25/06/1999,175,17,24.8,920.2222222,18.58787879,0.38,360,1.8,0
4566,25/06/1999,175,18,23.8,583.5555556,18.31212121,0.4,360,1.8,0
4567,25/06/1999,175,19,21.5,269.3333333,18.01818182,0.48,360,1.8,0
4568,25/06/1999,175,20,18.3,44.88888889,17.73939394,0.58,360,1.8,0
4569,25/06/1999,175,21,17.4,0,17.53030303,0.6,360,1.8,0
4570,25/06/1999,175,22,15.8,0,17.45757576,0.68,360,1.8,0
4571,25/06/1999,175,23,14.8,0,17.43333333,0.74,360,1.8,0
4572,25/06/1999,175,24,14.8,0,17.43030303,0.74,360,2.6,0
4573,26/06/1999,176,1,14.1,0,17.47272727,0.75,360,2.6,0
4574,26/06/1999,176,2,13.3,0,17.6,0.78,360,2.6,0
4575,26/06/1999,176,3,13.1,0,17.84848485,0.78,360,2.6,0
4576,26/06/1999,176,4,13,11.22222222,18.2030303,0.79,360,2.6,0
4577,26/06/1999,176,5,14.8,112.2222222,18.55757576,0.79,360,2.6,0
4578,26/06/1999,176,6,15.1,168.3333333,18.95757576,0.79,360,2.6,0
4579,26/06/1999,176,7,14.8,78.55555556,19.2969697,0.78,360,2.6,0
4580,26/06/1999,176,8,16.2,179.5555556,19.57878788,0.8,360,2.6,0
4581,26/06/1999,176,9,18.6,751.8888889,19.76969697,0.67,360,2.6,0
4582,26/06/1999,176,10,21.4,942.6666667,19.87878788,0.62,360,2.6,0
4583,26/06/1999,176,11,24.1,1773.111111,19.9,0.57,360,2.6,0
4584,26/06/1999,176,12,23.8,1919,19.85757576,0.58,360,2.6,0
4585,26/06/1999,176,13,23.7,1324.222222,19.74848485,0.61,360,2.6,0
4586,26/06/1999,176,14,22.9,953.8888889,19.5969697,0.62,360,2.6,0
4587,26/06/1999,176,15,22.8,1032.444444,19.40909091,0.6,360,2.6,0
4588,26/06/1999,176,16,22.1,606,19.15454545,0.68,360,2.6,0
4589,26/06/1999,176,17,21.6,359.1111111,18.90909091,0.7,360,2.6,0
4590,26/06/1999,176,18,21.2,370.3333333,18.64242424,0.61,360,2.6,0
4591,26/06/1999,176,19,20.2,157.1111111,18.38484848,0.66,360,2.6,0
4592,26/06/1999,176,20,19.4,44.88888889,18.14545455,0.69,360,2.6,0
4593,26/06/1999,176,21,18.6,0,17.96666667,0.68,360,2.6,0
4594,26/06/1999,176,22,18.2,0,17.88181818,0.66,360,2.6,0
4595,26/06/1999,176,23,17.3,0,17.83030303,0.7,360,2.6,0
4596,26/06/1999,176,24,17.2,0,17.84545455,0.7,360,3.8,0
4597,27/06/1999,177,1,16.5,0,17.89090909,0.74,360,3.8,0
4598,27/06/1999,177,2,16.3,0,17.94242424,0.76,360,3.8,0
4599,27/06/1999,177,3,15.9,0,18.06969697,0.78,360,3.8,0
4600,27/06/1999,177,4,15.6,0,18.24242424,0.8,360,3.8,0
4601,27/06/1999,177,5,15.5,22.44444444,18.36060606,0.8,360,3.8,0
4602,27/06/1999,177,6,15.7,78.55555556,18.50909091,0.81,360,3.8,0
4603,27/06/1999,177,7,16.3,224.4444444,18.6030303,0.79,360,3.8,0
4604,27/06/1999,177,8,16.3,168.3333333,18.67272727,0.8,360,3.8,0
4605,27/06/1999,177,9,16.5,370.3333333,18.79393939,0.8,360,3.8,0
4606,27/06/1999,177,10,18.3,920.2222222,18.89393939,0.64,360,3.8,0
4607,27/06/1999,177,11,19,1200.777778,18.85151515,0.6,360,3.8,0
4608,27/06/1999,177,12,17,505,18.71212121,0.77,360,3.8,0
4609,27/06/1999,177,13,17.9,695.7777778,18.43939394,0.76,360,3.8,0
4610,27/06/1999,177,14,17.9,718.2222222,18.15151515,0.79,360,3.8,0
4611,27/06/1999,177,15,17.4,516.2222222,17.84545455,0.69,360,3.8,0
4612,27/06/1999,177,16,18.8,886.5555556,17.54545455,0.58,360,3.8,0
4613,27/06/1999,177,17,19.5,819.2222222,17.23030303,0.47,360,3.8,0
4614,27/06/1999,177,18,17.2,291.7777778,16.93636364,0.52,360,3.8,0
4615,27/06/1999,177,19,16.8,112.2222222,16.63333333,0.54,360,3.8,0
4616,27/06/1999,177,20,15.1,11.22222222,16.31515152,0.58,360,3.8,0
4617,27/06/1999,177,21,14.3,0,16.01818182,0.61,360,3.8,0
4618,27/06/1999,177,22,13.6,0,15.75151515,0.68,360,3.8,0
4619,27/06/1999,177,23,13,0,15.55757576,0.72,360,3.8,0
4620,27/06/1999,177,24,12.4,0,15.40909091,0.77,360,3.8,0
4621,28/06/1999,178,1,12.4,0,15.32727273,0.75,360,3.8,0
4622,28/06/1999,178,2,11.6,0,15.27575758,0.77,360,3.8,0
4623,28/06/1999,178,3,10.7,0,15.28181818,0.83,360,3.8,0
4624,28/06/1999,178,4,10.4,0,15.27878788,0.85,360,3.8,0
4625,28/06/1999,178,5,10.6,56.11111111,15.33636364,0.85,360,3.8,0
4626,28/06/1999,178,6,12.2,336.6666667,15.40909091,0.78,360,3.8,0
4627,28/06/1999,178,7,13.3,617.2222222,15.53636364,0.7,360,3.8,0
4628,28/06/1999,178,8,14.6,695.7777778,15.64242424,0.67,360,3.8,0
4629,28/06/1999,178,9,15.5,953.8888889,15.71212121,0.59,360,3.8,0
4630,28/06/1999,178,10,16.7,841.6666667,15.80606061,0.54,360,3.8,0
4631,28/06/1999,178,11,16.2,819.2222222,15.86969697,0.53,360,3.8,0
4632,28/06/1999,178,12,17.8,763.1111111,15.86363636,0.5,360,3.8,0
4633,28/06/1999,178,13,18,808,15.82727273,0.5,360,3.8,0
4634,28/06/1999,178,14,19.7,628.4444444,15.82727273,0.5,360,3.8,0
4635,28/06/1999,178,15,19.2,942.6666667,15.79393939,0.47,360,3.8,0
4636,28/06/1999,178,16,18.6,404,15.74545455,0.52,360,3.8,0
4637,28/06/1999,178,17,19.4,460.1111111,15.68484848,0.5,360,3.8,0
4638,28/06/1999,178,18,18.6,347.8888889,15.57272727,0.54,360,3.8,0
4639,28/06/1999,178,19,18.1,145.8888889,15.44242424,0.57,360,3.8,0
4640,28/06/1999,178,20,17.8,33.66666667,15.36666667,0.6,360,3.8,0
4641,28/06/1999,178,21,17,0,15.2969697,0.64,360,3.8,0
4642,28/06/1999,178,22,16.8,0,15.27878788,0.67,360,3.8,0
4643,28/06/1999,178,23,16.3,0,15.3030303,0.69,360,3.8,0
4644,28/06/1999,178,24,15.4,0,15.38787879,0.78,360,3.9,0
4645,29/06/1999,179,1,15.1,0,15.4969697,0.76,360,3.9,0
4646,29/06/1999,179,2,15.2,0,15.65151515,0.76,360,3.9,0
4647,29/06/1999,179,3,14.7,0,15.84848485,0.8,360,3.9,0
4648,29/06/1999,179,4,14.5,0,16.0969697,0.81,360,3.9,0
4649,29/06/1999,179,5,14.5,11.22222222,16.37878788,0.82,360,3.9,0
4650,29/06/1999,179,6,15.1,123.4444444,16.66969697,0.81,360,3.9,0
4651,29/06/1999,179,7,16.4,426.4444444,16.94545455,0.74,360,3.9,0
4652,29/06/1999,179,8,16.6,527.4444444,17.23939394,0.77,360,3.9,0
4653,29/06/1999,179,9,17.5,617.2222222,17.42121212,0.73,360,3.9,0
4654,29/06/1999,179,10,18.9,673.3333333,17.61818182,0.68,360,3.9,0
4655,29/06/1999,179,11,19.8,976.3333333,17.77878788,0.65,360,3.9,0
4656,29/06/1999,179,12,20,909,17.86969697,0.66,360,3.9,0
4657,29/06/1999,179,13,20,617.2222222,17.93636364,0.67,360,3.9,0
4658,29/06/1999,179,14,19.7,460.1111111,17.93636364,0.69,360,3.9,0
4659,29/06/1999,179,15,21.9,1133.444444,17.91515152,0.59,360,3.9,0
4660,29/06/1999,179,16,19.3,482.5555556,17.84242424,0.84,360,3.9,0
4661,29/06/1999,179,17,21.1,751.8888889,17.77575758,0.75,360,3.9,0
4662,29/06/1999,179,18,20.8,583.5555556,17.70909091,0.72,360,3.9,0
4663,29/06/1999,179,19,19.7,303,17.58484848,0.74,360,3.9,0
4664,29/06/1999,179,20,18.4,56.11111111,17.49393939,0.78,360,3.9,0
4665,29/06/1999,179,21,17.8,0,17.41818182,0.82,360,3.9,0
4666,29/06/1999,179,22,17.3,0,17.35454545,0.86,360,3.9,0
4667,29/06/1999,179,23,17.3,0,17.30606061,0.84,360,3.9,0
4668,29/06/1999,179,24,17,0,17.26666667,0.85,360,2.4,0
4669,30/06/1999,180,1,16.4,0,17.24242424,0.83,360,2.4,0
4670,30/06/1999,180,2,15.3,0,17.30909091,0.91,360,2.4,0
4671,30/06/1999,180,3,15.6,0,17.39393939,0.91,360,2.4,0
4672,30/06/1999,180,4,15.6,0,17.48484848,0.9,360,2.4,0
4673,30/06/1999,180,5,15.7,22.44444444,17.61212121,0.9,360,2.4,0
4674,30/06/1999,180,6,15.4,67.33333333,17.74848485,0.92,360,2.4,0
4675,30/06/1999,180,7,15.5,145.8888889,17.88181818,0.93,360,2.4,0
4676,30/06/1999,180,8,15.5,347.8888889,18.02121212,0.88,360,2.4,0
4677,30/06/1999,180,9,17.6,1043.666667,18.11212121,0.68,360,2.4,0
4678,30/06/1999,180,10,17.9,1054.888889,18.19090909,0.67,360,2.4,0
4679,30/06/1999,180,11,18.2,1077.333333,18.23939394,0.59,360,2.4,0
4680,30/06/1999,180,12,18.9,875.3333333,18.20606061,0.58,360,2.4,0
4681,30/06/1999,180,13,19,1178.333333,18.12727273,0.5,360,2.4,0
4682,30/06/1999,180,14,18.9,897.7777778,17.98787879,0.5,360,2.4,0
4683,30/06/1999,180,15,19.7,942.6666667,17.7969697,0.5,360,2.4,0
4684,30/06/1999,180,16,19.4,1021.222222,17.56363636,0.49,360,2.4,0
4685,30/06/1999,180,17,19.2,695.7777778,17.26969697,0.51,360,2.4,0
4686,30/06/1999,180,18,19.1,404,17.03030303,0.52,360,2.4,0
4687,30/06/1999,180,19,17.8,123.4444444,16.71515152,0.58,360,2.4,0
4688,30/06/1999,180,20,17.2,33.66666667,16.41212121,0.63,360,2.4,0
4689,30/06/1999,180,21,15.4,0,16.13030303,0.67,360,2.4,0
4690,30/06/1999,180,22,13.7,0,15.93030303,0.75,360,2.4,0
4691,30/06/1999,180,23,12,0,15.82424242,0.8,360,2.4,0
4692,30/06/1999,180,24,12.2,0,15.77878788,0.85,360,1.7,0
4693,01/07/1999,181,1,11.4,0,15.76666667,0.87,360,1.7,0
4694,01/07/1999,181,2,10.7,0,15.8,0.89,360,1.7,0
4695,01/07/1999,181,3,10.8,0,15.86666667,0.93,360,1.7,0
4696,01/07/1999,181,4,10.4,0,15.97878788,0.93,360,1.7,0
4697,01/07/1999,181,5,11.8,44.88888889,16.13333333,0.93,360,1.7,0
4698,01/07/1999,181,6,14.3,213.2222222,16.31818182,0.92,360,1.7,0
4699,01/07/1999,181,7,15.8,572.3333333,16.49090909,0.65,360,1.7,0
4700,01/07/1999,181,8,16.9,538.6666667,16.66363636,0.65,360,1.7,0
4701,01/07/1999,181,9,18.1,808,16.83333333,0.62,360,1.7,0
4702,01/07/1999,181,10,18.6,695.7777778,17.04242424,0.62,360,1.7,0
4703,01/07/1999,181,11,19,852.8888889,17.18181818,0.6,360,1.7,0
4704,01/07/1999,181,12,20.7,1548.666667,17.28181818,0.59,360,1.7,0
4705,01/07/1999,181,13,21.7,1313,17.31212121,0.57,360,1.7,0
4706,01/07/1999,181,14,21.4,886.5555556,17.27575758,0.6,360,1.7,0
4707,01/07/1999,181,15,21.1,538.6666667,17.15757576,0.62,360,1.7,0
4708,01/07/1999,181,16,21.1,516.2222222,17.03636364,0.62,360,1.7,0
4709,01/07/1999,181,17,22.4,684.5555556,16.88484848,0.57,360,1.7,0
4710,01/07/1999,181,18,22.2,639.6666667,16.80625,0.54,360,1.7,0
4711,01/07/1999,181,19,21.2,303,16.72903226,0.58,360,1.7,0
4712,01/07/1999,181,20,19.2,44.88888889,16.65,0.66,360,1.7,0
4713,01/07/1999,181,21,17.7,0,16.61034483,0.73,360,1.7,0
4714,01/07/1999,181,22,15.1,0,16.58928571,0.81,360,1.7,0
4715,01/07/1999,181,23,14.9,0,16.63333333,0.86,360,1.7,0
4716,01/07/1999,181,24,14.7,0,16.74615385,0.88,360,2.2,0
